const unsigned char videoData[22589] = {
    0x7C, 0x1F, 0x07, 0xC1, 0xF0, 0x7C, 0x1F, 0x07, 0xC1, 0xF0, 0x7C, 0x1F,
    0x07, 0xC1, 0xF0, 0x7C, 0x1F, 0x07, 0xC1, 0xF0, 0x7C, 0x1F, 0x07, 0xC0,
    0xB7, 0xC1, 0xF0, 0x7C, 0x1F, 0x07, 0xC1, 0xF0, 0x7C, 0x1F, 0x07, 0xC1,
    0xF0, 0x7C, 0x1F, 0x07, 0xC1, 0xF0, 0x7C, 0x1F, 0x07, 0xC1, 0xF0, 0x7C,
    0x0B, 0x7C, 0x1F, 0x07, 0xC1, 0xF0, 0x7C, 0x1F, 0x07, 0xC1, 0xF0, 0x7C,
    0x1F, 0x07, 0xC1, 0xF0, 0x7C, 0x1F, 0x07, 0xC1, 0xF0, 0x7C, 0x1F, 0x07,
    0xC0, 0xB7, 0xC1, 0xF0, 0x7C, 0x1F, 0x07, 0xC1, 0xF0, 0x7C, 0x1F, 0x07,
    0xC1, 0xF0, 0x7C, 0x1F, 0x07, 0xC1, 0xF0, 0x7C, 0x1F, 0x07, 0xC1, 0xF0,
    0x7C, 0x0B, 0x7C, 0x1F, 0x07, 0xC1, 0xF0, 0x7C, 0x1F, 0x07, 0xC1, 0xF0,
    0x7C, 0x1F, 0x07, 0xC1, 0xF0, 0x7C, 0x1F, 0x07, 0xC1, 0xF0, 0x7C, 0x1F,
    0x07, 0xC0, 0xB6, 0x0D, 0x83, 0x60, 0xD8, 0x36, 0x0D, 0x83, 0x64, 0xB9,
    0x2E, 0x0D, 0x73, 0xE0, 0xD8, 0x36, 0x0D, 0x83, 0x60, 0xD8, 0x36, 0x0D,
    0x83, 0x64, 0xB9, 0x2C, 0x54, 0x4D, 0x53, 0x44, 0xD5, 0x23, 0x0C, 0x52,
    0x21, 0x41, 0x42, 0x14, 0x90, 0x11, 0xC9, 0x01, 0x15, 0x13, 0x64, 0x60,
    0xB9, 0x26, 0xC7, 0xB1, 0xEC, 0x7B, 0x1E, 0xC7, 0xB1, 0xFC, 0x1D, 0xA5,
    0xF0, 0x74, 0x1D, 0x07, 0x3C, 0x41, 0x63, 0xC2, 0x26, 0x3C, 0x22, 0x64,
    0x97, 0x35, 0xC9, 0xCF, 0x83, 0x64, 0xC9, 0x32, 0x4B, 0x9A, 0xA8, 0xAB,
    0x9A, 0xE7, 0xB9, 0xA6, 0x12, 0xD8, 0xC9, 0x32, 0x6A, 0xA2, 0xAA, 0x9A,
    0xAA, 0x8A, 0xA2, 0x6A, 0x9A, 0x2A, 0x6D, 0x8B, 0x62, 0xD7, 0xBD, 0xF0,
    0x74, 0x1D, 0x07, 0x41, 0xB1, 0x6B, 0x02, 0x42, 0x56, 0xAA, 0x2A, 0x6A,
    0xAA, 0x2C, 0x8B, 0x22, 0xE4, 0x08, 0xAE, 0x40, 0x8A, 0xC8, 0xAA, 0x68,
    0xB9, 0xB2, 0x4C, 0x8B, 0xA0, 0x90, 0x8A, 0x2A, 0x08, 0xE0, 0xA0, 0x8C,
    0x21, 0x72, 0x82, 0x30, 0x85, 0xAB, 0x09, 0x58, 0xC1, 0x10, 0xF4, 0x2E,
    0x89, 0xAA, 0x2E, 0x7B, 0x9B, 0x06, 0xC1, 0xEE, 0x7B, 0x1E, 0xC9, 0xAA,
    0x6A, 0xA9, 0x88, 0x28, 0x98, 0x82, 0x99, 0x08, 0x29, 0x90, 0x82, 0x98,
    0x8C, 0x2A, 0x80, 0xC2, 0xA7, 0x90, 0x2A, 0x7B, 0xD5, 0x52, 0x6A, 0x8B,
    0x9B, 0x07, 0xB9, 0xB0, 0x5C, 0x1B, 0x26, 0xC1, 0xEC, 0x8B, 0x04, 0x26,
    0xA8, 0x82, 0x7A, 0x08, 0x46, 0xA0, 0x84, 0x6A, 0x08, 0x47, 0x98, 0x84,
    0x79, 0x0C, 0x47, 0x90, 0xC2, 0x89, 0x08, 0x48, 0x90, 0x84, 0x85, 0x62,
    0x2B, 0x22, 0xE6, 0xC9, 0x72, 0x5C, 0x97, 0x44, 0xC9, 0x72, 0x5C, 0x9A,
    0xE7, 0xBA, 0x2C, 0x60, 0x86, 0xC6, 0x08, 0xAA, 0x9A, 0x2E, 0x6B, 0x9A,
    0xE8, 0xAA, 0x29, 0x1F, 0x81, 0x81, 0x20, 0xAE, 0x7C, 0x17, 0x25, 0xD1,
    0x32, 0x5D, 0x13, 0x44, 0xC9, 0xAE, 0x7B, 0x9E, 0xC8, 0xB2, 0x68, 0x71,
    0x06, 0x87, 0x10, 0xA6, 0xBA, 0x2A, 0x8A, 0xA9, 0xD5, 0xF8, 0x16, 0x2E,
    0x1F, 0x05, 0xC9, 0x72, 0x4D, 0x13, 0x43, 0xD1, 0xB0, 0x6B, 0x94, 0x41,
    0xB1, 0x44, 0x1B, 0x14, 0x41, 0xA9, 0x84, 0x1A, 0x98, 0x41, 0xA9, 0x84,
    0x2A, 0x1C, 0x22, 0xA1, 0xC4, 0x1A, 0x22, 0xC8, 0x67, 0xE0, 0x50, 0xB8,
    0x7C, 0x17, 0x24, 0xD1, 0x34, 0x4D, 0x13, 0x25, 0xC9, 0xAE, 0x10, 0x96,
    0xE1, 0x09, 0xAC, 0x10, 0x9A, 0xC1, 0x09, 0xAA, 0x20, 0x9A, 0xA9, 0xAA,
    0x6A, 0x9A, 0xA6, 0xC7, 0x6F, 0xE0, 0xF8, 0x12, 0x6C, 0x93, 0x44, 0xD1,
    0x34, 0x3D, 0x93, 0x45, 0xC0, 0x42, 0x4C, 0x04, 0x24, 0xC0, 0x42, 0x4D,
    0x16, 0xC1, 0x11, 0x6A, 0x21, 0x1A, 0x82, 0x09, 0xE8, 0x20, 0x9A, 0xA1,
    0x11, 0xAE, 0x7B, 0x9D, 0x9F, 0x83, 0xE0, 0x50, 0x82, 0x3C, 0x17, 0x44,
    0xD1, 0x34, 0x4D, 0x13, 0x45, 0xC1, 0xB2, 0x5C, 0x04, 0x23, 0x08, 0x6E,
    0x10, 0x8C, 0x21, 0xB8, 0x42, 0x6A, 0x88, 0x26, 0xA8, 0x82, 0x7A, 0x04,
    0x46, 0xA8, 0x42, 0x7B, 0x9E, 0xC8, 0x57, 0xE0, 0x88, 0xAE, 0x6C, 0x97,
    0x25, 0xD0, 0xF4, 0x4D, 0x13, 0x45, 0xC9, 0x70, 0x50, 0x86, 0xE1, 0x08,
    0xC2, 0x1B, 0x18, 0x21, 0xA9, 0xC2, 0x2A, 0x1C, 0x22, 0xAA, 0x6C, 0x8B,
    0x1E, 0xE7, 0xB9, 0xD5, 0xF8, 0x16, 0x2E, 0x1F, 0x05, 0xC9, 0x36, 0x3D,
    0x93, 0x44, 0xC9, 0x70, 0x5C, 0x90, 0x41, 0xB9, 0x04, 0x1B, 0x14, 0x41,
    0xB1, 0x44, 0x1A, 0x98, 0x42, 0xA1, 0xC2, 0x2A, 0x1C, 0x41, 0xA9, 0xB0,
    0x7B, 0x9D, 0x9F, 0x81, 0x61, 0xE9, 0xF0, 0x5C, 0x97, 0x24, 0xD1, 0x34,
    0x4D, 0x13, 0x26, 0xC1, 0xAE, 0x8B, 0x14, 0x41, 0xB1, 0x44, 0x2A, 0x18,
    0x42, 0xA1, 0xC2, 0x29, 0xAE, 0x6B, 0x9A, 0xE6, 0x96, 0x7E, 0x05, 0x90,
    0x64, 0x9A, 0xE8, 0xAA, 0x22, 0xC8, 0xB2, 0x6C, 0x7B, 0x9B, 0x06, 0xC1,
    0xAE, 0x7B, 0xA2, 0xC9, 0xA9, 0xC2, 0x2A, 0x1C, 0x42, 0x99, 0xC4, 0x39,
    0x1C, 0x43, 0x8A, 0x04, 0x48, 0x20, 0x63, 0x26, 0xE1, 0xE0, 0xEE, 0x7B,
    0x22, 0xAA, 0xA2, 0xAA, 0x9A, 0xAA, 0x8A, 0xB2, 0x2E, 0x7A, 0x9E, 0xE7,
    0xB2, 0x2C, 0x7B, 0x26, 0xA9, 0x70, 0x8A, 0xB5, 0x8C, 0x6D, 0x5B, 0xC2,
    0x41, 0x7E, 0x0F, 0x82, 0x41, 0xE1, 0x6E, 0x7B, 0x22, 0xC9, 0xB2, 0x2C,
    0x8B, 0xA2, 0xC8, 0xB9, 0x72, 0x5C, 0x19, 0xE2, 0x31, 0xA0, 0x23, 0x1A,
    0x4D, 0x8B, 0x62, 0xD8, 0xB8, 0xBF, 0x83, 0xE0, 0x80, 0x7A, 0x4C, 0x9A,
    0xE7, 0xB2, 0x6C, 0x8B, 0x9E, 0xE7, 0xD1, 0x34, 0x4C, 0x16, 0x02, 0x39,
    0x60, 0x23, 0x1A, 0x23, 0x19, 0xE4, 0xC9, 0x36, 0x25, 0x11, 0xA0, 0x60,
    0x9C, 0xDF, 0x83, 0xE0, 0x80, 0x7A, 0x5B, 0x9E, 0xE8, 0xAA, 0x6C, 0x8B,
    0x9E, 0xE8, 0xC1, 0xB2, 0x3C, 0x96, 0x02, 0x39, 0x22, 0x23, 0x1A, 0x23,
    0x21, 0xA4, 0xC9, 0x32, 0x4D, 0x8B, 0x4D, 0xF8, 0x22, 0x1E, 0x97, 0x07,
    0xB2, 0x2A, 0x9A, 0xAA, 0xA9, 0xB2, 0x2C, 0x8C, 0x1B, 0x24, 0x88, 0x4C,
    0x68, 0x08, 0xC6, 0x80, 0xCA, 0x59, 0x88, 0x66, 0x9A, 0xE4, 0xD8, 0x98,
    0x26, 0x89, 0x44, 0x63, 0x64, 0x2E, 0x8B, 0x66, 0xB2, 0x68, 0xAA, 0x2A,
    0x8B, 0xAA, 0x6A, 0x9A, 0xA6, 0xC8, 0xB0, 0x42, 0x57, 0x90, 0x87, 0x79,
    0x08, 0x78, 0x0C, 0x86, 0x98, 0x82, 0x89, 0x32, 0x4C, 0x91, 0x42, 0x78,
    0x94, 0x28, 0x26, 0x63, 0xD9, 0x6E, 0x8A, 0xAA, 0x6B, 0x9A, 0xE6, 0xCA,
    0x2A, 0x8A, 0xA2, 0xAA, 0x97, 0x8C, 0x61, 0x09, 0x9E, 0x41, 0xA2, 0x03,
    0x21, 0xE2, 0x31, 0x96, 0x64, 0x09, 0xA6, 0xC8, 0xB6, 0x2D, 0x89, 0x04,
    0x82, 0x68, 0x2E, 0x12, 0xE8, 0xAA, 0xA6, 0xB9, 0xB2, 0x4C, 0xA2, 0xA8,
    0xAA, 0x2A, 0x21, 0x1A, 0x5E, 0x31, 0x84, 0x28, 0x70, 0xC6, 0x80, 0x85,
    0xE3, 0x12, 0x24, 0x21, 0x1E, 0x6B, 0x93, 0x24, 0xC9, 0x0C, 0x28, 0x90,
    0x86, 0x82, 0x68, 0x2E, 0x12, 0xE8, 0xAA, 0xA6, 0xB9, 0xAE, 0x6C, 0x9A,
    0xE6, 0xBA, 0x2A, 0x02, 0x1A, 0x5E, 0x31, 0x84, 0x27, 0x78, 0xC6, 0x88,
    0x10, 0x48, 0x90, 0x84, 0x79, 0x32, 0x4C, 0x93, 0x22, 0x40, 0xA2, 0x23,
    0x1A, 0x09, 0x98, 0xB8, 0x5B, 0xA2, 0x8A, 0xA2, 0xE4, 0xC9, 0xAE, 0x8B,
    0x9A, 0xE6, 0xBA, 0x29, 0xE3, 0x18, 0x42, 0x77, 0x10, 0x68, 0x79, 0x06,
    0x88, 0x10, 0x48, 0x8B, 0x24, 0xC8, 0xB6, 0x24, 0x0A, 0x22, 0x31, 0x24,
    0x98, 0x0F, 0x86, 0xBA, 0x2A, 0x9A, 0x2A, 0x6C, 0x93, 0x26, 0xCA, 0x2A,
    0x8A, 0xA2, 0xA0, 0x13, 0x1D, 0xC4, 0x29, 0x9E, 0x42, 0x96, 0x23, 0x19,
    0xE4, 0x31, 0x1E, 0x4C, 0x93, 0x24, 0xD8, 0x38, 0xB6, 0x8C, 0x62, 0xB2,
    0x6C, 0x9A, 0xAA, 0x6B, 0x9B, 0x24, 0xC9, 0x32, 0xA9, 0xAA, 0x6A, 0x9A,
    0x88, 0x43, 0xB8, 0x46, 0x3D, 0x17, 0x06, 0x70, 0xCE, 0x67, 0x0C, 0xC7,
    0x71, 0x0A, 0x77, 0x98, 0x28, 0x8B, 0x8B, 0xF8, 0x3E, 0x05, 0x0C, 0x45,
    0x9A, 0xE8, 0xBA, 0x2E, 0x6B, 0x9A, 0xE6, 0xC9, 0x32, 0x8A, 0xA2, 0xAC,
    0x11, 0x17, 0x25, 0xC9, 0x72, 0x6C, 0x1E, 0xC8, 0xB2, 0x2C, 0x91, 0x76,
    0x2E, 0x0F, 0x25, 0xB9, 0xEC, 0x8A, 0xA6, 0xA9, 0xAA, 0x6C, 0x8B, 0x22,
    0xE7, 0xC1, 0xB0, 0x6C, 0x1B, 0x06, 0xC1, 0xB0, 0x6C, 0x97, 0x06, 0xC1,
    0xBF, 0x07, 0xC1, 0x20, 0xF4, 0x3D, 0x0D, 0x02, 0x80, 0xD0, 0x66, 0x0D,
    0x08, 0x50, 0xD1, 0x73, 0x5C, 0xD6, 0x70, 0xAD, 0x67, 0x0A, 0xD6, 0x70,
    0xB1, 0x65, 0x13, 0x18, 0x10, 0x88, 0x4C, 0x70, 0x85, 0x72, 0x08, 0x39,
    0x10, 0x83, 0x92, 0xE4, 0xB6, 0x8B, 0x64, 0xD1, 0x36, 0x3E, 0x07, 0xE0,
    0xF8, 0x3E, 0x0F, 0x83, 0xE0, 0xF8, 0x3E, 0x0F, 0x83, 0xE0, 0xF8, 0x3E,
    0x0F, 0x83, 0xE0, 0xF8, 0x3F, 0xF8, 0x3E, 0x0F, 0x83, 0xE0, 0xF8, 0x3E,
    0x0F, 0x81, 0x02, 0xD9, 0x34, 0x5C, 0x1B, 0x24, 0xE0, 0x7E, 0x0F, 0x83,
    0xE0, 0xF8, 0x3E, 0x0F, 0x83, 0xE0, 0x37, 0xE0, 0xF8, 0x3E, 0x0F, 0x83,
    0xE0, 0xF8, 0x3E, 0x0F, 0x83, 0xE0, 0xF8, 0x3E, 0x02, 0x0B, 0x65, 0xC1,
    0xEE, 0x7C, 0x17, 0x43, 0xF8, 0x3E, 0x0F, 0x81, 0x3F, 0x83, 0xE0, 0xF8,
    0x3E, 0x0F, 0x83, 0xE0, 0xF8, 0x3E, 0x0F, 0x80, 0xC3, 0xD1, 0x70, 0x7B,
    0x9F, 0x05, 0xD0, 0xFE, 0x0F, 0x83, 0xE0, 0xF8, 0x3E, 0x03, 0xFE, 0x0F,
    0x83, 0xE0, 0xF8, 0x3E, 0x04, 0x8F, 0x45, 0xC1, 0xEE, 0x7C, 0x1B, 0x04,
    0xF8, 0x3E, 0x0F, 0x83, 0xE0, 0xF8, 0x3E, 0x0F, 0x83, 0xE0, 0xF8, 0x09,
    0xF8, 0x3E, 0x0F, 0x83, 0xE0, 0xF8, 0x3E, 0x05, 0x0F, 0x07, 0xB9, 0xEE,
    0x7B, 0x9F, 0x05, 0xD0, 0x7E, 0x0F, 0x83, 0xE0, 0xF8, 0x3E, 0x0F, 0x83,
    0xE0, 0x3F, 0xE0, 0xF8, 0x3E, 0x0F, 0x83, 0xE0, 0xF8, 0x3E, 0x04, 0x8B,
    0x65, 0xC1, 0xEE, 0x7B, 0x22, 0xE7, 0xC1, 0x7E, 0x0F, 0x83, 0xE0, 0xF8,
    0x3E, 0x0F, 0x80, 0x97, 0xBF, 0xE0, 0xF8, 0x3E, 0x0F, 0x83, 0xE0, 0xF8,
    0x3E, 0x03, 0x93, 0x27, 0xB9, 0xEE, 0x7B, 0x9F, 0x05, 0xD8, 0x7E, 0x0F,
    0x83, 0xE0, 0xF8, 0x3E, 0x04, 0x7C, 0xC9, 0x32, 0x4C, 0x93, 0xA0, 0xE2,
    0x14, 0xEE, 0x21, 0x4E, 0xD3, 0x14, 0xAD, 0x41, 0x46, 0xD4, 0x98, 0x4D,
    0x55, 0x15, 0x45, 0x55, 0x36, 0x46, 0x09, 0xF0, 0x7C, 0x1F, 0x07, 0xC0,
    0x7F, 0xC1, 0xF0, 0x7C, 0x1B, 0x2E, 0x49, 0xF0, 0x50, 0x3C, 0x2E, 0x0E,
    0xB1, 0xA1, 0x0B, 0x31, 0x50, 0xB9, 0xAE, 0x6A, 0xB1, 0xBE, 0x0F, 0x83,
    0xE0, 0xF8, 0x3E, 0x08, 0xC5, 0xC1, 0xEC, 0x9A, 0x2E, 0x4B, 0x92, 0xE4,
    0xB9, 0x3D, 0xD1, 0x66, 0x09, 0x84, 0xD8, 0xF6, 0x3E, 0x87, 0xE0, 0xF8,
    0x3E, 0x0F, 0x80, 0x82, 0xE1, 0xD8, 0x51, 0xC0, 0xC3, 0x1E, 0xE8, 0xB2,
    0x6A, 0xB9, 0x10, 0x65, 0x81, 0x4C, 0x37, 0x04, 0x43, 0x38, 0xDC, 0x63,
    0x89, 0xE6, 0x40, 0x68, 0x3D, 0x9B, 0x07, 0xB2, 0x6C, 0x9A, 0xA0, 0x82,
    0x81, 0xCA, 0x18, 0x9B, 0xE0, 0xF8, 0x3E, 0x0A, 0x95, 0x45, 0xCD, 0xB1,
    0x7B, 0xE0, 0xE8, 0xB6, 0x4C, 0x69, 0x06, 0xA5, 0x98, 0x6A, 0x59, 0x86,
    0xA6, 0x18, 0x4A, 0x64, 0x9E, 0xF8, 0x3A, 0x2D, 0x93, 0x24, 0xC9, 0x32,
    0x24, 0x19, 0xA2, 0x41, 0x98, 0x8B, 0x22, 0xCA, 0xA2, 0xE6, 0xC9, 0x3A,
    0x0F, 0x7C, 0x1C, 0xD8, 0xB2, 0x4B, 0x9A, 0xCE, 0x25, 0x30, 0xC2, 0x53,
    0x4C, 0x15, 0x3D, 0xF0, 0x74, 0x1D, 0x07, 0x41, 0xD1, 0x68, 0xC8, 0x23,
    0x0C, 0x81, 0x38, 0xD8, 0x3D, 0xD1, 0x40, 0x85, 0x35, 0x5C, 0xD9, 0x27,
    0x41, 0xEF, 0x74, 0x1B, 0x16, 0xC5, 0xB1, 0x74, 0x1E, 0xF8, 0xB6, 0x4C,
    0x93, 0x24, 0xC7, 0xC0, 0xF4, 0xD1, 0x6C, 0x28, 0x9A, 0x9B, 0x9A, 0x42,
    0x12, 0x2A, 0xAB, 0xAA, 0x8D, 0x8B, 0x62, 0xD8, 0xB6, 0x2D, 0x8B, 0xA1,
    0x07, 0x41, 0xD0, 0x74, 0x1D, 0x07, 0x3E, 0x0F, 0x83, 0xE0, 0x4A, 0x66,
    0xC9, 0x36, 0x4B, 0xAA, 0xE6, 0xC9, 0x36, 0x2D, 0x9A, 0xA8, 0xAA, 0x2E,
    0x54, 0x4F, 0xC1, 0xF0, 0x3C, 0x22, 0x09, 0x47, 0x23, 0x10, 0x90, 0x7C,
    0x1F, 0x07, 0xC0, 0xA1, 0x6D, 0x16, 0x45, 0xD1, 0x64, 0xD5, 0x17, 0x3D,
    0xD4, 0xA3, 0x11, 0xE5, 0xD1, 0x8C, 0x18, 0xBC, 0x22, 0x18, 0x51, 0x21,
    0x94, 0x7F, 0x07, 0xC1, 0xF0, 0x71, 0xF0, 0x7C, 0x3F, 0x07, 0xC0, 0x82,
    0xA4, 0x2F, 0x36, 0x4B, 0x93, 0x08, 0x35, 0x34, 0x4C, 0x15, 0xB6, 0x4F,
    0x10, 0x59, 0x51, 0x10, 0x3F, 0x07, 0xC1, 0xF0, 0x7C, 0x1F, 0x07, 0xC1,
    0xE7, 0xC1, 0xF0, 0x04, 0x3F, 0x07, 0xC0, 0x72, 0xA0, 0x4F, 0x29, 0x03,
    0x52, 0xE4, 0xB3, 0x20, 0x93, 0x07, 0xC8, 0x41, 0x4C, 0x45, 0xA0, 0xA0,
    0x27, 0x08, 0xC3, 0xF0, 0x08, 0x3F, 0x07, 0xC1, 0xF0, 0x7C, 0x1F, 0x05,
    0x1F, 0x07, 0xC0, 0x20, 0xFC, 0x1F, 0x01, 0x8A, 0x90, 0xBC, 0xA5, 0x0D,
    0x0B, 0x92, 0x8C, 0x30, 0x74, 0x1F, 0x61, 0x04, 0xB2, 0x0F, 0xC0, 0x40,
    0xAC, 0x3F, 0x00, 0x82, 0xB0, 0xFC, 0x1F, 0x07, 0xC1, 0xF0, 0x7C, 0x08,
    0x7C, 0x1F, 0x07, 0xC0, 0xC0, 0xE8, 0xAA, 0x0B, 0x8D, 0xA2, 0x04, 0x38,
    0x30, 0x82, 0xF7, 0xC1, 0xD7, 0x10, 0x87, 0xC0, 0xE8, 0x27, 0x08, 0xC3,
    0xF0, 0x08, 0x2B, 0x0F, 0xC1, 0xF0, 0x7C, 0x1F, 0x07, 0xC0, 0x87, 0xC1,
    0xF0, 0x7C, 0x12, 0x0D, 0x0A, 0xA1, 0x34, 0xC5, 0x0C, 0xCA, 0x10, 0xE0,
    0xA4, 0x0B, 0x9F, 0x07, 0x5C, 0x42, 0x15, 0x04, 0x70, 0xE8, 0x2C, 0x0B,
    0x03, 0x30, 0xB0, 0x3F, 0x07, 0xC1, 0xF0, 0x7C, 0x1F, 0x01, 0xDF, 0x07,
    0xC0, 0x30, 0xFC, 0x1F, 0x01, 0x0A, 0xA1, 0x34, 0xA6, 0x0C, 0xCA, 0x10,
    0xDC, 0xA5, 0x0B, 0x86, 0x24, 0xC1, 0xF2, 0x10, 0x53, 0x31, 0x7C, 0x04,
    0x09, 0xC2, 0x30, 0xFC, 0x02, 0x0F, 0xC1, 0xF0, 0x7C, 0x1F, 0x07, 0xC1,
    0x37, 0xC1, 0xF0, 0x7C, 0x08, 0x0F, 0xC1, 0xD2, 0x9C, 0x32, 0x20, 0x83,
    0x72, 0x94, 0x34, 0x2C, 0xDF, 0x07, 0x5C, 0x41, 0x26, 0x82, 0xB0, 0xFC,
    0x02, 0x0A, 0xC3, 0xF0, 0x7C, 0x1F, 0x07, 0xC1, 0xF0, 0x1D, 0xF0, 0x7C,
    0x03, 0x0F, 0xC0, 0xC0, 0xDC, 0x7B, 0x2E, 0x4C, 0x10, 0xD8, 0xC5, 0x0B,
    0xC2, 0x33, 0xC5, 0xF0, 0x75, 0xC4, 0x21, 0xE8, 0x2B, 0x0F, 0xC0, 0x20,
    0xAC, 0x3F, 0x07, 0xC1, 0xF0, 0x7C, 0x1F, 0x01, 0xDF, 0x07, 0xC1, 0xF0,
    0x7C, 0x09, 0x2A, 0x84, 0xD2, 0x98, 0x33, 0x28, 0x43, 0x72, 0x94, 0x2E,
    0x74, 0x1F, 0x61, 0x04, 0xB4, 0x09, 0xC3, 0xA0, 0xB0, 0x2F, 0x0C, 0x42,
    0xB0, 0xFC, 0x1F, 0x07, 0xC1, 0xF0, 0x7C, 0x06, 0x7C, 0x1F, 0x07, 0xC0,
    0xB2, 0x68, 0xBA, 0x2E, 0x4B, 0x93, 0x4A, 0x10, 0x75, 0x84, 0x31, 0x7C,
    0x1F, 0x07, 0xC1, 0xF0, 0x7C, 0x1F, 0x07, 0xC1, 0xF0, 0x71, 0xF0, 0x7C,
    0x1F, 0x04, 0x09, 0x84, 0x5C, 0xF8, 0x36, 0x0F, 0x75, 0xB6, 0x2E, 0x20,
    0x57, 0x61, 0x0C, 0x7F, 0x07, 0xC1, 0xF0, 0x7C, 0x1F, 0x07, 0xC1, 0xF0,
    0x5D, 0xF0, 0x7C, 0x1F, 0x07, 0xC0, 0xF1, 0xE4, 0xF8, 0x36, 0x4B, 0x92,
    0xE9, 0x31, 0x6C, 0x99, 0x54, 0x8C, 0x75, 0x09, 0x47, 0x92, 0xE4, 0xB9,
    0x2E, 0x4B, 0x92, 0xE5, 0xF0, 0x7C, 0x05, 0x0F, 0xC1, 0xF0, 0x24, 0x57,
    0x08, 0xC7, 0xA2, 0xE8, 0x9A, 0x2E, 0x8D, 0x64, 0x1C, 0x44, 0x0A, 0x12,
    0x61, 0x3C, 0xC6, 0x21, 0x83, 0x32, 0x90, 0x52, 0x64, 0x99, 0x26, 0x49,
    0x92, 0x64, 0x9F, 0x01, 0x83, 0xF0, 0x7C, 0x1F, 0x01, 0xC6, 0x50, 0xD0,
    0xA6, 0x0C, 0x8B, 0xA2, 0x48, 0x27, 0x33, 0x42, 0xA3, 0xD9, 0x07, 0x11,
    0x02, 0x84, 0x1C, 0x50, 0x1A, 0x08, 0x60, 0xCC, 0xC4, 0x14, 0x5B, 0x16,
    0xC5, 0xB1, 0x6C, 0x5B, 0x17, 0xC0, 0x60, 0xFC, 0x1F, 0x07, 0xC0, 0x71,
    0x94, 0x33, 0x36, 0x88, 0x40, 0xD4, 0x9A, 0x3B, 0x02, 0x94, 0x59, 0x07,
    0x13, 0x8C, 0x81, 0x6C, 0xA5, 0x14, 0x8C, 0x41, 0x45, 0xB1, 0x6C, 0x5B,
    0x16, 0xC5, 0xB1, 0x7C, 0x1F, 0x04, 0x83, 0xF0, 0x68, 0x58, 0x08, 0x8A,
    0x70, 0xC4, 0xBA, 0x24, 0x82, 0x73, 0x34, 0x29, 0x3D, 0xD0, 0x80, 0x90,
    0x29, 0x32, 0x05, 0x00, 0xA8, 0xC5, 0x0C, 0x8C, 0x41, 0x45, 0xB1, 0x6C,
    0x5B, 0x16, 0xC5, 0xB1, 0x7C, 0x05, 0x0F, 0xC1, 0xF0, 0x24, 0x3D, 0x16,
    0xC7, 0xA3, 0x64, 0x93, 0x09, 0x8B, 0xA3, 0x59, 0x09, 0x09, 0x02, 0x83,
    0xA0, 0x6D, 0x2A, 0x0C, 0x51, 0x44, 0xE4, 0x14, 0x1D, 0x07, 0x41, 0xD0,
    0x74, 0x1D, 0x07, 0xC0, 0x50, 0xFC, 0x1F, 0x02, 0x83, 0x80, 0xAC, 0x35,
    0x12, 0xC2, 0xE2, 0xE8, 0x9A, 0x2E, 0x8B, 0x74, 0x20, 0x44, 0x09, 0xD0,
    0x81, 0xB4, 0xC7, 0x31, 0x45, 0x13, 0x90, 0x50, 0x74, 0x1D, 0x07, 0x41,
    0xD0, 0x74, 0x1F, 0x07, 0xC1, 0xF0, 0x7C, 0x0E, 0x16, 0xC7, 0xA2, 0x94,
    0x34, 0x26, 0x8C, 0xE0, 0xA4, 0xE9, 0x0B, 0x10, 0x81, 0xAD, 0x08, 0x1B,
    0x4A, 0x83, 0x94, 0x50, 0x39, 0x44, 0xF7, 0xBD, 0xEF, 0x7B, 0xDE, 0xF7,
    0xBD, 0xF0, 0x7C, 0x1F, 0x07, 0xC0, 0xA0, 0x88, 0x66, 0x0C, 0xCB, 0x92,
    0xE8, 0x9A, 0x35, 0xD0, 0x91, 0x2D, 0x09, 0x13, 0x4A, 0x91, 0xE8, 0xA1,
    0x09, 0x45, 0x04, 0x10, 0x4F, 0x7B, 0xDE, 0xF7, 0xBD, 0xEF, 0x7B, 0xDF,
    0x07, 0xC1, 0xF0, 0x3C, 0x7A, 0x35, 0xCF, 0x92, 0x64, 0xD8, 0x4D, 0x93,
    0x45, 0x51, 0x45, 0x0C, 0x02, 0x13, 0x10, 0x71, 0x08, 0x42, 0x71, 0xE8,
    0xA9, 0x13, 0x8C, 0x71, 0xB8, 0xE6, 0x1B, 0xA0, 0xE8, 0x39, 0x62, 0x64,
    0xB9, 0x2D, 0x97, 0x35, 0xD9, 0x13, 0x54, 0xD2, 0x11, 0xC9, 0x92, 0x10,
    0x53, 0x64, 0x55, 0x34, 0x54, 0xD7, 0x35, 0xCD, 0x74, 0x55, 0x86, 0x12,
    0x58, 0x42, 0x27, 0x42, 0xAA, 0x6C, 0x8B, 0x90, 0x41, 0xF8, 0x3E, 0x0C,
    0x11, 0xC3, 0x41, 0x56, 0x82, 0x1D, 0x54, 0x51, 0x42, 0xE5, 0x14, 0x4D,
    0x60, 0xC6, 0x60, 0x95, 0x83, 0xD8, 0xFE, 0x0F, 0x83, 0xE0, 0xF8, 0x3E,
    0x0F, 0x81, 0x2C, 0x1B, 0xE0, 0xF8, 0x3E, 0x0D, 0x07, 0x82, 0x78, 0xD2,
    0x36, 0xA0, 0x85, 0x64, 0x97, 0x35, 0x98, 0x2C, 0x59, 0x46, 0xB6, 0x8C,
    0x85, 0x90, 0xF6, 0x3F, 0x83, 0xE0, 0xF8, 0x3E, 0x0F, 0x81, 0x2F, 0x83,
    0xE0, 0xF8, 0x3E, 0x0F, 0x81, 0x62, 0xC2, 0x50, 0x15, 0xB8, 0x24, 0x55,
    0x14, 0x70, 0xB1, 0x47, 0x1A, 0x98, 0x52, 0x25, 0xA4, 0x38, 0xA4, 0x3D,
    0x93, 0x43, 0xF8, 0x3E, 0x0F, 0x83, 0xE0, 0x49, 0x44, 0x08, 0xC4, 0xA5,
    0x8C, 0x22, 0x39, 0x7E, 0x0F, 0x83, 0xE0, 0xF8, 0x3E, 0x0F, 0x83, 0xE0,
    0xF8, 0x3E, 0x01, 0x07, 0x84, 0xD1, 0x36, 0x4D, 0x93, 0x63, 0xD8, 0xBE,
    0x0F, 0x81, 0xCF, 0x83, 0xE0, 0xF8, 0x3E, 0x0F, 0x83, 0xE0, 0x21, 0x34,
    0x4D, 0x0F, 0x63, 0xD9, 0x34, 0x4D, 0x8B, 0xE0, 0xF8, 0x3E, 0x0F, 0x83,
    0xE0, 0xF8, 0x3E, 0x05, 0x3C, 0x1E, 0x8D, 0x63, 0x69, 0x50, 0x46, 0x9C,
    0xC4, 0x6A, 0x44, 0x57, 0x3D, 0xEF, 0x7B, 0xA1, 0x07, 0x49, 0x94, 0x55,
    0x91, 0x83, 0x68, 0x9C, 0x17, 0xC1, 0xF0, 0x7C, 0x1B, 0xC8, 0x7F, 0x06,
    0x03, 0xD0, 0xFC, 0x1F, 0x07, 0xC1, 0xF0, 0x7C, 0x1F, 0x07, 0xC1, 0xF0,
    0x7C, 0x1F, 0x07, 0xC1, 0xF0, 0x7C, 0x1F, 0x07, 0xC1, 0xCC, 0xC5, 0xB1,
    0xF0, 0x5F, 0x07, 0xC1, 0xF0, 0x7C, 0x1F, 0x07, 0xC1, 0xF0, 0x7C, 0x1F,
    0x07, 0xC1, 0xF0, 0x7C, 0x1F, 0x07, 0xC1, 0xF0, 0x7C, 0x17, 0xFC, 0x1F,
    0x07, 0xC1, 0xF0, 0x7C, 0x0B, 0x1E, 0x89, 0x92, 0xEC, 0x7C, 0x1F, 0x05,
    0xC1, 0xEC, 0x9B, 0x17, 0xC1, 0xF0, 0x7C, 0x1F, 0x07, 0xC1, 0xF0, 0x0F,
    0xF0, 0x7C, 0x1F, 0x07, 0xC1, 0xF0, 0x7C, 0x1F, 0x01, 0x87, 0x81, 0x70,
    0x3C, 0x16, 0xC5, 0xD0, 0xFC, 0x1F, 0x07, 0xC1, 0xF0, 0x7C, 0x1F, 0x07,
    0xC0, 0xDF, 0xC1, 0xF0, 0x7C, 0x1F, 0x07, 0xC1, 0xF0, 0x04, 0x3D, 0x17,
    0x05, 0xC1, 0x70, 0x3D, 0x0F, 0x43, 0xC1, 0xEC, 0x7B, 0x1E, 0xC7, 0xA0,
    0x88, 0x3F, 0x07, 0xC1, 0x3F, 0xC1, 0xF0, 0x7C, 0x1F, 0x07, 0xC5, 0xC1,
    0x70, 0x5C, 0x1E, 0x89, 0xA1, 0xEC, 0x7C, 0x17, 0x05, 0xC1, 0x70, 0x7B,
    0x1E, 0xC7, 0xF0, 0x7C, 0x14, 0xFC, 0x1F, 0x07, 0xC0, 0x31, 0xEC, 0x7B,
    0x1E, 0xC7, 0xB2, 0x68, 0x9A, 0x1E, 0x89, 0x90, 0x84, 0x7B, 0x26, 0x89,
    0xA2, 0x68, 0x9A, 0x26, 0x89, 0x92, 0xE4, 0x23, 0x0D, 0x3F, 0x07, 0xC1,
    0xF0, 0x14, 0x7B, 0x1E, 0xC7, 0xC1, 0xE8, 0xB9, 0x26, 0x89, 0xA2, 0x64,
    0xB9, 0x2E, 0x89, 0xA2, 0x68, 0x99, 0x2E, 0x4B, 0x92, 0xE4, 0xB2, 0xFC,
    0x1F, 0x02, 0x85, 0xB1, 0xF0, 0x5C, 0x1E, 0xC7, 0xA2, 0xE4, 0xB9, 0x26,
    0x4B, 0x92, 0xE8, 0x9A, 0x26, 0x89, 0xA2, 0x68, 0x9A, 0x26, 0x89, 0x93,
    0x3B, 0xF0, 0x7C, 0x1F, 0x02, 0xC7, 0xB1, 0xEC, 0x7B, 0x17, 0x0B, 0x92,
    0x68, 0x5B, 0x26, 0x87, 0xB2, 0x68, 0x9A, 0x26, 0x89, 0xA2, 0x68, 0xB8,
    0x36, 0x0C, 0xCF, 0xC1, 0xF0, 0x7C, 0x0C, 0x26, 0x89, 0xA1, 0xEC, 0x9A,
    0x2E, 0x4D, 0x81, 0xEC, 0x7B, 0x1E, 0xC7, 0xB1, 0xEC, 0x9A, 0x26, 0x89,
    0xA2, 0xE0, 0xD8, 0x32, 0xBF, 0x07, 0xC1, 0xF0, 0x30, 0x9A, 0x26, 0x87,
    0xB1, 0xDD, 0x38, 0x36, 0x4B, 0x92, 0x68, 0x9A, 0x26, 0x89, 0xA2, 0x68,
    0xB9, 0x2E, 0x4B, 0x92, 0xE4, 0xAA, 0xFC, 0x1F, 0x07, 0xC0, 0xD2, 0x64,
    0xBA, 0x26, 0x89, 0xA2, 0xC8, 0x61, 0x4C, 0x48, 0x23, 0x68, 0x9A, 0x1E,
    0xC7, 0xB1, 0xE8, 0xB9, 0x2E, 0x4B, 0x92, 0xE4, 0xB8, 0x32, 0x7F, 0x07,
    0xC0, 0xE2, 0x64, 0xB8, 0x36, 0x4B, 0xB1, 0xEC, 0x78, 0x43, 0xDD, 0x10,
    0x98, 0xD8, 0x36, 0x0D, 0x83, 0x60, 0xD8, 0x36, 0x0D, 0x82, 0xE4, 0xB8,
    0x32, 0xBF, 0x07, 0xC0, 0xF1, 0xE8, 0xB9, 0x2E, 0x4D, 0x83, 0x60, 0xDA,
    0x26, 0x4B, 0x83, 0x60, 0xF6, 0x45, 0x53, 0x55, 0x55, 0x35, 0x4D, 0x53,
    0x54, 0x58, 0xAA, 0xFC, 0x1F, 0x07, 0xC0, 0xE2, 0x64, 0xD8, 0x36, 0x0D,
    0x93, 0x60, 0xD8, 0x36, 0x0D, 0x83, 0x5C, 0xF7, 0x3D, 0xCF, 0x64, 0x59,
    0x16, 0x45, 0x53, 0x73, 0x9F, 0xF0, 0x7C, 0x1F, 0x03, 0x85, 0xB2, 0xE4,
    0xB9, 0x2E, 0x4D, 0x92, 0xE4, 0xB9, 0x2E, 0x0D, 0x73, 0xD5, 0x52, 0x18,
    0x8F, 0x11, 0x8D, 0x11, 0x09, 0x11, 0x64, 0x59, 0x16, 0x30, 0x42, 0x6F,
    0xC1, 0xF0, 0x7C, 0x0E, 0x2E, 0x4D, 0x73, 0xE0, 0xD8, 0x2E, 0x4B, 0x92,
    0xC9, 0x92, 0x11, 0x4B, 0x92, 0xE0, 0xD8, 0x36, 0x0D, 0x92, 0xE4, 0x99,
    0x2E, 0x4A, 0x9F, 0xC1, 0xF0, 0x48, 0x5B, 0x26, 0x0F, 0x10, 0x98, 0xD1,
    0x19, 0x0D, 0x12, 0x0C, 0xD4, 0x55, 0x91, 0x73, 0xDC, 0xF6, 0x45, 0x91,
    0x64, 0xD5, 0x35, 0x4D, 0x53, 0x54, 0xD5, 0x25, 0xFC, 0x1F, 0x04, 0x8B,
    0x83, 0xD9, 0x15, 0x4D, 0x91, 0x74, 0x59, 0x10, 0x09, 0x8F, 0x00, 0x91,
    0x31, 0x08, 0xD3, 0x11, 0x05, 0x6F, 0x7C, 0x5B, 0x26, 0x49, 0x92, 0x6C,
    0x5B, 0x07, 0xF2, 0x2C, 0x22, 0xAA, 0x9A, 0xE6, 0xB9, 0x32, 0x0E, 0x83,
    0xA4, 0xC9, 0xAE, 0x6B, 0x50, 0x50, 0xB4, 0x8C, 0xE1, 0x12, 0x14, 0x23,
    0x84, 0x67, 0x58, 0x8C, 0x10, 0xA5, 0x62, 0x32, 0xD8, 0x31, 0xB1, 0xB1,
    0x6C, 0x5B, 0x1D, 0x87, 0x84, 0x55, 0x73, 0x5C, 0x5D, 0x06, 0xC5, 0xB2,
    0x64, 0xD7, 0x36, 0x49, 0x6A, 0x11, 0xC2, 0x14, 0xA8, 0x66, 0x08, 0x90,
    0xB1, 0x14, 0x42, 0x42, 0xC4, 0x56, 0x30, 0x44, 0x63, 0x44, 0x36, 0x3A,
    0x0E, 0x83, 0xA0, 0x1D, 0x53, 0x45, 0x4D, 0x73, 0x5C, 0x99, 0x07, 0x45,
    0xB2, 0x64, 0xD7, 0x45, 0x51, 0x4A, 0x19, 0xC2, 0x23, 0xA8, 0x67, 0x08,
    0x8E, 0xA1, 0x98, 0x42, 0x3A, 0xC4, 0x61, 0x05, 0x0C, 0x11, 0x56, 0xD1,
    0x0D, 0x8E, 0x83, 0xA0, 0xE8, 0x76, 0x3D, 0x12, 0xE7, 0xB9, 0xEE, 0x7C,
    0x97, 0x44, 0x90, 0x54, 0x1E, 0x86, 0x21, 0x58, 0x58, 0x6C, 0x1B, 0x06,
    0xC1, 0x72, 0x5D, 0x13, 0x45, 0xD1, 0x14, 0x27, 0x91, 0x03, 0x81, 0x0A,
    0x5F, 0xC1, 0xF0, 0x7C, 0x1F, 0x02, 0x45, 0xD0, 0xF4, 0x3D, 0x17, 0x43,
    0xD1, 0x64, 0xD7, 0x3D, 0x55, 0x45, 0x59, 0x16, 0x3E, 0x0D, 0x83, 0xE0,
    0xF8, 0x3A, 0x7F, 0x07, 0xC1, 0xF0, 0x7C, 0x1F, 0x07, 0xC1, 0xF0, 0x10,
    0x3E, 0x0F, 0x83, 0xA1, 0x04, 0x59, 0x35, 0x91, 0x64, 0xD5, 0x37, 0x3E,
    0x0D, 0x84, 0x5D, 0x17, 0x4A, 0x3F, 0x07, 0xC1, 0xF0, 0x7C, 0x1F, 0x07,
    0xC1, 0xF0, 0x7C, 0x1F, 0x00, 0xC3, 0xE0, 0xF4, 0x7A, 0x28, 0x83, 0x64,
    0x59, 0x35, 0x4D, 0x91, 0x75, 0x59, 0xD1, 0x6E, 0x85, 0x10, 0xA6, 0xC9,
    0x2E, 0x68, 0x10, 0x66, 0x8A, 0x2A, 0xC8, 0xB9, 0xEE, 0x6D, 0x8B, 0x44,
    0x88, 0x8A, 0x96, 0x94, 0x4B, 0x58, 0x46, 0xF7, 0xB8, 0x41, 0x7B, 0x24,
    0xCA, 0x2A, 0xC8, 0xB1, 0x8B, 0xF8, 0x3E, 0x06, 0x8F, 0x28, 0xB2, 0x2C,
    0x6B, 0x9F, 0x25, 0xC9, 0x36, 0x2D, 0x92, 0x23, 0x29, 0xD2, 0x12, 0x14,
    0x68, 0x31, 0x06, 0x13, 0x04, 0x28, 0x12, 0x1A, 0x6B, 0x9F, 0x05, 0xC9,
    0x72, 0x5C, 0x95, 0x9F, 0x83, 0xE0, 0xF8, 0x14, 0x3D, 0x17, 0x27, 0xB9,
    0xB0, 0x6C, 0x17, 0x61, 0xE8, 0x62, 0x23, 0x9D, 0xA5, 0x29, 0xCA, 0x22,
    0x84, 0x65, 0x12, 0x04, 0x58, 0x10, 0xC1, 0x18, 0x5E, 0x41, 0x06, 0xE4,
    0xD1, 0x34, 0x4D, 0x15, 0xBF, 0x83, 0xE0, 0xF8, 0x14, 0x4C, 0x9E, 0xE7,
    0xB9, 0xB0, 0x5C, 0x97, 0x61, 0xE8, 0x60, 0x33, 0x99, 0xA5, 0x31, 0xC8,
    0x44, 0x04, 0x22, 0x1C, 0x1C, 0x50, 0x85, 0x21, 0x69, 0x42, 0x1C, 0x13,
    0x44, 0xD1, 0x70, 0x66, 0xFE, 0x0F, 0x83, 0xE0, 0x51, 0x32, 0x8B, 0x1A,
    0xE7, 0xC1, 0xB2, 0x4E, 0x07, 0x82, 0x88, 0xCC, 0x73, 0x08, 0x81, 0x09,
    0x08, 0x82, 0x11, 0x61, 0x19, 0x86, 0x10, 0x84, 0x81, 0x69, 0x94, 0x16,
    0x9B, 0x24, 0xD1, 0x34, 0x5C, 0x95, 0x9F, 0x83, 0xE0, 0xF8, 0x18, 0x1D,
    0x1E, 0xE6, 0xC1, 0xB0, 0x6C, 0x97, 0x61, 0xE8, 0x66, 0x23, 0x18, 0xE2,
    0x31, 0x08, 0x72, 0x94, 0x62, 0x1B, 0x06, 0x41, 0x85, 0x87, 0xB9, 0xF2,
    0x4D, 0x13, 0x25, 0xC9, 0x59, 0xF8, 0x3E, 0x0F, 0x83, 0xE0, 0x4A, 0x2C,
    0x7B, 0x97, 0x07, 0xC1, 0x74, 0x2E, 0x86, 0x62, 0x39, 0x12, 0x22, 0x94,
    0x67, 0x31, 0x06, 0x21, 0xB0, 0x65, 0x10, 0x58, 0x7B, 0x9F, 0x25, 0xC9,
    0x32, 0x5C, 0x95, 0x9F, 0x83, 0xE0, 0x61, 0x08, 0x1A, 0x2A, 0x8A, 0x99,
    0xC2, 0x2A, 0x1F, 0x06, 0xC1, 0xB4, 0x29, 0x88, 0xE1, 0x98, 0xC8, 0x5A,
    0x08, 0x48, 0x9A, 0xD0, 0x34, 0xA8, 0x49, 0x52, 0x0A, 0x75, 0x23, 0x05,
    0xC9, 0x70, 0x66, 0xE2, 0x20, 0x92, 0xA9, 0xA2, 0xA8, 0xA9, 0xA6, 0xA9,
    0xB9, 0xEE, 0x7D, 0x0B, 0x81, 0xD8, 0xF4, 0x58, 0x90, 0x67, 0x81, 0x82,
    0x7A, 0x24, 0xA1, 0x18, 0x58, 0x73, 0x15, 0xA6, 0x39, 0x1C, 0x44, 0x86,
    0x04, 0xD1, 0x57, 0xC0, 0xF0, 0x6B, 0x1E, 0xC9, 0xAA, 0x68, 0xAA, 0xA6,
    0xC8, 0xB2, 0x32, 0x3D, 0x88, 0x81, 0xB0, 0xC8, 0x24, 0x90, 0xE4, 0x20,
    0x56, 0x42, 0x94, 0x61, 0x78, 0x86, 0x98, 0xB6, 0x48, 0x20, 0xA0, 0x73,
    0x0A, 0x44, 0x38, 0x64, 0x44, 0x78, 0x2B, 0x9E, 0xC8, 0xAA, 0x68, 0xA9,
    0x32, 0x8A, 0xAA, 0x6A, 0x9A, 0xA5, 0x02, 0x71, 0x52, 0x55, 0x89, 0xA5,
    0x50, 0xA0, 0x33, 0x1A, 0x02, 0x29, 0xE0, 0x30, 0xAA, 0x2E, 0x88, 0xC4,
    0x9A, 0x94, 0x81, 0xA1, 0x4B, 0xF8, 0x2E, 0x6B, 0x9E, 0xC8, 0x9A, 0xE8,
    0xAA, 0xA6, 0xC8, 0xB2, 0x2C, 0x83, 0x95, 0x86, 0x39, 0x96, 0x37, 0x0D,
    0x43, 0x78, 0xCC, 0x68, 0x0C, 0x2A, 0x8B, 0x6E, 0x9A, 0xA6, 0xA6, 0xC1,
    0x4B, 0xF8, 0x3E, 0x0F, 0x83, 0xE0, 0x38, 0xEE, 0xAA, 0x32, 0x8C, 0x99,
    0x42, 0x63, 0x86, 0x46, 0x20, 0xA8, 0xAA, 0xA6, 0xE7, 0x49, 0x20, 0x15,
    0x0A, 0x21, 0x50, 0xA2, 0x1E, 0x87, 0xA1, 0xE8, 0x7A, 0x1F, 0xC1, 0xF0,
    0x7C, 0x1F, 0x07, 0xC1, 0xF0, 0x7C, 0x1F, 0x07, 0xC1, 0xF0, 0x7C, 0x1F,
    0x07, 0xC1, 0xF0, 0x7C, 0x1B, 0x25, 0xCF, 0x73, 0x68, 0x8F, 0xFC, 0x1F,
    0x07, 0xC1, 0xF0, 0x24, 0x79, 0x45, 0x91, 0x73, 0x64, 0x9A, 0x1F, 0xC1,
    0xF0, 0x7C, 0x1F, 0x07, 0xC1, 0xF0, 0x7C, 0x1F, 0x07, 0xC1, 0xF0, 0x12,
    0xB1, 0xEC, 0xF7, 0x45, 0xCD, 0x82, 0xE4, 0x9F, 0x07, 0xC1, 0xF0, 0x7C,
    0x1F, 0x07, 0xC1, 0xF0, 0x7C, 0x1F, 0x07, 0xC1, 0xF0, 0x7C, 0x1F, 0x07,
    0xFF, 0x07, 0xC1, 0xF0, 0x7C, 0x1F, 0x07, 0xC1, 0xF0, 0x7C, 0x03, 0x0F,
    0x4B, 0x94, 0x5C, 0xF7, 0x36, 0x09, 0xB1, 0x7C, 0x1F, 0x07, 0xC1, 0xF0,
    0x7C, 0x0A, 0x7C, 0x1F, 0x07, 0xC1, 0xF0, 0x7C, 0x1F, 0x07, 0xC1, 0xF0,
    0x7C, 0x1F, 0x06, 0xCA, 0x30, 0xD5, 0x93, 0x64, 0x9D, 0x07, 0xC2, 0x0F,
    0x7B, 0xDE, 0xF4, 0x10, 0x27, 0x7C, 0x1F, 0x07, 0xC1, 0xF0, 0x7C, 0x1F,
    0x1E, 0x8D, 0x83, 0x7C, 0x1F, 0x00, 0xC5, 0x20, 0xA4, 0x70, 0x21, 0x8C,
    0xF2, 0x14, 0xCF, 0x30, 0xC4, 0x42, 0xAC, 0xE1, 0x53, 0x8A, 0x15, 0x3A,
    0x2E, 0x83, 0x8C, 0x12, 0x04, 0x84, 0x7C, 0x04, 0x16, 0x89, 0x73, 0x64,
    0x7F, 0x07, 0xC1, 0xF0, 0x7C, 0x1F, 0x07, 0xC0, 0x71, 0xB4, 0x4D, 0x1B,
    0x0A, 0xA2, 0x2C, 0xC8, 0x10, 0x8E, 0x64, 0x10, 0x81, 0x39, 0xD0, 0x22,
    0x88, 0x4E, 0x30, 0x54, 0xE9, 0x34, 0xC1, 0x20, 0x88, 0xD3, 0x04, 0xA1,
    0x20, 0xDF, 0x07, 0xC1, 0xF0, 0x1C, 0x3C, 0x1E, 0xC9, 0xA2, 0x68, 0x7B,
    0x1F, 0x03, 0xF0, 0x7C, 0x1F, 0x07, 0xC1, 0xF0, 0x7C, 0x1F, 0x07, 0xC1,
    0xF0, 0x1C, 0x5D, 0x13, 0xE0, 0xF8, 0x3E, 0x0F, 0x83, 0xE0, 0xF8, 0x3E,
    0x03, 0x8B, 0x82, 0xE0, 0xF6, 0x3D, 0x8F, 0x62, 0xF8, 0x3E, 0x0F, 0x83,
    0xE0, 0xF8, 0x3E, 0x0F, 0x80, 0xEF, 0x83, 0xE0, 0xF8, 0x3E, 0x0F, 0x83,
    0xE0, 0x30, 0xF6, 0x5C, 0x97, 0x25, 0xC9, 0x76, 0x3E, 0x0F, 0x82, 0xF8,
    0x3E, 0x0F, 0x83, 0xE0, 0xF8, 0x3E, 0x03, 0x3E, 0x0F, 0x83, 0xE0, 0xF8,
    0x3E, 0x03, 0x8B, 0x83, 0xE0, 0xF6, 0x4C, 0x9B, 0x25, 0xC9, 0x74, 0x3E,
    0x0B, 0x82, 0xF8, 0x3E, 0x0F, 0x83, 0xE0, 0xF8, 0x10, 0xF8, 0x3E, 0x0F,
    0x81, 0x62, 0xD8, 0xF8, 0x2E, 0x0B, 0x44, 0xD1, 0x70, 0x6C, 0x1F, 0x06,
    0xC9, 0x38, 0x3E, 0x0F, 0x63, 0xF8, 0x3E, 0x0F, 0x83, 0xE0, 0x3B, 0xE0,
    0xF8, 0x3E, 0x04, 0x07, 0x83, 0xE0, 0xF8, 0x2E, 0x93, 0x26, 0xC1, 0xEE,
    0x7C, 0x1B, 0x24, 0xD8, 0xB8, 0x2E, 0x0F, 0x62, 0xF8, 0x3E, 0x0F, 0x81,
    0x46, 0x07, 0x83, 0xD8, 0xF8, 0x2E, 0x0F, 0x63, 0xE1, 0x6E, 0x7B, 0x9E,
    0xC8, 0xB2, 0x6A, 0x9B, 0x22, 0xE8, 0xE1, 0x34, 0x5D, 0x0F, 0xE0, 0xF8,
    0x3E, 0x02, 0xBE, 0x0F, 0x81, 0x45, 0xC1, 0xB0, 0x6C, 0x1B, 0x07, 0xB9,
    0xB2, 0x6C, 0x26, 0x8A, 0xA2, 0xAA, 0x6B, 0x9E, 0xE7, 0xB9, 0xEC, 0xA9,
    0xAE, 0x42, 0x0A, 0xA8, 0xA4, 0xBE, 0x0F, 0x83, 0xE0, 0xF8, 0x3E, 0x03,
    0x97, 0x06, 0xC1, 0xB0, 0x6C, 0x1B, 0x25, 0xC9, 0xB0, 0x6C, 0x9E, 0xE7,
    0xB2, 0x68, 0x70, 0x8A, 0x87, 0xB9, 0xEE, 0x85, 0xBE, 0x0F, 0x83, 0xE0,
    0xF8, 0x3E, 0x03, 0x97, 0x06, 0xC1, 0xB2, 0x5C, 0x1A, 0xC9, 0xAA, 0xAC,
    0x8C, 0x1E, 0xA9, 0xAA, 0x6A, 0x7C, 0x1A, 0xE8, 0xAA, 0x56, 0xF8, 0x3E,
    0x0F, 0x83, 0xE0, 0x49, 0x34, 0x5C, 0x9B, 0x06, 0xC1, 0xAC, 0x7B, 0x22,
    0xC8, 0xB2, 0x2A, 0x8B, 0x27, 0x07, 0xB2, 0x2C, 0x7B, 0xA2, 0xAB, 0x4B,
    0xE0, 0xF8, 0x3E, 0x05, 0x8F, 0x45, 0xC9, 0xB0, 0x69, 0x88, 0x66, 0x83,
    0xA0, 0xDB, 0x9B, 0x06, 0xC1, 0xB2, 0x5C, 0x9E, 0xC8, 0xB2, 0x2C, 0x7B,
    0x22, 0xE7, 0x63, 0xE0, 0xF8, 0x3E, 0x02, 0x84, 0xE1, 0xA0, 0x8A, 0x59,
    0x0C, 0x66, 0x99, 0x02, 0x6A, 0x2A, 0xA9, 0xAA, 0x6A, 0x7B, 0x9F, 0x25,
    0xC9, 0x72, 0x6C, 0x1B, 0x06, 0xC1, 0xB0, 0x7B, 0x9D, 0x6F, 0x83, 0xE0,
    0xF8, 0x18, 0x2A, 0x8C, 0x65, 0x98, 0xC4, 0x69, 0x90, 0x26, 0xA2, 0xAA,
    0x9A, 0xA2, 0xC7, 0xB9, 0xF2, 0x5C, 0x97, 0x26, 0xC1, 0xB0, 0x6C, 0x1B,
    0x07, 0xB9, 0xD6, 0xF8, 0x3E, 0x04, 0x1E, 0xE8, 0xB2, 0x6A, 0x9A, 0xA6,
    0xA9, 0xB9, 0xEC, 0x9A, 0x2E, 0x6B, 0x9A, 0xE6, 0xB9, 0xAE, 0x8A, 0xA2,
    0xAA, 0xA9, 0xAE, 0x4B, 0x4A, 0xC1, 0xE8, 0xA2, 0x81, 0x8A, 0x29, 0x10,
    0xA2, 0xA0, 0x8E, 0x0A, 0x08, 0xE0, 0xA0, 0x8E, 0x0F, 0x8B, 0x64, 0x70,
    0x92, 0x4B, 0x93, 0x24, 0xBA, 0x2A, 0x89, 0xAA, 0xE8, 0xA8, 0x3A, 0x0D,
    0x92, 0xCE, 0xC8, 0xA6, 0x33, 0x0A, 0x47, 0x18, 0xA4, 0x90, 0x8A, 0x49,
    0x08, 0xE0, 0xA0, 0x8E, 0x0A, 0x09, 0x20, 0xE8, 0xA0, 0x24, 0x91, 0xC2,
    0x58, 0xB2, 0x2D, 0x8B, 0x26, 0xAA, 0x26, 0xAA, 0x88, 0xC2, 0xA8, 0x3A,
    0x0D, 0x92, 0xC8, 0xD0, 0x64, 0x81, 0x8A, 0x29, 0x10, 0xA2, 0x91, 0x0E,
    0x0A, 0x08, 0xE0, 0xA0, 0x8E, 0x0F, 0x83, 0xA4, 0xC8, 0xB2, 0x4C, 0x92,
    0xE6, 0xBA, 0x26, 0xA8, 0xB2, 0x62, 0xE8, 0x3A, 0x2C, 0x92, 0x8A, 0xF8,
    0x3E, 0x0F, 0x83, 0xE0, 0xF8, 0x3E, 0x0F, 0x83, 0xE0, 0xF8, 0x2A, 0x2E,
    0x0B, 0xE0, 0xF8, 0x3E, 0x0F, 0x83, 0xE0, 0xF8, 0x3E, 0x0F, 0x82, 0x8F,
    0x83, 0xE0, 0xF8, 0x3E, 0x0F, 0x83, 0xE0, 0xF8, 0x3E, 0x0F, 0x83, 0xE0,
    0x12, 0x26, 0xBD, 0x07, 0xE0, 0xF8, 0x3E, 0x0F, 0x83, 0xE0, 0xF8, 0x3E,
    0x03, 0x3E, 0x0F, 0x83, 0xE0, 0xF8, 0x3E, 0x0F, 0x83, 0xE0, 0xF8, 0x3E,
    0x02, 0xC1, 0xEF, 0xF8, 0x3E, 0x0F, 0x83, 0xE0, 0xF8, 0x3E, 0x0F, 0x83,
    0xE0, 0xB3, 0xE0, 0xF8, 0x3E, 0x0F, 0x83, 0xE0, 0xF8, 0x2E, 0x1D, 0x12,
    0xA9, 0x67, 0xC1, 0x00, 0xD4, 0x66, 0x41, 0x46, 0x51, 0x99, 0x05, 0x19,
    0x84, 0x63, 0x9C, 0x46, 0x11, 0x8E, 0x71, 0x18, 0x46, 0x39, 0xC4, 0x61,
    0x19, 0x06, 0x11, 0x84, 0x54, 0x94, 0x65, 0x21, 0x12, 0x52, 0x10, 0x84,
    0x0A, 0xA9, 0xA2, 0xA8, 0xAA, 0x2A, 0x8A, 0x9A, 0xE6, 0xB5, 0x0C, 0xCB,
    0x41, 0xC8, 0x40, 0x98, 0x87, 0x09, 0x08, 0x30, 0xDC, 0x71, 0x0A, 0x86,
    0x10, 0xA4, 0x24, 0x0B, 0x02, 0xB0, 0x90, 0x38, 0x09, 0x02, 0x30, 0xD0,
    0x43, 0x10, 0x85, 0x31, 0x08, 0x62, 0x10, 0x82, 0xF1, 0x89, 0x42, 0x0B,
    0x06, 0x25, 0x08, 0x2C, 0x78, 0x84, 0xA7, 0xC1, 0x03, 0x55, 0x53, 0x5C,
    0xD7, 0x36, 0x49, 0x92, 0x62, 0x08, 0x65, 0x9C, 0xE5, 0x18, 0x4C, 0x72,
    0x84, 0x83, 0x59, 0x8A, 0x12, 0x8C, 0x21, 0x49, 0x42, 0x11, 0x87, 0x21,
    0x18, 0x72, 0x21, 0x07, 0x22, 0x10, 0x44, 0x1B, 0x18, 0x21, 0x10, 0x44,
    0x15, 0x84, 0x4A, 0x10, 0x44, 0x15, 0x84, 0x4A, 0x10, 0x44, 0x15, 0x08,
    0x50, 0x51, 0x5F, 0x04, 0x0D, 0x55, 0x4D, 0x72, 0x64, 0x9B, 0x26, 0x49,
    0x88, 0x21, 0x96, 0x73, 0x94, 0x61, 0x2A, 0x0A, 0x12, 0x0D, 0x66, 0x28,
    0x4A, 0x35, 0x94, 0x21, 0xE8, 0x46, 0x11, 0x06, 0xC2, 0x10, 0x72, 0x20,
    0x88, 0x41, 0x10, 0x66, 0x60, 0x84, 0x41, 0x10, 0x56, 0x11, 0x28, 0x41,
    0x10, 0x54, 0x21, 0x28, 0x41, 0x10, 0x54, 0x21, 0x41, 0x45, 0x7C, 0x0D,
    0x45, 0x55, 0x45, 0x51, 0x72, 0x6C, 0x1C, 0xB0, 0x95, 0x6A, 0x29, 0x16,
    0x75, 0x08, 0x61, 0x39, 0xCC, 0x12, 0x08, 0x41, 0x41, 0x84, 0x14, 0x8D,
    0x25, 0xF8, 0x04, 0x11, 0x07, 0x41, 0x10, 0x82, 0x1B, 0x08, 0x42, 0x08,
    0x6C, 0x81, 0x05, 0xA1, 0x22, 0x44, 0x11, 0x05, 0x42, 0x0B, 0x9B, 0x35,
    0x95, 0x21, 0x68, 0xF6, 0x4D, 0x15, 0x45, 0x4D, 0x73, 0x62, 0xC6, 0x64,
    0xA4, 0xE6, 0x39, 0xCE, 0x11, 0x94, 0xE7, 0x61, 0x0E, 0x67, 0x0A, 0x61,
    0x10, 0x6C, 0x11, 0x84, 0x41, 0xB0, 0x84, 0x11, 0x06, 0xCA, 0x78, 0x44,
    0x10, 0xAC, 0x21, 0x60, 0x82, 0x10, 0xAC, 0x21, 0x60, 0x83, 0x05, 0x51,
    0x46, 0x44, 0x79, 0x3D, 0x93, 0x54, 0xD1, 0x53, 0x64, 0x98, 0xB1, 0x9D,
    0x0A, 0x31, 0xCC, 0x85, 0x18, 0xE7, 0x59, 0x10, 0x62, 0x05, 0x22, 0xF8,
    0x1C, 0x11, 0x84, 0x41, 0xB0, 0x84, 0x20, 0x86, 0xC2, 0x11, 0x60, 0x11,
    0x04, 0x2B, 0x70, 0x44, 0xD1, 0x05, 0x54, 0x55, 0x14, 0x67, 0xC0, 0xA3,
    0xD9, 0x35, 0x4D, 0x53, 0x35, 0xCD, 0x57, 0x38, 0xC4, 0xF4, 0x88, 0xAD,
    0x9A, 0xAC, 0x78, 0x88, 0xC3, 0x30, 0x56, 0x52, 0x08, 0xA3, 0x4A, 0x90,
    0x53, 0x30, 0x88, 0x33, 0x06, 0x74, 0x30, 0x28, 0x4D, 0x55, 0x35, 0xAD,
    0xF0, 0x2C, 0xD7, 0x55, 0x15, 0x45, 0x4D, 0x73, 0x5D, 0x52, 0xB2, 0x19,
    0x25, 0x08, 0xD0, 0x44, 0x0C, 0xA2, 0xF8, 0x02, 0x23, 0x06, 0x6B, 0x40,
    0x48, 0x41, 0x2D, 0x16, 0x45, 0x91, 0x64, 0x55, 0x35, 0x4D, 0x54, 0xA7,
    0xC1, 0xF0, 0x24, 0xF7, 0x4D, 0x55, 0x35, 0xCD, 0x74, 0x52, 0xC4, 0x84,
    0x90, 0x25, 0x31, 0x12, 0x22, 0x8F, 0xA1, 0xF8, 0x3E, 0x11, 0x09, 0xC5,
    0x31, 0x44, 0x14, 0xD1, 0x70, 0x74, 0x1D, 0x11, 0x09, 0x34, 0x5A, 0x5F,
    0x02, 0xCB, 0x84, 0x59, 0x35, 0x54, 0xD7, 0x35, 0x55, 0x4C, 0x0A, 0x0A,
    0x11, 0x8C, 0x65, 0x29, 0x12, 0x23, 0x87, 0xE0, 0xF8, 0x3E, 0x01, 0x0D,
    0x61, 0x10, 0xC4, 0x12, 0x99, 0x49, 0x08, 0x42, 0x57, 0x38, 0xE1, 0x43,
    0x8A, 0x24, 0xD5, 0x34, 0x5A, 0x5F, 0x03, 0x0B, 0x74, 0xD5, 0x54, 0x54,
    0xD7, 0x35, 0xD5, 0x2C, 0x11, 0xD2, 0x41, 0x10, 0xC5, 0x40, 0xCA, 0x2F,
    0x83, 0xE0, 0x08, 0x42, 0x17, 0x84, 0x41, 0x31, 0x44, 0x16, 0x04, 0x41,
    0x10, 0x44, 0x96, 0x08, 0x2C, 0x73, 0x8E, 0x14, 0x38, 0xA2, 0x4D, 0x55,
    0x35, 0xA5, 0xF0, 0x2C, 0xD8, 0x45, 0x55, 0x45, 0x4D, 0x73, 0x5D, 0x52,
    0xB1, 0xA1, 0x0A, 0x31, 0x52, 0x32, 0x0B, 0xA1, 0xF8, 0x3C, 0x10, 0x84,
    0x21, 0x20, 0x50, 0x15, 0x96, 0x63, 0x12, 0x22, 0x40, 0x94, 0xC1, 0x30,
    0x4C, 0x83, 0x09, 0x16, 0x45, 0x90, 0xB7, 0xC0, 0xB3, 0x5D, 0x35, 0x55,
    0x15, 0x35, 0xD1, 0x55, 0x4A, 0xC6, 0x74, 0xA8, 0xC5, 0x30, 0x44, 0x32,
    0x0B, 0xE0, 0xF8, 0x3C, 0x10, 0x84, 0x21, 0x80, 0x42, 0x10, 0x84, 0x85,
    0x81, 0x06, 0x87, 0x14, 0x46, 0x30, 0x4C, 0x12, 0x94, 0x23, 0x30, 0x90,
    0x22, 0xA0, 0x64, 0x41, 0x06, 0xF4, 0x2D, 0xF0, 0x2C, 0xD7, 0x55, 0x15,
    0x45, 0x4D, 0x73, 0x5D, 0x14, 0xB1, 0x21, 0x25, 0x10, 0xCA, 0x63, 0x04,
    0x43, 0x28, 0x7E, 0x0F, 0x83, 0xA1, 0x08, 0x48, 0x16, 0x04, 0x81, 0x08,
    0x44, 0x60, 0x85, 0x81, 0x08, 0x82, 0x10, 0x84, 0x47, 0x79, 0x82, 0x53,
    0x04, 0xC1, 0x32, 0x0E, 0x14, 0x04, 0xE6, 0x21, 0x10, 0x42, 0x39, 0x0B,
    0x3C, 0x58, 0x3D, 0xD5, 0x45, 0x4D, 0x73, 0x5D, 0x15, 0x45, 0x2C, 0x29,
    0x28, 0x84, 0x60, 0x8C, 0xA5, 0x38, 0x44, 0x32, 0x87, 0xE0, 0xF8, 0x3E,
    0x01, 0x06, 0x41, 0x39, 0x02, 0x27, 0x84, 0x41, 0x09, 0xC2, 0x17, 0x04,
    0x2B, 0xA1, 0xD0, 0x14, 0x04, 0xC6, 0x30, 0xD0, 0x32, 0xB9, 0x0B, 0x30,
    0xD7, 0x45, 0x95, 0x45, 0x4D, 0x73, 0x5D, 0x15, 0x45, 0xA8, 0x29, 0x28,
    0x84, 0x60, 0x8C, 0x86, 0x38, 0x44, 0x3F, 0x83, 0xA1, 0xF8, 0x3E, 0x01,
    0x84, 0x21, 0x10, 0x42, 0x17, 0x04, 0x21, 0x08, 0x82, 0x70, 0x85, 0xC1,
    0x0B, 0x64, 0x93, 0x05, 0x01, 0x29, 0xCC, 0x34, 0x0C, 0xA7, 0x11, 0x50,
    0xB7, 0xC0, 0xA4, 0x59, 0x54, 0x54, 0xD9, 0x26, 0x49, 0x93, 0x5D, 0x0C,
    0x11, 0x94, 0x23, 0x21, 0x8E, 0x11, 0x11, 0x82, 0x60, 0xBE, 0x0F, 0x83,
    0xE0, 0x38, 0x42, 0x19, 0x04, 0x21, 0x19, 0x06, 0x19, 0x0C, 0x21, 0xD9,
    0x10, 0x14, 0x05, 0x05, 0x19, 0x50, 0x51, 0xB9, 0x0B, 0xFC, 0x0C, 0x2E,
    0x4D, 0x73, 0xD9, 0x74, 0x38, 0x43, 0x50, 0x88, 0x62, 0x0F, 0x43, 0x70,
    0x94, 0x2D, 0x0A, 0x45, 0xA3, 0x54, 0x21, 0x45, 0x91, 0x64, 0x54, 0x21,
    0x3D, 0x42, 0x13, 0x04, 0x36, 0x35, 0x02, 0x33, 0x0C, 0x2D, 0x11, 0x4C,
    0x51, 0xC0, 0xCC, 0xB4, 0xB8, 0x3D, 0xD0, 0x10, 0xCD, 0x74, 0x38, 0x45,
    0x43, 0x84, 0x39, 0x10, 0x85, 0x60, 0x94, 0x56, 0x11, 0x02, 0x70, 0x88,
    0x24, 0x09, 0x4A, 0x30, 0x88, 0x24, 0x09, 0xC2, 0x20, 0x85, 0x15, 0x55,
    0x15, 0x45, 0x50, 0x21, 0x45, 0x8C, 0x10, 0xCC, 0x22, 0x30, 0x83, 0x01,
    0x0C, 0xC3, 0x12, 0x0C, 0x53, 0x14, 0xAE, 0x33, 0x2B, 0x6C, 0x1D, 0x14,
    0x88, 0x32, 0x48, 0x83, 0x30, 0x88, 0xA1, 0x15, 0xC4, 0x31, 0x54, 0x27,
    0x0A, 0x42, 0xB1, 0x14, 0x44, 0x08, 0x82, 0xB3, 0x0C, 0x22, 0x0A, 0x82,
    0x20, 0x89, 0x02, 0x08, 0x82, 0xA0, 0x8D, 0x92, 0x64, 0x99, 0x25, 0xCC,
    0x21, 0x54, 0x82, 0x14, 0x04, 0x31, 0x08, 0x90, 0x10, 0xC0, 0x42, 0x40,
    0x84, 0x80, 0x8C, 0x44, 0x41, 0x04, 0x30, 0x84, 0xA6, 0x41, 0x8B, 0x52,
    0xC4, 0x28, 0x08, 0x46, 0x10, 0xE0, 0x21, 0x10, 0x63, 0x90, 0x8E, 0x39,
    0x08, 0xE3, 0x90, 0x8E, 0x28, 0x20, 0x81, 0x18, 0x48, 0x11, 0x84, 0x4C,
    0x10, 0x46, 0x12, 0x04, 0x72, 0x18, 0x48, 0x11, 0xC8, 0x61, 0xF8, 0x3E,
    0x0F, 0x80, 0xCF, 0x78, 0x82, 0xD7, 0x08, 0x2A, 0x08, 0x9A, 0x21, 0x28,
    0x22, 0x60, 0xC4, 0xA1, 0x09, 0x24, 0x1A, 0x86, 0x33, 0x0C, 0xAA, 0x21,
    0x05, 0x68, 0xD6, 0x36, 0x91, 0x42, 0x62, 0x10, 0x32, 0x04, 0x21, 0x13,
    0x08, 0x14, 0x04, 0x50, 0x10, 0x8C, 0x21, 0x50, 0xD8, 0x36, 0x0D, 0x83,
    0xDB, 0xE0, 0xF8, 0x3E, 0x02, 0xD8, 0xF7, 0x38, 0xC5, 0x23, 0x8C, 0x4E,
    0x09, 0x0C, 0x31, 0x38, 0x43, 0x21, 0x06, 0xE1, 0x10, 0x45, 0x1B, 0x86,
    0x58, 0xF0, 0x2E, 0x8B, 0x81, 0xF8, 0x3E, 0x0F, 0x83, 0xE0, 0xF8, 0x32,
    0x17, 0x24, 0xDF, 0x07, 0xC0, 0x5F, 0x83, 0xE0, 0xF8, 0x3E, 0x0B, 0x0B,
    0x82, 0xB0, 0x48, 0x3B, 0x08, 0x4F, 0x83, 0xE0, 0xC0, 0x7E, 0x0F, 0x83,
    0xE0, 0xF8, 0x3E, 0x0A, 0x94, 0x5F, 0x07, 0x6E, 0x7E, 0x0B, 0xE0, 0xF8,
    0x3E, 0x0F, 0x83, 0xE0, 0xF8, 0x30, 0xE0, 0xB8, 0x2E, 0x87, 0x01, 0x20,
    0x70, 0x1F, 0x83, 0xA3, 0xC9, 0x4F, 0x00, 0x9C, 0x5C, 0x93, 0x6A, 0x9B,
    0x9E, 0xE7, 0xC1, 0xB0, 0x68, 0x04, 0xE6, 0x80, 0xCA, 0x68, 0x98, 0x26,
    0x9A, 0xDF, 0x06, 0x0B, 0x92, 0xD8, 0x41, 0x2D, 0x91, 0x50, 0x84, 0xFE,
    0x0C, 0x48, 0x80, 0x8E, 0x67, 0x08, 0xA8, 0x70, 0xC4, 0xA7, 0x14, 0x0A,
    0x70, 0xC8, 0x87, 0x0C, 0x88, 0x70, 0xB0, 0x63, 0x20, 0x84, 0x30, 0xB5,
    0xD2, 0x54, 0x57, 0x28, 0x3A, 0x21, 0x44, 0xC5, 0x0C, 0x8D, 0xB2, 0x6C,
    0xBA, 0x2E, 0xC9, 0xC1, 0x10, 0x6B, 0x23, 0x06, 0x18, 0x28, 0x61, 0x19,
    0xCC, 0xA2, 0x28, 0xAB, 0x22, 0xC8, 0x80, 0x88, 0x6C, 0x1B, 0x06, 0x75,
    0x9C, 0xA8, 0x4A, 0x04, 0xA4, 0xD1, 0xB1, 0x5D, 0x17, 0x35, 0x9C, 0xE3,
    0x64, 0xC5, 0x15, 0x47, 0xC2, 0x70, 0x94, 0x0A, 0x02, 0x11, 0x7C, 0x03,
    0x1A, 0x86, 0xE1, 0x85, 0xEB, 0x18, 0x44, 0x63, 0xAC, 0x6A, 0x2B, 0x06,
    0xA2, 0x34, 0x6A, 0x20, 0x42, 0x60, 0x90, 0x66, 0x59, 0xCC, 0x74, 0x55,
    0x53, 0x6C, 0x95, 0x45, 0x4D, 0x68, 0x3C, 0xAC, 0x1A, 0xCA, 0x41, 0x14,
    0xA9, 0x31, 0x02, 0x43, 0xA0, 0xE9, 0x40, 0xC8, 0x51, 0x14, 0x29, 0x41,
    0x42, 0x51, 0x28, 0xF0, 0x11, 0xCB, 0x01, 0x1C, 0xCF, 0x19, 0x8E, 0xD2,
    0x18, 0xEE, 0x18, 0x93, 0x01, 0x8D, 0x86, 0x08, 0xCA, 0x44, 0x24, 0x22,
    0x28, 0xD7, 0x36, 0x55, 0x16, 0x3D, 0xC4, 0x31, 0x5C, 0x43, 0x13, 0x04,
    0x12, 0x5A, 0x71, 0x29, 0x68, 0x1A, 0x48, 0x12, 0x08, 0x27, 0x42, 0x46,
    0xC3, 0x60, 0xC3, 0x08, 0x83, 0x22, 0x24, 0x48, 0x19, 0x0C, 0x91, 0x18,
    0x63, 0x34, 0x86, 0x32, 0x84, 0x6F, 0x7B, 0xC6, 0x15, 0xBE, 0x0C, 0x28,
    0x42, 0x23, 0x28, 0x23, 0x29, 0x0F, 0x73, 0xE0, 0xD8, 0x10, 0x85, 0x81,
    0x08, 0x4B, 0x13, 0x02, 0x21, 0x39, 0x01, 0x08, 0xD5, 0x4E, 0x89, 0xB2,
    0x40, 0xB8, 0x30, 0x43, 0x62, 0xC0, 0x67, 0x20, 0x84, 0xC1, 0x98, 0xC2,
    0x12, 0xC6, 0x30, 0x85, 0x08, 0x09, 0x48, 0x23, 0x84, 0x6D, 0x18, 0x9A,
    0xC1, 0x85, 0x43, 0x1A, 0x48, 0x35, 0x08, 0x66, 0x29, 0x54, 0x31, 0xB5,
    0x26, 0x1B, 0x50, 0x71, 0xB4, 0xCA, 0x1A, 0xC4, 0x21, 0x2C, 0x4B, 0x10,
    0x84, 0xD2, 0xC2, 0x72, 0x88, 0x31, 0x09, 0x0F, 0x20, 0x94, 0xC2, 0x0B,
    0x86, 0x61, 0x44, 0xE4, 0x14, 0x0D, 0x92, 0xC4, 0x65, 0x34, 0x06, 0x53,
    0xBC, 0x62, 0x08, 0x90, 0x41, 0x20, 0x81, 0x63, 0x46, 0x25, 0x04, 0x4C,
    0x18, 0x56, 0x11, 0x2C, 0x82, 0x08, 0x96, 0x73, 0x94, 0xC4, 0x11, 0x82,
    0xA3, 0x94, 0x50, 0x39, 0x85, 0x01, 0x08, 0x47, 0x13, 0xC4, 0x21, 0x20,
    0x4E, 0x10, 0x84, 0x90, 0x8C, 0x61, 0x20, 0xF7, 0x53, 0x82, 0x40, 0x85,
    0x2E, 0x38, 0xC4, 0x40, 0xB8, 0xA2, 0x19, 0x82, 0x10, 0xAD, 0x6F, 0x08,
    0xCE, 0x11, 0x20, 0x23, 0x19, 0x4C, 0x21, 0x30, 0x64, 0x29, 0x04, 0xC1,
    0x88, 0xE4, 0x1A, 0xC6, 0x33, 0x8C, 0x4C, 0x19, 0x0C, 0x21, 0xB2, 0x4B,
    0x9A, 0x4E, 0x36, 0x10, 0x2D, 0x64, 0xCB, 0x91, 0x04, 0x78, 0x10, 0x85,
    0x81, 0x08, 0x4D, 0x54, 0xA7, 0x13, 0x02, 0x32, 0x9C, 0x4B, 0x11, 0x0C,
    0xF2, 0x98, 0x89, 0x09, 0x4A, 0x23, 0xC1, 0x82, 0x0B, 0xD6, 0x81, 0x9D,
    0x2B, 0x19, 0x92, 0x90, 0x88, 0x63, 0x53, 0x88, 0x34, 0x3C, 0x84, 0x34,
    0x06, 0x43, 0xC2, 0x0C, 0x48, 0x54, 0xA3, 0x84, 0x21, 0x5B, 0x42, 0x44,
    0x8C, 0x31, 0x4D, 0xCD, 0x81, 0x08, 0x4D, 0x08, 0x23, 0x0A, 0xC2, 0x60,
    0xD4, 0x58, 0x35, 0x42, 0x23, 0x5C, 0xE6, 0x09, 0x84, 0x83, 0x9C, 0x22,
    0x08, 0xC2, 0x93, 0x9C, 0x62, 0x12, 0x22, 0x12, 0x9A, 0x05, 0x19, 0x9E,
    0x61, 0x84, 0x61, 0x40, 0x4C, 0x40, 0x84, 0xA1, 0x7A, 0x86, 0x45, 0x34,
    0x65, 0x43, 0x48, 0x44, 0xB0, 0xA2, 0x62, 0xC6, 0x18, 0x84, 0x28, 0x38,
    0x9C, 0x62, 0x91, 0x61, 0x1A, 0x42, 0x55, 0xAA, 0x11, 0x08, 0x61, 0x40,
    0x9E, 0x14, 0x18, 0x82, 0x89, 0xE2, 0x12, 0x9B, 0x06, 0xC1, 0x8C, 0x18,
    0x94, 0xE1, 0x40, 0x4E, 0x81, 0x84, 0x83, 0x10, 0xCC, 0x83, 0x14, 0x43,
    0x34, 0x02, 0x21, 0x0C, 0xB1, 0x08, 0x44, 0x71, 0x20, 0x25, 0x40, 0xC3,
    0x14, 0x8C, 0x6C, 0x59, 0x0A, 0x86, 0x14, 0xAB, 0x49, 0x09, 0x04, 0x08,
    0x2F, 0x09, 0x4C, 0x70, 0xA8, 0x21, 0x49, 0x46, 0xB5, 0x1E, 0x32, 0x29,
    0x27, 0x1A, 0x54, 0x81, 0xA5, 0x29, 0x22, 0x12, 0x82, 0xA1, 0x27, 0x39,
    0xD2, 0x73, 0x9D, 0x27, 0x08, 0x4A, 0x74, 0xA0, 0xE6, 0x4A, 0x4A, 0x74,
    0xAC, 0x25, 0x69, 0x82, 0x71, 0x04, 0xE3, 0x19, 0xC2, 0x55, 0xB0, 0x26,
    0x74, 0x60, 0x9A, 0xB9, 0xF0, 0x62, 0xE4, 0xD6, 0x14, 0x68, 0x04, 0xC9,
    0xA2, 0x82, 0x30, 0x85, 0xD0, 0x6B, 0x02, 0x55, 0x55, 0x16, 0x08, 0xC9,
    0xA1, 0xC8, 0x47, 0x1E, 0xC5, 0xC1, 0x60, 0x61, 0x16, 0x04, 0x11, 0xE0,
    0xF4, 0x08, 0xCE, 0xF0, 0x88, 0x43, 0x49, 0xC8, 0x22, 0x16, 0x43, 0x21,
    0x64, 0x32, 0x12, 0x44, 0x28, 0x88, 0x48, 0x4C, 0x12, 0x88, 0x61, 0x48,
    0x8E, 0x29, 0x0C, 0x65, 0xC1, 0xC4, 0x11, 0x84, 0x21, 0x58, 0x82, 0x70,
    0x84, 0x21, 0x92, 0x82, 0x46, 0x49, 0x73, 0x55, 0x82, 0x11, 0x84, 0x5A,
    0x1E, 0x89, 0x92, 0x5C, 0x21, 0x25, 0x82, 0x21, 0x04, 0x36, 0x10, 0xC2,
    0x11, 0xD0, 0xC1, 0x14, 0xD0, 0x11, 0x0D, 0x83, 0x48, 0x46, 0x26, 0x0D,
    0x21, 0x10, 0xD8, 0x34, 0x84, 0x24, 0x55, 0x73, 0x64, 0x5A, 0x20, 0x8C,
    0x49, 0x68, 0x82, 0x40, 0xA5, 0xA1, 0x1B, 0x64, 0xC8, 0xB6, 0x4C, 0x88,
    0x84, 0x98, 0x84, 0xA6, 0xC0, 0x82, 0x4A, 0xA6, 0x8A, 0x88, 0x42, 0xB7,
    0xBD, 0xD0, 0x64, 0x97, 0x35, 0xCC, 0x40, 0xF8, 0xD7, 0x43, 0xC2, 0x55,
    0x38, 0x25, 0x54, 0xD8, 0xB0, 0x95, 0xB1, 0x6C, 0xD7, 0x26, 0x49, 0xB1,
    0x74, 0x1D, 0x05, 0xBC, 0x42, 0x5C, 0x9B, 0x17, 0x28, 0x24, 0x7B, 0xDE,
    0xF7, 0xBC, 0x20, 0x8C, 0x59, 0x2D, 0xD3, 0x55, 0x20, 0x29, 0x08, 0x57,
    0x26, 0x40, 0x21, 0x62, 0xC4, 0x56, 0x49, 0x92, 0x5C, 0xD9, 0x26, 0x08,
    0x2F, 0x64, 0x99, 0x27, 0x41, 0xB1, 0x73, 0x42, 0x27, 0x41, 0xEF, 0x83,
    0x84, 0x08, 0x85, 0x10, 0x9C, 0xF6, 0x55, 0x15, 0x45, 0x20, 0x49, 0x5C,
    0x9C, 0xD0, 0x89, 0xB2, 0x60, 0x43, 0x16, 0x49, 0x92, 0x6C, 0x18, 0x11,
    0x41, 0x73, 0x64, 0x5D, 0x07, 0x41, 0xD0, 0x74, 0x1E, 0xD2, 0x45, 0x94,
    0x38, 0x26, 0x53, 0x42, 0x65, 0xCD, 0x72, 0x62, 0x02, 0x86, 0xC5, 0xB3,
    0x58, 0x43, 0x06, 0x04, 0x30, 0x64, 0x99, 0x16, 0xCD, 0x62, 0x0C, 0x19,
    0x16, 0xC5, 0xB1, 0x74, 0x1C, 0xF7, 0xB0, 0xA1, 0x88, 0x34, 0x45, 0x55,
    0x45, 0x51, 0x72, 0x64, 0x5A, 0xA0, 0x99, 0xB3, 0x5C, 0x9B, 0x16, 0x84,
    0x22, 0x0B, 0x1D, 0x16, 0xC1, 0x92, 0x61, 0x04, 0xC6, 0xC5, 0xB0, 0x74,
    0x1D, 0x07, 0x35, 0xF0, 0x20, 0x46, 0x0C, 0x11, 0x64, 0x88, 0x31, 0x58,
    0x43, 0x15, 0xC9, 0x91, 0x6B, 0x44, 0x36, 0xC5, 0x92, 0x60, 0x82, 0xE6,
    0x98, 0x29, 0x72, 0xC2, 0x66, 0x08, 0x6D, 0x60, 0x48, 0xC7, 0x04, 0x64,
    0x09, 0xDC, 0x11, 0xB2, 0x2D, 0x8B, 0x62, 0xC1, 0x86, 0xF0, 0x9C, 0xF6,
    0x52, 0x02, 0xB5, 0x51, 0x72, 0x60, 0x86, 0xD6, 0x08, 0x4E, 0x60, 0x44,
    0xF6, 0x04, 0x4E, 0x6C, 0x99, 0x26, 0x18, 0x2B, 0x68, 0x86, 0xCB, 0x9B,
    0x05, 0xD1, 0xB2, 0x5C, 0x97, 0x06, 0xB2, 0x06, 0x1E, 0x4E, 0xF1, 0x15,
    0x35, 0x52, 0x42, 0x95, 0xC9, 0x91, 0x74, 0x5A, 0x40, 0xB9, 0x69, 0x11,
    0xD8, 0x91, 0x1D, 0x91, 0x6C, 0x5B, 0x26, 0x49, 0xA9, 0x09, 0xDB, 0x16,
    0xC5, 0xCF, 0xB2, 0x70, 0x42, 0x43, 0xA3, 0x5D, 0x34, 0x5C, 0xD6, 0xA0,
    0xA1, 0x71, 0x6C, 0x5C, 0x40, 0xB1, 0x85, 0x13, 0x18, 0x50, 0xB1, 0x92,
    0x64, 0x5B, 0x35, 0xCE, 0x0D, 0x98, 0xC2, 0x7A, 0x2A, 0xA9, 0xB1, 0xF0,
    0x32, 0xC4, 0x60, 0xD0, 0x96, 0x4D, 0x55, 0x35, 0xCD, 0x66, 0x09, 0x02,
    0x76, 0x08, 0x2E, 0x68, 0x82, 0xE6, 0x88, 0x30, 0x5C, 0x9B, 0x16, 0xC5,
    0xC4, 0x0A, 0xD6, 0x70, 0xAE, 0x2B, 0x08, 0x66, 0x9B, 0x0C, 0x25, 0xB2,
    0x2E, 0x6C, 0x0C, 0x71, 0xF0, 0x6A, 0x0B, 0x11, 0x55, 0x4D, 0x73, 0x5C,
    0xD8, 0x90, 0x94, 0x22, 0x61, 0x84, 0xA6, 0x18, 0x4A, 0x61, 0x46, 0xA5,
    0xCD, 0x72, 0x64, 0x5C, 0xA0, 0x94, 0x22, 0x58, 0x4A, 0x40, 0x9E, 0xA9,
    0xB9, 0xB2, 0x5D, 0x13, 0x43, 0x1C, 0x77, 0x3D, 0x52, 0xC1, 0x19, 0x73,
    0x5C, 0xDB, 0x16, 0xC5, 0x92, 0x62, 0x04, 0x30, 0x91, 0x4A, 0x1A, 0x15,
    0x35, 0xCD, 0x86, 0x0A, 0xD9, 0x26, 0xB0, 0x24, 0x6C, 0x66, 0xBB, 0x90,
    0x22, 0xC1, 0xB4, 0x48, 0x4E, 0x2A, 0x04, 0x85, 0x08, 0xA8, 0x8A, 0xAA,
    0x6C, 0x93, 0xA0, 0xD9, 0x2E, 0x6B, 0x38, 0x94, 0xA4, 0x05, 0x6A, 0x9A,
    0xA8, 0xC8, 0xB6, 0x34, 0x65, 0x13, 0x73, 0xE0, 0xD8, 0x36, 0x48, 0xF8,
    0x10, 0x2A, 0x04, 0x86, 0xB2, 0x58, 0x13, 0xA9, 0x82, 0x33, 0x5C, 0x11,
    0x36, 0x2D, 0x18, 0x98, 0xC2, 0x85, 0xAA, 0x60, 0x4E, 0xAA, 0x26, 0xAA,
    0xA2, 0xC2, 0x46, 0xD1, 0x55, 0x55, 0x53, 0x64, 0x5C, 0xF7, 0x19, 0x61,
    0xE8, 0xB2, 0x7A, 0xA2, 0xAA, 0x60, 0x4C, 0xE8, 0x3A, 0x0F, 0x82, 0xE4,
    0xC9, 0x31, 0x82, 0x2A, 0x9C, 0x13, 0x25, 0x41, 0x54, 0x1B, 0x35, 0xD5,
    0x36, 0x45, 0xC8, 0x10, 0xE0, 0xB9, 0x11, 0x21, 0xE0, 0xEE, 0x8A, 0xA4,
    0x61, 0x82, 0xE6, 0xD7, 0x04, 0x4D, 0x8B, 0x26, 0xB1, 0x89, 0x81, 0x0A,
    0xA8, 0xAA, 0x26, 0x21, 0x1A, 0xDA, 0x12, 0x31, 0xA1, 0x23, 0x62, 0xD1,
    0x05, 0xCD, 0x8D, 0xCF, 0x92, 0xE8, 0x43, 0x86, 0x21, 0x39, 0xAC, 0x9A,
    0x2A, 0x8B, 0x9B, 0x62, 0xD2, 0x09, 0x6C, 0x28, 0x96, 0xC3, 0x05, 0x6B,
    0x9A, 0xE6, 0xB9, 0xAA, 0x8C, 0x95, 0x15, 0x64, 0x60, 0xD9, 0x2E, 0x89,
    0xA2, 0x04, 0x2D, 0x1B, 0x07, 0xBA, 0x2C, 0x8B, 0x2E, 0x6B, 0x18, 0x9C,
    0xA2, 0x09, 0xCA, 0x10, 0x82, 0x17, 0x26, 0xA9, 0xAA, 0x6A, 0x9A, 0x9E,
    0xEA, 0xA2, 0x88, 0x36, 0xD5, 0x37, 0x3E, 0x0D, 0x92, 0xBE, 0x0E, 0x87,
    0xA3, 0xD9, 0x34, 0x5C, 0xA4, 0xA1, 0x7A, 0x4A, 0x27, 0x20, 0xE1, 0x72,
    0x2C, 0x8B, 0x1E, 0xE7, 0xB9, 0xEE, 0x8B, 0x22, 0xC7, 0xB9, 0x72, 0x9A,
    0xA6, 0xAF, 0x83, 0xE0, 0xF8, 0x3E, 0x0E, 0x8B, 0x26, 0xC1, 0x8E, 0x27,
    0x98, 0xE2, 0x79, 0x8E, 0x37, 0x19, 0x02, 0x71, 0x72, 0x5C, 0x93, 0x45,
    0xC8, 0xF6, 0x3D, 0x93, 0x44, 0xD1, 0x34, 0xF8, 0x3E, 0x0F, 0x83, 0xE0,
    0xF8, 0x3E, 0x0F, 0x80, 0x83, 0xD1, 0xB2, 0x6C, 0x1F, 0x06, 0xD1, 0x3E,
    0x0F, 0x83, 0xE0, 0xF8, 0x3E, 0x0F, 0x83, 0xE0, 0x2B, 0xE0, 0xF8, 0x3E,
    0x0F, 0x83, 0xE0, 0xF8, 0x12, 0x4C, 0x97, 0x05, 0xC1, 0xAE, 0x7B, 0x9B,
    0x06, 0xC1, 0x74, 0x3F, 0x83, 0xE0, 0xF8, 0x3E, 0x0F, 0x81, 0x4F, 0x83,
    0xE0, 0xF8, 0x3E, 0x03, 0x07, 0xA4, 0xD1, 0x72, 0x6C, 0x9B, 0x07, 0xC1,
    0xF0, 0x7C, 0x1F, 0x06, 0xC9, 0x76, 0x2F, 0x83, 0xE0, 0xF8, 0x3E, 0x03,
    0x3E, 0x0F, 0x83, 0xE0, 0xF8, 0x3E, 0x0F, 0x80, 0x82, 0xD1, 0xAD, 0x16,
    0xC5, 0xD0, 0x7B, 0xE8, 0x8F, 0x83, 0xE0, 0xF8, 0x3E, 0x0F, 0x83, 0xE0,
    0xF8, 0x04, 0xF8, 0x3E, 0x0F, 0x83, 0xE0, 0xF8, 0x3E, 0x03, 0x87, 0x44,
    0x09, 0xE0, 0xE8, 0x04, 0x2C, 0x83, 0x60, 0xC9, 0x2A, 0xA6, 0xD0, 0x7E,
    0x0F, 0x83, 0xE0, 0xF8, 0x3E, 0x07, 0x3E, 0x0F, 0x83, 0xE0, 0xF8, 0x3E,
    0x05, 0x07, 0x63, 0xD8, 0xF4, 0x7B, 0x22, 0xC8, 0xB2, 0x2C, 0x8B, 0x1F,
    0x06, 0xC9, 0x3E, 0x0F, 0x83, 0xE0, 0xF8, 0x12, 0xF8, 0x3E, 0x0F, 0x83,
    0xE0, 0xF8, 0x16, 0x3D, 0x8F, 0x63, 0xD8, 0xE8, 0x50, 0x90, 0x41, 0x83,
    0xDE, 0xF8, 0x36, 0x6B, 0xA2, 0x7E, 0x0F, 0x83, 0xE0, 0xF8, 0x3E, 0x02,
    0x3E, 0x0F, 0x83, 0xE0, 0xF8, 0x16, 0x4D, 0x17, 0x25, 0xC8, 0x42, 0x3C,
    0x94, 0x81, 0xA1, 0x46, 0x24, 0xA4, 0x4A, 0x4D, 0x17, 0x36, 0xC2, 0x2C,
    0xF8, 0x3E, 0x0F, 0x83, 0xE0, 0xF8, 0x06, 0xF8, 0x3E, 0x06, 0x1B, 0x06,
    0xC1, 0xB0, 0x20, 0x96, 0xC2, 0x08, 0xF0, 0x63, 0x0A, 0x06, 0x28, 0xE0,
    0x60, 0x9C, 0x4C, 0x1B, 0x07, 0xA2, 0x64, 0xF7, 0x54, 0xDA, 0x23, 0x9F,
    0x42, 0xF8, 0x3E, 0x0F, 0x80, 0xC5, 0x08, 0x84, 0xA0, 0x88, 0x4A, 0x08,
    0x84, 0xA0, 0x86, 0x69, 0x88, 0x47, 0x98, 0x82, 0x89, 0xAC, 0xA4, 0x62,
    0x42, 0x86, 0x08, 0x2F, 0x47, 0xC1, 0xF0, 0x7C, 0x12, 0x0F, 0x05, 0xB1,
    0xE9, 0xB0, 0x8A, 0xF0, 0x5F, 0x80, 0xE2, 0x8C, 0x69, 0x80, 0x84, 0xA8,
    0x08, 0x2B, 0x80, 0x82, 0xB8, 0x3A, 0x4B, 0x39, 0x16, 0x81, 0x25, 0xD0,
    0x0F, 0xC1, 0xF0, 0x7C, 0x1F, 0x07, 0xC1, 0x70, 0xF0, 0x59, 0x2D, 0xCF,
    0x45, 0x46, 0x26, 0xA0, 0x83, 0x31, 0x9E, 0x33, 0x95, 0xE3, 0x31, 0xDE,
    0x22, 0xA1, 0xE2, 0x22, 0x5E, 0x21, 0x2D, 0xE3, 0x0A, 0xE0, 0xE3, 0x10,
    0xED, 0x12, 0x1D, 0x05, 0x7C, 0x1F, 0x07, 0xC1, 0xF0, 0x7C, 0x1F, 0x03,
    0x43, 0xC1, 0x6C, 0x78, 0x30, 0x44, 0x34, 0x46, 0x34, 0x44, 0x43, 0x42,
    0x4C, 0x21, 0x0C, 0xE7, 0x68, 0xCE, 0x67, 0x10, 0xE5, 0x78, 0xCE, 0x67,
    0x0C, 0xC8, 0x68, 0xC8, 0xA6, 0x88, 0x8A, 0x70, 0xC6, 0xA7, 0x88, 0x6A,
    0x48, 0x88, 0x31, 0x28, 0xA6, 0x42, 0x82, 0xB4, 0x58, 0x7F, 0x07, 0xC1,
    0xF0, 0x7C, 0x17, 0x08, 0x86, 0x33, 0x4E, 0x43, 0xB2, 0x4C, 0x20, 0xD4,
    0xD2, 0x19, 0x0B, 0x22, 0x18, 0x62, 0x25, 0xE2, 0x22, 0x6A, 0x85, 0x94,
    0xC8, 0x42, 0x88, 0x93, 0x30, 0x88, 0x33, 0x08, 0x74, 0x30, 0x66, 0x4B,
    0x06, 0x45, 0xB0, 0x44, 0x63, 0x04, 0x27, 0xAC, 0x42, 0x79, 0xC4, 0x39,
    0x08, 0xE4, 0xD3, 0xE0, 0xF0, 0x96, 0x46, 0x90, 0xE7, 0x61, 0xC6, 0x85,
    0xCD, 0x65, 0x1A, 0xD6, 0x43, 0x9D, 0x84, 0x42, 0x52, 0x44, 0xB4, 0x83,
    0x51, 0x84, 0xC4, 0xB0, 0x47, 0x4A, 0xCE, 0x44, 0x99, 0x64, 0x51, 0x58,
    0x34, 0x21, 0x64, 0x32, 0x94, 0x42, 0x31, 0x43, 0x23, 0x54, 0x31, 0xB9,
    0x2F, 0x83, 0xE0, 0xF8, 0x16, 0x46, 0x91, 0x06, 0x61, 0xC8, 0x75, 0xCD,
    0x65, 0x1A, 0x98, 0x43, 0xA1, 0x64, 0x4A, 0x50, 0x44, 0xB4, 0x84, 0x49,
    0xC2, 0xD4, 0x34, 0x47, 0x42, 0xCE, 0x45, 0x15, 0x64, 0x51, 0x96, 0x44,
    0x1D, 0x64, 0x3A, 0x56, 0x33, 0x29, 0x63, 0x2A, 0xD2, 0xF8, 0x3E, 0x0F,
    0x81, 0x45, 0x68, 0xD0, 0x76, 0x18, 0xA7, 0x5A, 0x82, 0x76, 0x14, 0x6A,
    0x61, 0x0E, 0x85, 0x91, 0x0E, 0x21, 0x13, 0x54, 0xB0, 0x28, 0x4B, 0x0A,
    0x44, 0xA5, 0x04, 0x51, 0x94, 0x45, 0x19, 0x64, 0x42, 0x14, 0x43, 0xA5,
    0x63, 0x32, 0x96, 0x32, 0xAD, 0x2F, 0x83, 0xE0, 0x59, 0x1C, 0x14, 0x9D,
    0xA5, 0x29, 0xDA, 0x80, 0xA1, 0x85, 0x0B, 0x18, 0x52, 0xA5, 0x64, 0x3B,
    0xC8, 0x44, 0x20, 0x2D, 0x4B, 0x04, 0x74, 0xAC, 0xC4, 0x4A, 0x50, 0x45,
    0x19, 0x64, 0x49, 0x96, 0x44, 0x21, 0x63, 0x3A, 0x56, 0x42, 0xAD, 0x63,
    0x22, 0xD8, 0x22, 0x35, 0x0F, 0x83, 0xE0, 0x61, 0x1C, 0x14, 0x1D, 0xA5,
    0x22, 0x1B, 0x16, 0x94, 0x2B, 0x69, 0x0A, 0xA5, 0x90, 0xD0, 0x21, 0x0E,
    0x81, 0x20, 0x24, 0x43, 0x44, 0x20, 0x91, 0x0C, 0x31, 0x10, 0x94, 0x91,
    0x26, 0x59, 0x12, 0x66, 0x10, 0xC9, 0x59, 0x08, 0xC5, 0x8C, 0x4E, 0x58,
    0xC2, 0xF5, 0x8C, 0x2F, 0x43, 0xE0, 0x98, 0xB2, 0x65, 0x8D, 0x28, 0x51,
    0x8C, 0x85, 0x28, 0x28, 0x51, 0x82, 0xE4, 0x94, 0xCB, 0x41, 0x50, 0xE1,
    0x95, 0x2D, 0x19, 0x54, 0x81, 0x84, 0x64, 0x53, 0x46, 0x45, 0x34, 0x64,
    0x5A, 0xC8, 0x55, 0x9D, 0x04, 0x59, 0xD0, 0x45, 0x25, 0x04, 0x42, 0x90,
    0x43, 0x35, 0x04, 0x1B, 0xC4, 0xD1, 0x32, 0x53, 0x99, 0x47, 0x42, 0x0E,
    0x73, 0xB8, 0x28, 0x39, 0xC4, 0xE3, 0x99, 0x09, 0x39, 0x92, 0x83, 0x95,
    0x86, 0x39, 0x58, 0x63, 0x95, 0xA5, 0x39, 0x58, 0x63, 0x95, 0x86, 0x39,
    0x58, 0x63, 0x95, 0xA5, 0x39, 0x5C, 0x43, 0x99, 0xC3, 0x41, 0x5C, 0x34,
    0x15, 0xA4, 0x49, 0x54, 0x62, 0xA8, 0x95, 0x0D, 0x09, 0x4A, 0x84, 0x94,
    0xD5, 0x15, 0x4D, 0x53, 0x54, 0xD5, 0x16, 0x45, 0x91, 0x64, 0x59, 0x16,
    0x45, 0xCF, 0x73, 0xDC, 0xF7, 0x45, 0x91, 0x73, 0xB4, 0xB8, 0xB6, 0x2D,
    0x83, 0x62, 0xD8, 0xB6, 0x2D, 0x8B, 0x60, 0xE8, 0x3A, 0x0E, 0x83, 0xA0,
    0xE8, 0x3D, 0xEF, 0x7B, 0xDE, 0xF7, 0xBD, 0xEF, 0x83, 0xA0, 0x33, 0xDE,
    0xF7, 0xBD, 0xEF, 0x7B, 0xDE, 0xF7, 0xBD, 0xEF, 0x7B, 0xDE, 0xF7, 0xBD,
    0xEF, 0x7B, 0xDE, 0xF7, 0xBD, 0xEF, 0x7B, 0xDE, 0xF7, 0xBD, 0xEF, 0x79,
    0xEF, 0x7B, 0xDE, 0xF7, 0xBD, 0xEF, 0x7B, 0xDE, 0xF7, 0xBD, 0xEF, 0x7B,
    0xDE, 0xF7, 0xBD, 0xEF, 0x7B, 0xDE, 0xF7, 0xBD, 0xB1, 0x60, 0xC2, 0xE4,
    0x98, 0x4D, 0x51, 0x46, 0xC3, 0xDE, 0xF7, 0xBD, 0xEF, 0x7B, 0xDE, 0xF7,
    0xBD, 0xEF, 0x7B, 0xDE, 0xF7, 0xBD, 0xEC, 0x93, 0x06, 0x17, 0x28, 0xA2,
    0x6A, 0x8A, 0x36, 0x2C, 0x83, 0x62, 0xC8, 0x36, 0x2C, 0x83, 0x63, 0x06,
    0x36, 0x30, 0x63, 0x61, 0xEF, 0x7B, 0xDE, 0xF7, 0xBD, 0xEF, 0x7B, 0xDD,
    0x06, 0x49, 0x45, 0x13, 0x54, 0x51, 0xB1, 0x64, 0x13, 0x58, 0x31, 0x35,
    0x64, 0x1B, 0x16, 0x41, 0xB1, 0x64, 0x1B, 0x18, 0x31, 0xB1, 0x83, 0x1B,
    0x18, 0x31, 0x35, 0x64, 0x1B, 0x16, 0x41, 0xB0, 0xF7, 0xBD, 0xEF, 0x7B,
    0xDE, 0xE8, 0x32, 0x4B, 0x20, 0x9A, 0xB2, 0x09, 0xAB, 0x20, 0x9A, 0xB9,
    0xB0, 0x61, 0x72, 0xC8, 0x26, 0xAC, 0x83, 0x62, 0xC8, 0x36, 0x2C, 0x83,
    0x63, 0x06, 0x26, 0xB0, 0x62, 0x6A, 0xC8, 0x26, 0xAC, 0x83, 0x62, 0x8A,
    0x36, 0x1E, 0xF7, 0xBD, 0xEF, 0x7B, 0xDE, 0xF6, 0x49, 0x83, 0x0B, 0x96,
    0x41, 0x35, 0x64, 0x13, 0x56, 0x40, 0xB9, 0x92, 0x60, 0xC4, 0xD5, 0x90,
    0x4D, 0x59, 0x06, 0xC5, 0x90, 0x6C, 0x60, 0xC6, 0xC6, 0x0C, 0x4D, 0x60,
    0xC4, 0xD5, 0x90, 0x6C, 0x59, 0x06, 0xC3, 0xDE, 0xF7, 0xBD, 0xEF, 0x7B,
    0xDE, 0xC9, 0x30, 0x61, 0x72, 0xC8, 0x26, 0xAC, 0x82, 0x6A, 0xC8, 0x26,
    0xB2, 0x4C, 0x18, 0x9A, 0xB2, 0x09, 0xAB, 0x20, 0xD8, 0xB2, 0x0D, 0x8B,
    0x20, 0xD8, 0xB2, 0x0D, 0x8C, 0x18, 0x9A, 0xB2, 0x0D, 0x8B, 0x20, 0xD8,
    0x7B, 0xDE, 0xF7, 0xBD, 0xEF, 0x7B, 0xD8, 0x10, 0xC1, 0x83, 0x0B, 0x96,
    0x41, 0xB1, 0x64, 0x13, 0x58, 0x31, 0xB1, 0x83, 0x0B, 0x9A, 0x20, 0xB9,
    0x83, 0x1B, 0x16, 0x41, 0x84, 0x2A, 0x59, 0x08, 0xB5, 0x90, 0x6C, 0x59,
    0x06, 0xC5, 0x90, 0x4D, 0x59, 0x06, 0xC5, 0x90, 0x6C, 0x3D, 0xEF, 0x7B,
    0xDE, 0xF7, 0xBD, 0xEF, 0x7B, 0x62, 0xD1, 0x0D, 0x8C, 0x18, 0xD8, 0xC1,
    0x8D, 0x8C, 0x93, 0x44, 0x17, 0x34, 0x43, 0x63, 0x44, 0x45, 0xB4, 0x42,
    0x6B, 0x44, 0x26, 0xB0, 0x62, 0x6B, 0x06, 0x36, 0x2C, 0x83, 0x62, 0xC8,
    0x36, 0x1E, 0xF7, 0x41, 0xD0, 0x74, 0x1D, 0x07, 0x41, 0xD0, 0x74, 0x1D,
    0x06, 0xC5, 0xB1, 0x5C, 0xD6, 0x41, 0x35, 0x64, 0x13, 0x56, 0x41, 0x35,
    0x64, 0x0B, 0x96, 0x40, 0xB9, 0x83, 0x13, 0x58, 0x31, 0xB1, 0x83, 0x1B,
    0x0E, 0x83, 0xA0, 0xC9, 0x32, 0x4C, 0x93, 0x24, 0xC9, 0x32, 0x4C, 0x93,
    0x24, 0xC9, 0x32, 0x4C, 0x92, 0xE6, 0xA2, 0x85, 0xCA, 0x28, 0x5C, 0xB2,
    0x05, 0xCA, 0xA2, 0x8A, 0x17, 0x28, 0xA1, 0x71, 0xB1, 0x6C, 0x59, 0x26,
    0x49, 0x92, 0x64, 0x99, 0x26, 0x49, 0x92, 0x64, 0x97, 0x35, 0xCD, 0x73,
    0x5C, 0xD4, 0x41, 0x39, 0x44, 0x13, 0x94, 0x41, 0x39, 0x44, 0x0B, 0xD5,
    0x45, 0x10, 0x4E, 0x32, 0x4C, 0x92, 0xE6, 0xB9, 0xAE, 0x6B, 0x9A, 0xE6,
    0xB9, 0xAE, 0x6A, 0xA2, 0xA8, 0xAA, 0x24, 0x82, 0x7A, 0x48, 0x27, 0xA4,
    0x82, 0x7A, 0x48, 0x18, 0x24, 0x81, 0x82, 0x48, 0x27, 0xA4, 0x82, 0x7A,
    0x48, 0x27, 0x95, 0x45, 0x51, 0x54, 0x55, 0x15, 0x45, 0x51, 0x54, 0x50,
    0x86, 0xF5, 0x08, 0x6F, 0x50, 0x88, 0xE5, 0x08, 0x6F, 0x50, 0xC4, 0xF5,
    0x0C, 0x6E, 0x49, 0x06, 0xE4, 0x90, 0x6E, 0x41, 0x46, 0xE4, 0x14, 0x4F,
    0x48, 0xC6, 0xF4, 0x88, 0xAE, 0x50, 0x4A, 0xE2, 0x6A, 0x9A, 0xA6, 0xA9,
    0xAA, 0x6A, 0x71, 0x8E, 0x27, 0x18, 0xE2, 0x81, 0x0A, 0x45, 0xC8, 0xCE,
    0x38, 0x94, 0xA3, 0x8A, 0x04, 0x57, 0xA0, 0x42, 0x08, 0x9E, 0x81, 0x0A,
    0x47, 0x18, 0xA4, 0x71, 0x8E, 0x27, 0x19, 0x20, 0x71, 0x92, 0x07, 0x18,
    0xE2, 0x72, 0x86, 0x28, 0x3A, 0x0E, 0x83, 0xA0, 0xE7, 0x88, 0x6A, 0x61,
    0x46, 0xA6, 0x14, 0x4B, 0x37, 0xC1, 0xF0, 0x08, 0x26, 0x1A, 0x90, 0xB1,
    0xA1, 0x92, 0x6C, 0x5B, 0x16, 0x14, 0x2C, 0x61, 0x44, 0xB6, 0x14, 0x4B,
    0x59, 0x84, 0xB5, 0x9C, 0x2B, 0x69, 0x42, 0xB7, 0xC1, 0xF0, 0x7C, 0x1F,
    0x07, 0xC1, 0xF0, 0x7C, 0x13, 0x24, 0x99, 0x35, 0x7C, 0x1F, 0x07, 0xC1,
    0xF0, 0x7C, 0x1F, 0x07, 0xC1, 0xF0, 0x7C, 0x16, 0x7C, 0x1F, 0x07, 0xC1,
    0xF0, 0x7C, 0x1F, 0x07, 0xC1, 0xF0, 0x7C, 0x0E, 0x2E, 0x4F, 0x83, 0x7C,
    0x1F, 0x07, 0xC1, 0xF0, 0x7C, 0x1F, 0x07, 0xC1, 0x77, 0xC1, 0xF0, 0x7C,
    0x1F, 0x07, 0xC1, 0xF0, 0x7C, 0x1F, 0x02, 0x89, 0xA3, 0x60, 0xF7, 0x45,
    0x93, 0x64, 0xD9, 0x17, 0x45, 0xD1, 0x73, 0xE0, 0xD9, 0x2B, 0xE0, 0xF8,
    0x3E, 0x05, 0x13, 0x45, 0xC9, 0xB0, 0x6C, 0x9B, 0x06, 0xC1, 0xEE, 0x7B,
    0x9E, 0xE7, 0xC1, 0x72, 0x6C, 0x1B, 0x06, 0xC1, 0xB0, 0x6C, 0x19, 0x2F,
    0x81, 0x63, 0xD9, 0x32, 0x6C, 0x1B, 0x26, 0xC9, 0x70, 0x7B, 0x9E, 0xE7,
    0xC1, 0xB0, 0x6C, 0x17, 0x25, 0xC1, 0xB0, 0x6C, 0x1B, 0x06, 0xC1, 0xB0,
    0x66, 0x3E, 0x05, 0x8B, 0x65, 0xC9, 0xB0, 0x6C, 0x1F, 0x06, 0xC1, 0xB0,
    0x7B, 0x9E, 0xE7, 0xB9, 0xEE, 0x7B, 0x9B, 0x06, 0xC1, 0xB0, 0x6C, 0x1B,
    0x06, 0xC1, 0x98, 0xF8, 0x16, 0x3D, 0x13, 0x46, 0xC1, 0xAE, 0x8B, 0x23,
    0x06, 0xC1, 0xEE, 0x7B, 0xA2, 0xC8, 0xB2, 0x28, 0xA9, 0xAA, 0x6B, 0x98,
    0xC2, 0x79, 0x8C, 0x26, 0xA8, 0x44, 0x6C, 0x19, 0x8F, 0x81, 0x83, 0xD1,
    0x32, 0x6C, 0x1E, 0xE7, 0xB9, 0xF0, 0x6C, 0x1E, 0xE7, 0xB9, 0xEE, 0x89,
    0xAE, 0x0D, 0x8B, 0x62, 0x31, 0x9E, 0xE7, 0xB9, 0xB0, 0x6C, 0x19, 0x8F,
    0x81, 0x83, 0xD1, 0x70, 0x6C, 0x1E, 0xE7, 0xB9, 0xF0, 0x6C, 0x1E, 0xE7,
    0xB2, 0x20, 0xE7, 0xC1, 0xCF, 0xB9, 0xEE, 0x7B, 0x9B, 0x06, 0xC1, 0xB0,
    0x66, 0x3E, 0x06, 0x0F, 0x45, 0xC1, 0xB0, 0x7B, 0x9F, 0x06, 0xC1, 0xB0,
    0x7B, 0x22, 0xC8, 0x7C, 0x1E, 0xF9, 0xAA, 0xE7, 0xB9, 0xEE, 0x7B, 0x9B,
    0x06, 0xC1, 0x98, 0xF8, 0x18, 0x3D, 0x17, 0x06, 0xC1, 0xEE, 0x7C, 0x1B,
    0x06, 0xC1, 0xEC, 0x87, 0x90, 0x68, 0x7C, 0x22, 0xD9, 0xAE, 0xC7, 0xB9,
    0xEE, 0x7B, 0x9B, 0x06, 0xC1, 0x98, 0xF8, 0x18, 0x3D, 0x17, 0x06, 0xC1,
    0xEE, 0x7C, 0x1B, 0x06, 0xC1, 0xE0, 0x12, 0xA2, 0x03, 0x1A, 0x20, 0xF8,
    0xB6, 0x6B, 0xB1, 0xEE, 0x7B, 0x9E, 0xE7, 0xB9, 0xB0, 0x66, 0x1C, 0x2D,
    0x93, 0x25, 0xC1, 0xEE, 0x7B, 0x9F, 0x06, 0xC9, 0x70, 0x78, 0x0C, 0x68,
    0x80, 0xC6, 0x97, 0x42, 0x0E, 0xA2, 0xAC, 0x8B, 0x22, 0xC7, 0xB9, 0xEC,
    0x8B, 0x21, 0x6F, 0x81, 0x44, 0x08, 0xEC, 0x8B, 0x22, 0xE6, 0xC1, 0xA4,
    0x12, 0x9E, 0x03, 0x21, 0xE0, 0x41, 0x25, 0xE4, 0x12, 0x5E, 0x41, 0x25,
    0xD0, 0x83, 0xA6, 0xBB, 0x26, 0xA6, 0x08, 0xA8, 0xAA, 0x2A, 0x88, 0xB2,
    0x54, 0xF8, 0x16, 0x4D, 0x1E, 0xE7, 0xB9, 0xEE, 0x78, 0x10, 0x67, 0x81,
    0x04, 0x78, 0x90, 0x48, 0x81, 0x02, 0x98, 0x39, 0xEF, 0x8B, 0xA6, 0xF7,
    0x41, 0xC1, 0x19, 0x84, 0x58, 0x9C, 0x62, 0x8A, 0x2C, 0x9A, 0xA5, 0x4F,
    0x81, 0x64, 0xD1, 0xEE, 0x7B, 0x9E, 0x41, 0x21, 0xE0, 0x41, 0x9E, 0x04,
    0x19, 0xA2, 0x41, 0x22, 0x04, 0x12, 0x20, 0x41, 0x25, 0xD0, 0x84, 0x02,
    0x27, 0x46, 0x06, 0x09, 0xA2, 0x6C, 0x1E, 0xC8, 0xB2, 0x6A, 0x95, 0x3E,
    0x05, 0x93, 0x47, 0xB9, 0xEE, 0x7B, 0x9E, 0x41, 0x21, 0xE2, 0x31, 0x9A,
    0x24, 0x12, 0x20, 0x50, 0xA2, 0x04, 0x0A, 0x9D, 0x01, 0x89, 0x73, 0x74,
    0x20, 0x71, 0x0E, 0x47, 0xBA, 0x2C, 0x8B, 0x22, 0xAA, 0x53, 0xE0, 0x59,
    0x34, 0x7B, 0x9E, 0xE7, 0x88, 0x88, 0x78, 0x0C, 0x87, 0x81, 0x06, 0x59,
    0x10, 0x47, 0x89, 0x04, 0x87, 0x90, 0x4A, 0x74, 0x04, 0x36, 0x49, 0xD1,
    0x79, 0xC2, 0x78, 0x1A, 0xE8, 0xB2, 0x2C, 0x8A, 0xA9, 0x4F, 0x81, 0x63,
    0x10, 0xAC, 0x8B, 0x22, 0xE7, 0x88, 0x88, 0x78, 0x10, 0x67, 0x81, 0x04,
    0x78, 0x90, 0x48, 0x20, 0x94, 0x40, 0xA4, 0x63, 0x4C, 0x04, 0x44, 0xB8,
    0x64, 0x5C, 0x9D, 0x17, 0x20, 0x44, 0x89, 0xEE, 0x8B, 0x22, 0xC8, 0xAA,
    0x94, 0xF8, 0x14, 0x31, 0x0E, 0x8A, 0x9A, 0xE4, 0xB0, 0x8D, 0xEF, 0x83,
    0xA0, 0xE7, 0xC1, 0xEF, 0x7B, 0xA2, 0xC9, 0x32, 0x89, 0xAA, 0x2E, 0x7B,
    0x22, 0xC8, 0xB2, 0x2A, 0xA5, 0x10, 0x43, 0x04, 0x22, 0x81, 0x86, 0x67,
    0xBD, 0xCF, 0x7C, 0x1C, 0xF8, 0x39, 0xEF, 0x83, 0xA0, 0xD9, 0x32, 0x4C,
    0x93, 0x28, 0x9A, 0x26, 0xC8, 0xB9, 0xAE, 0x7B, 0xA2, 0xC8, 0x58, 0x8B,
    0x0A, 0x52, 0xB1, 0x21, 0x2A, 0x21, 0xD2, 0xA0, 0xA9, 0x2A, 0x0A, 0xD1,
    0x73, 0xDC, 0xD8, 0x35, 0x93, 0x55, 0x51, 0x72, 0x6C, 0x1D, 0x07, 0x3E,
    0x0E, 0x83, 0xA2, 0xC9, 0xAA, 0x8A, 0x55, 0x82, 0x60, 0x60, 0x1E, 0x85,
    0x82, 0xE8, 0xF6, 0x1F, 0x83, 0xE0, 0x70, 0x7E, 0x16, 0x07, 0x82, 0xE0,
    0xF6, 0x4C, 0x97, 0x25, 0xC9, 0x72, 0x6C, 0x1E, 0xC9, 0x9A, 0xE6, 0x60,
    0x7E, 0x0F, 0x83, 0xE0, 0xF8, 0x3E, 0x0F, 0x83, 0xE0, 0xF8, 0x3E, 0x0F,
    0x83, 0xE0, 0xF8, 0x3E, 0x0F, 0x81, 0xE1, 0xE8, 0x7A, 0x1E, 0x8B, 0x64,
    0xD0, 0x7F, 0x07, 0xC1, 0xF0, 0x7C, 0x1F, 0x07, 0xC1, 0xF0, 0x7C, 0x1F,
    0x07, 0xC1, 0xF0, 0x7C, 0x1F, 0x07, 0xC1, 0xF0, 0x7C, 0x1F, 0x07, 0xC1,
    0xF0, 0x2F, 0xF0, 0x7C, 0x1F, 0x07, 0xC1, 0xF0, 0x7C, 0x1F, 0x07, 0xC1,
    0xF0, 0x7C, 0x1F, 0x07, 0xC1, 0xF0, 0x7C, 0x1F, 0x07, 0xC1, 0xF0, 0x7C,
    0x1F, 0x02, 0xFF, 0x07, 0xC1, 0xF0, 0x7C, 0x1F, 0x07, 0xC1, 0xF0, 0x7C,
    0x1F, 0x07, 0xC1, 0xF0, 0x7C, 0x1F, 0x07, 0xC1, 0xF0, 0x7C, 0x1F, 0x07,
    0xC1, 0xF0, 0x2F, 0xF0, 0x7C, 0x1F, 0x07, 0xC1, 0xF0, 0x7C, 0x1F, 0x07,
    0xC1, 0xF0, 0x7C, 0x1D, 0x0F, 0xC1, 0xF0, 0x7C, 0x1F, 0x07, 0xC1, 0xF0,
    0x7C, 0x0E, 0x0F, 0x0C, 0xB2, 0x24, 0x12, 0x9A, 0x41, 0x29, 0xA4, 0x22,
    0x1A, 0x42, 0x29, 0x64, 0x23, 0x8E, 0x41, 0x40, 0xE4, 0x14, 0x0A, 0x61,
    0x40, 0x68, 0x1E, 0x87, 0xA2, 0xE0, 0xB8, 0x2E, 0x07, 0xA1, 0xE8, 0x54,
    0x19, 0x0C, 0xE3, 0x89, 0x08, 0x58, 0x93, 0x54, 0xE8, 0x9B, 0x1D, 0x42,
    0x52, 0x50, 0x26, 0x1D, 0x02, 0x71, 0x50, 0x28, 0x0F, 0x45, 0xC1, 0x70,
    0x54, 0x09, 0xC3, 0x40, 0xF4, 0x5C, 0x17, 0x05, 0xC0, 0xF4, 0x3D, 0x19,
    0xC3, 0x32, 0x10, 0x92, 0x1E, 0xE7, 0xE0, 0xF8, 0x2E, 0x0A, 0xC1, 0x30,
    0xAA, 0x23, 0x0E, 0x61, 0x40, 0x68, 0x14, 0x07, 0xA2, 0xE0, 0xB8, 0x29,
    0x85, 0x02, 0x98, 0xB8, 0x2E, 0x07, 0xA1, 0xE8, 0x7A, 0x10, 0x87, 0x64,
    0x20, 0xA8, 0x31, 0x48, 0xF3, 0x14, 0x93, 0x11, 0x47, 0x00, 0xA8, 0x51,
    0x0F, 0x45, 0xC1, 0x20, 0x33, 0x0A, 0x43, 0x30, 0xA0, 0x5F, 0x07, 0xC1,
    0xB0, 0xFC, 0x12, 0x17, 0x04, 0x80, 0xCC, 0x48, 0x1C, 0x42, 0xA1, 0xC0,
    0x2A, 0x1C, 0x02, 0xA0, 0xC8, 0x84, 0x19, 0x02, 0xE3, 0xA0, 0xF9, 0xAD,
    0xE1, 0x2A, 0x9C, 0x13, 0x25, 0xC2, 0x2A, 0x9A, 0x23, 0x25, 0xA2, 0x3A,
    0x58, 0x14, 0x28, 0xE1, 0x18, 0x50, 0xA4, 0x04, 0x41, 0x42, 0xCE, 0x20,
    0x85, 0x0B, 0x40, 0xD0, 0xB4, 0x8D, 0x0A, 0x49, 0x0E, 0xA5, 0x09, 0x29,
    0x50, 0x92, 0x95, 0x05, 0x49, 0x50, 0x54, 0x94, 0x90, 0xEC, 0x21, 0x1F,
    0x06, 0x46, 0x12, 0xC8, 0xC3, 0x2C, 0x08, 0x52, 0xC0, 0x85, 0x2B, 0xCC,
    0x43, 0x35, 0x02, 0x43, 0x12, 0x14, 0x32, 0x4C, 0x28, 0x58, 0xC9, 0x31,
    0x01, 0x52, 0x90, 0x53, 0xA9, 0x24, 0x3A, 0x94, 0x24, 0x29, 0x41, 0x52,
    0x54, 0x15, 0x25, 0x41, 0x52, 0x4E, 0x63, 0xB0, 0x65, 0x64, 0x28, 0x14,
    0x86, 0x72, 0x38, 0x88, 0x2B, 0x0A, 0x92, 0x30, 0xA8, 0x2B, 0x0C, 0x73,
    0x28, 0xE5, 0x4A, 0x50, 0x44, 0xA5, 0x22, 0x52, 0x52, 0x25, 0x25, 0x41,
    0x18, 0x4C, 0x93, 0x9D, 0x08, 0x39, 0xD0, 0x74, 0x99, 0x07, 0x49, 0x52,
    0x74, 0x91, 0x47, 0x50, 0xD4, 0x75, 0x11, 0x27, 0x3A, 0x4C, 0xA2, 0x14,
    0xB0, 0x98, 0x36, 0x11, 0x07, 0x32, 0x10, 0x72, 0x31, 0x0A, 0xE3, 0x10,
    0xEB, 0x41, 0x1A, 0x16, 0x8F, 0x26, 0xBA, 0x32, 0x30, 0x84, 0x82, 0x58,
    0x4E, 0x33, 0x1C, 0x64, 0x38, 0xCC, 0x70, 0x98, 0xC4, 0x33, 0x8C, 0x43,
    0x34, 0xE5, 0x42, 0x4C, 0x84, 0x98, 0xE8, 0x58, 0xD0, 0x85, 0x85, 0x48,
    0xB2, 0x16, 0x70, 0x78, 0x20, 0x86, 0xE5, 0x08, 0xAA, 0x51, 0x16, 0x27,
    0x11, 0x5E, 0x71, 0x1D, 0xC7, 0x11, 0xDA, 0x81, 0x21, 0x88, 0x12, 0x16,
    0x72, 0xA1, 0x29, 0x08, 0x82, 0x93, 0xE0, 0xD9, 0x26, 0x89, 0xB1, 0xEC,
    0xC8, 0x1A, 0x92, 0x81, 0x84, 0x49, 0x32, 0x08, 0x11, 0x28, 0xA8, 0x3A,
    0x82, 0x70, 0x78, 0x4B, 0xA2, 0xA5, 0x11, 0x62, 0x70, 0x99, 0xE7, 0x11,
    0xDC, 0x71, 0x1D, 0xA8, 0x12, 0x18, 0x81, 0x21, 0x86, 0x31, 0x98, 0x61,
    0x08, 0x46, 0x5D, 0x15, 0x45, 0x51, 0x54, 0x55, 0x14, 0x82, 0x25, 0x26,
    0x42, 0x4C, 0x83, 0xA8, 0xA8, 0x3A, 0x82, 0x49, 0x06, 0x1B, 0x14, 0x41,
    0x20, 0x60, 0x51, 0x84, 0x64, 0x71, 0x84, 0x77, 0x18, 0x67, 0x71, 0xC4,
    0x77, 0x1C, 0x47, 0x71, 0xC4, 0x76, 0x9C, 0x68, 0x61, 0xC6, 0x86, 0x1C,
    0x22, 0x09, 0xD9, 0x25, 0xD1, 0x54, 0x55, 0x14, 0x91, 0x25, 0x48, 0x22,
    0x52, 0x73, 0x25, 0x07, 0x32, 0x8E, 0x73, 0x28, 0x44, 0x14, 0x62, 0x99,
    0x86, 0x22, 0x05, 0xE5, 0x18, 0x86, 0x46, 0x18, 0x64, 0x08, 0xDC, 0x61,
    0x1D, 0xE6, 0x11, 0xA0, 0x61, 0x19, 0xE7, 0x11, 0xDC, 0x71, 0x1D, 0xD0,
    0x74, 0x1D, 0x07, 0x41, 0xD0, 0x74, 0x1D, 0x07, 0x49, 0x67, 0x08, 0x82,
    0xA4, 0x9C, 0xA9, 0x42, 0x0A, 0xA1, 0x10, 0x52, 0x06, 0x66, 0x18, 0x88,
    0x27, 0x14, 0x62, 0x19, 0x18, 0x61, 0x90, 0x24, 0x69, 0x84, 0x77, 0x98,
    0x47, 0x79, 0x84, 0x68, 0x18, 0x46, 0x81, 0x84, 0x68, 0x3A, 0x0E, 0x83,
    0xA0, 0xE8, 0x3A, 0x0E, 0x81, 0x84, 0x67, 0x9C, 0x48, 0x62, 0x04, 0xA5,
    0x20, 0x4B, 0x42, 0x08, 0xB1, 0x0E, 0x7B, 0x9C, 0x81, 0x91, 0xC8, 0x13,
    0x09, 0x66, 0x20, 0x86, 0x54, 0xA0, 0x65, 0x09, 0x12, 0x81, 0x25, 0x68,
    0x12, 0x18, 0x81, 0x1D, 0x89, 0x0A, 0x18, 0x90, 0xA1, 0x92, 0x64, 0x99,
    0x16, 0xC5, 0xB1, 0x6C, 0x1D, 0x06, 0xA0, 0x28, 0x6A, 0x02, 0x86, 0x9C,
    0x48, 0x41, 0x0C, 0x8B, 0x60, 0xD8, 0x3D, 0xD0, 0x20, 0x53, 0x11, 0x09,
    0x12, 0x10, 0x8F, 0x21, 0x88, 0xF2, 0x11, 0x48, 0xC4, 0x1C, 0x6C, 0x37,
    0xC1, 0xF0, 0x1C, 0x5B, 0x26, 0x8B, 0x84, 0x55, 0x72, 0x6C, 0x1E, 0xE4,
    0x0B, 0x44, 0x5C, 0xB9, 0x26, 0x89, 0xB2, 0x68, 0x99, 0x36, 0x0D, 0x83,
    0xAC, 0x68, 0x42, 0x86, 0x94, 0x28, 0x4A, 0x42, 0x82, 0xA1, 0x04, 0xCA,
    0x0A, 0x42, 0x33, 0x2C, 0x27, 0x08, 0xCE, 0xC3, 0x11, 0x36, 0x45, 0x86,
    0x12, 0x58, 0x42, 0x2E, 0x48, 0x7B, 0xA2, 0xBA, 0xA2, 0xE1, 0x10, 0xF6,
    0x3D, 0x8B, 0x82, 0x78, 0x58, 0x18, 0x05, 0x81, 0x61, 0x56, 0x26, 0x11,
    0x81, 0xE8, 0x78, 0x2E, 0x0B, 0x64, 0xD1, 0x6E, 0xA9, 0x35, 0xF0, 0x48,
    0xC2, 0xA0, 0x68, 0x9B, 0x22, 0xE7, 0xB9, 0xEE, 0x7C, 0x1B, 0x06, 0xC1,
    0xB0, 0x6C, 0x1B, 0x06, 0xB9, 0xEE, 0x7B, 0x26, 0x8B, 0x93, 0x60, 0xE7,
    0x44, 0x61, 0x37, 0xC0, 0xFB, 0xA0, 0xE8, 0x3A, 0x0E, 0x83, 0x5B, 0x16,
    0xC5, 0xCF, 0x83, 0x64, 0xB9, 0x2A, 0x82, 0xE8, 0x7A, 0x1E, 0x0B, 0x82,
    0xE0, 0xB8, 0x2D, 0x8F, 0x63, 0xD8, 0xEB, 0x9A, 0xE6, 0xAA, 0x2A, 0x8A,
    0x61, 0x46, 0x96, 0x98, 0x48, 0x79, 0x82, 0x78, 0xAE, 0x85, 0xC1, 0xB0,
    0x6C, 0x97, 0x25, 0xC1, 0xB0, 0x6C, 0x1B, 0x06, 0xC1, 0xB0, 0x6C, 0x1A,
    0xB9, 0xAE, 0x6A, 0xA2, 0xA8, 0xA4, 0x94, 0xC9, 0x51, 0x8A, 0x86, 0x18,
    0x87, 0x71, 0x48, 0x58, 0x97, 0x07, 0xB9, 0xEE, 0x8B, 0x22, 0xAA, 0xA1,
    0xF0, 0x6C, 0x1A, 0xE8, 0xB2, 0x6A, 0x90, 0xD7, 0x35, 0xCD, 0x54, 0x55,
    0x14, 0x83, 0x19, 0x2A, 0x29, 0x90, 0xB3, 0x14, 0xED, 0x29, 0x4A, 0xF2,
    0xE4, 0xD8, 0x36, 0x0D, 0x82, 0xE4, 0xB9, 0x2E, 0x4D, 0x73, 0xDD, 0x16,
    0x45, 0x92, 0x2A, 0xE6, 0xB9, 0xAA, 0x8A, 0xA2, 0x90, 0x44, 0x25, 0x25,
    0x3A, 0x14, 0x63, 0x1D, 0x85, 0x31, 0x5C, 0x5C, 0x9A, 0xE7, 0xC1, 0xB0,
    0x7B, 0x9E, 0xE7, 0xB1, 0xB0, 0x7B, 0xA2, 0xC8, 0xB2, 0x47, 0x5C, 0xD7,
    0x35, 0x51, 0x48, 0x0A, 0xD4, 0x82, 0x21, 0x29, 0x29, 0xD0, 0xA2, 0x9C,
    0xEB, 0x29, 0xCA, 0xD2, 0xE4, 0xB9, 0x2E, 0x4B, 0x93, 0x60, 0xD8, 0x35,
    0xCD, 0x83, 0xDC, 0xF6, 0x4D, 0x52, 0x5A, 0xE6, 0xB9, 0xAA, 0x8A, 0x38,
    0x96, 0xA3, 0x95, 0x09, 0x41, 0x50, 0x84, 0x95, 0x07, 0x59, 0x4E, 0x56,
    0x97, 0x06, 0xB9, 0xEA, 0x9A, 0x88, 0x45, 0xC9, 0xB0, 0x6B, 0x9B, 0x07,
    0xB9, 0xEE, 0x8A, 0xA4, 0xB5, 0x51, 0x73, 0x55, 0x14, 0x71, 0x2D, 0x47,
    0x22, 0x52, 0x82, 0xA1, 0x09, 0x2A, 0x0E, 0x31, 0x88, 0xE8, 0x29, 0x5B,
    0x45, 0x60, 0xD9, 0x2E, 0x4B, 0x93, 0x5C, 0xF7, 0x3D, 0xCF, 0x64, 0x59,
    0x35, 0x49, 0x6A, 0xA2, 0xE6, 0xAA, 0x28, 0xE2, 0x5A, 0x8E, 0x44, 0xA4,
    0xE5, 0x4A, 0x12, 0x44, 0x9C, 0x44, 0x11, 0xD0, 0x53, 0x2E, 0xC9, 0xC1,
    0xB2, 0x5C, 0x97, 0x26, 0xB9, 0xEE, 0x7B, 0x9A, 0xE8, 0xB2, 0x6A, 0x92,
    0xD5, 0x45, 0xCD, 0x54, 0x51, 0x84, 0xC5, 0x18, 0xA9, 0x49, 0xCA, 0x94,
    0x20, 0xA9, 0x38, 0x8A, 0x13, 0xA0, 0xA6, 0x5D, 0xD1, 0x83, 0x64, 0xB9,
    0x2E, 0x0F, 0x73, 0xDC, 0xF7, 0x35, 0xD1, 0x64, 0x59, 0x25, 0xAA, 0x8B,
    0x9A, 0xA8, 0xA3, 0x09, 0x8A, 0x31, 0x52, 0x93, 0x95, 0x28, 0x49, 0x12,
    0x71, 0x10, 0x47, 0x41, 0x4A, 0xCB, 0x27, 0x06, 0xC9, 0x72, 0x5C, 0x1B,
    0x07, 0xB9, 0xEE, 0x6B, 0xA2, 0xC8, 0xB2, 0x4B, 0x5C, 0xD7, 0x35, 0x51,
    0x47, 0x0B, 0x14, 0x72, 0x25, 0x28, 0x22, 0x50, 0x92, 0xA0, 0xE2, 0x18,
    0xCE, 0x82, 0x91, 0xB5, 0x56, 0x0D, 0x92, 0xE4, 0xB9, 0x2E, 0x0D, 0x83,
    0xDC, 0xD7, 0x45, 0x91, 0x64, 0x96, 0xB9, 0xAE, 0x6A, 0xA2, 0x8E, 0x16,
    0x28, 0xC5, 0x4A, 0x50, 0x54, 0x21, 0x25, 0x41, 0xD4, 0x54, 0x14, 0xAC,
    0x93, 0x70, 0x6C, 0x97, 0x25, 0xC9, 0x70, 0x6C, 0x1B, 0x07, 0xB2, 0x2C,
    0x9A, 0xA4, 0xB5, 0xCD, 0x73, 0x55, 0x15, 0x45, 0x18, 0xA9, 0x49, 0xCC,
    0x84, 0x24, 0xA8, 0x3A, 0xCA, 0x72, 0xAC, 0xF2, 0x64, 0x84, 0x14, 0xE4,
    0xB9, 0x2E, 0x4B, 0x92, 0xE0, 0xD8, 0x3D, 0xCF, 0x64, 0xD5, 0x25, 0xAE,
    0x6B, 0x9A, 0xA8, 0xAA, 0x29, 0x05, 0x3A, 0x52, 0x53, 0xA1, 0x45, 0x39,
    0xD8, 0x43, 0x95, 0xC4, 0xC9, 0xAC, 0x8B, 0x22, 0xE1, 0x09, 0x72, 0x5C,
    0x1B, 0x06, 0xC1, 0xAE, 0x8B, 0x22, 0xC8, 0x2D, 0x73, 0x5C, 0xD7, 0x35,
    0x51, 0x4D, 0x20, 0xD2, 0xD2, 0x8D, 0x0D, 0x30, 0xCE, 0xD3, 0x10, 0xAF,
    0x36, 0x0D, 0x83, 0xDC, 0xF7, 0x3D, 0xCF, 0x83, 0x5D, 0x16, 0x45, 0x55,
    0x35, 0xCD, 0x61, 0xB2, 0x4C, 0x93, 0x24, 0xC9, 0x31, 0xEE, 0x7B, 0x9E,
    0xE8, 0x14, 0x26, 0x91, 0x72, 0x5C, 0x1B, 0x06, 0xC1, 0xB0, 0x6C, 0x1B,
    0x25, 0xC1, 0xB0, 0x6C, 0x1A, 0xE7, 0x0A, 0x2D, 0x8B, 0x60, 0xE8, 0x3A,
    0x0F, 0x74, 0x59, 0x35, 0x58, 0xDF, 0x07, 0xC1, 0xF0, 0x7C, 0x1F, 0x07,
    0xC1, 0xF0, 0x7C, 0x1F, 0x07, 0xC1, 0xF0, 0x18, 0x98, 0xB6, 0x2D, 0x8B,
    0x62, 0xD8, 0x3D, 0xF0, 0x6C, 0x95, 0x63, 0x7C, 0x1F, 0x07, 0xC1, 0xF0,
    0x7C, 0x1F, 0x07, 0xC1, 0xF0, 0x7C, 0x1F, 0x07, 0x90, 0x74, 0x1D, 0x07,
    0x41, 0xD1, 0x68, 0x46, 0xD9, 0x36, 0x2E, 0x58, 0x49, 0x12, 0x90, 0xB9,
    0x2E, 0x4B, 0x92, 0xE4, 0xB9, 0x2E, 0x4D, 0x83, 0x60, 0xD8, 0x36, 0x0D,
    0x75, 0xCF, 0x73, 0xDC, 0xF7, 0x3D, 0xCE, 0xB1, 0xA8, 0xCA, 0x22, 0xCA,
    0xA2, 0xAC, 0x8A, 0x2B, 0x44, 0xB2, 0x68, 0x9A, 0x2E, 0x4B, 0x92, 0xE4,
    0xB8, 0x36, 0x0D, 0x92, 0xE4, 0xB8, 0x33, 0x98, 0x36, 0x0D, 0x83, 0x60,
    0xD8, 0x33, 0x46, 0x92, 0xB0, 0xA9, 0x23, 0x0A, 0xA1, 0xB0, 0xAC, 0x0B,
    0x4B, 0x92, 0xE4, 0xB9, 0x2E, 0x4B, 0x92, 0xE4, 0xB9, 0x2E, 0x4B, 0x92,
    0xE4, 0xCB, 0x60, 0xD8, 0x36, 0x0D, 0x83, 0x60, 0xCD, 0x1A, 0x4A, 0xC2,
    0xA4, 0x8C, 0x2A, 0x86, 0xD2, 0x30, 0x2D, 0x2E, 0x4B, 0x92, 0xE4, 0xB9,
    0x2E, 0x4B, 0x92, 0xE4, 0xB9, 0x2E, 0x4D, 0x83, 0x2D, 0x83, 0x60, 0xD8,
    0x36, 0x0D, 0x83, 0x34, 0x69, 0x2B, 0x0A, 0x92, 0x30, 0xAA, 0x1B, 0x4A,
    0xB0, 0xB4, 0xB9, 0x2E, 0x4B, 0x92, 0xE4, 0xB9, 0x2E, 0x4B, 0x92, 0xE4,
    0xB9, 0x36, 0x0C, 0xB6, 0x4B, 0x92, 0xE4, 0xBA, 0x26, 0x88, 0xD2, 0x28,
    0x6C, 0x32, 0x84, 0xC3, 0x64, 0xB9, 0x2E, 0x4B, 0x92, 0xE4, 0xD8, 0x36,
    0x0D, 0x83, 0x60, 0xD8, 0x36, 0x0D, 0x83, 0x2D, 0xD0, 0xFC, 0x1F, 0x07,
    0xC0, 0xB1, 0xE4, 0xD8, 0x36, 0x0F, 0x83, 0x60, 0xD8, 0x36, 0x0D, 0x83,
    0x60, 0xD8, 0x36, 0x0D, 0x83, 0x5C, 0xF7, 0x3E, 0x0C, 0xB7, 0xC1, 0xF0,
    0x7C, 0x0B, 0x26, 0x4D, 0x74, 0x59, 0x17, 0x3E, 0x0D, 0x83, 0x5C, 0xF7,
    0x3D, 0xCF, 0x73, 0xDC, 0xF7, 0x3D, 0xCF, 0x73, 0xDC, 0xF6, 0x42, 0x9F,
    0x07, 0xC0, 0xE1, 0x64, 0xF7, 0x45, 0x53, 0x64, 0x59, 0x17, 0x3E, 0x0D,
    0x64, 0x59, 0x16, 0x45, 0x53, 0x54, 0xD5, 0x35, 0x4D, 0x91, 0x64, 0xD5,
    0x28, 0x7C, 0x1F, 0x03, 0x49, 0x83, 0xD9, 0x35, 0x4D, 0x53, 0x64, 0x5C,
    0xF7, 0x3D, 0xCF, 0x64, 0x59, 0x34, 0x55, 0x15, 0x45, 0x51, 0x55, 0x4D,
    0x53, 0x54, 0xA1, 0xF0, 0x7C, 0x1F, 0x02, 0x4F, 0x64, 0xD5, 0x35, 0x4D,
    0x53, 0x64, 0x5C, 0xF7, 0x3D, 0xCF, 0x64, 0xD5, 0x35, 0x4D, 0x53, 0x54,
    0xD5, 0x54, 0x55, 0x16, 0x77, 0xC1, 0xF0, 0x35, 0x15, 0x54, 0xD9, 0x26,
    0x45, 0xB1, 0x6C, 0x1D, 0x06, 0xBA, 0x0C, 0x8A, 0xE6, 0xAB, 0x97, 0x43,
    0xD8, 0xF8, 0x2E, 0x87, 0xE0, 0xEB, 0xE0, 0xF8, 0x3E, 0x0F, 0x83, 0xE0,
    0x09, 0xEA, 0xA9, 0xAE, 0x4D, 0x83, 0xA0, 0xF7, 0xBD, 0xEF, 0x7B, 0xDE,
    0xE8, 0x36, 0x31, 0x6C, 0x5B, 0x35, 0xD1, 0x2F, 0x83, 0xE0, 0xF8, 0x3E,
    0x0F, 0x83, 0xE0, 0xF8, 0x3E, 0x0F, 0x83, 0xE0, 0xA0, 0x7A, 0x2E, 0x0B,
    0x82, 0x89, 0x0E, 0x27, 0x24, 0xA3, 0x62, 0x8A, 0x35, 0xB0, 0x83, 0x5B,
    0x08, 0x34, 0xB8, 0x8D, 0x13, 0x44, 0xD8, 0xDC, 0x21, 0x09, 0x02, 0x70,
    0x82, 0x3C, 0x08, 0x22, 0xCA, 0x28, 0x9A, 0xAE, 0x89, 0xA9, 0xEE, 0x6B,
    0x22, 0xA8, 0xAA, 0x2A, 0xA9, 0xB2, 0x2D, 0x8B, 0x60, 0xE5, 0xA0, 0xE8,
    0xB6, 0x2D, 0x8B, 0x64, 0xC9, 0x32, 0x6B, 0x38, 0x58, 0xA3, 0x08, 0x22,
    0x52, 0x4C, 0x55, 0xA0, 0xC7, 0x59, 0x8C, 0x76, 0x90, 0x8A, 0xA2, 0xA8,
    0x8B, 0x1E, 0xE6, 0xB2, 0x2A, 0x9A, 0x2E, 0x7F, 0x83, 0xE0, 0xF8, 0x3E,
    0x0F, 0x83, 0xE0, 0xF8, 0x3E, 0x0F, 0x83, 0xE0, 0xF8, 0x3E, 0x0F, 0x83,
    0xE0, 0xF8, 0x3E, 0x0F, 0x83, 0xE0, 0x68, 0xF5, 0xF8, 0x3E, 0x0F, 0x83,
    0xE0, 0xF8, 0x3E, 0x0F, 0x83, 0xE0, 0xF8, 0x3E, 0x0F, 0x83, 0xE0, 0xF8,
    0x3E, 0x0F, 0x83, 0xE0, 0xF8, 0x3E, 0x0F, 0x81, 0x7F, 0x83, 0xE0, 0xF8,
    0x3E, 0x0F, 0x83, 0xE0, 0xF8, 0x3E, 0x0F, 0x83, 0xE0, 0xF8, 0x3E, 0x0F,
    0x83, 0xE0, 0xF8, 0x3E, 0x0F, 0x83, 0xE0, 0xF8, 0x17, 0xF8, 0x3E, 0x0F,
    0x83, 0xE0, 0xF8, 0x3E, 0x0F, 0x83, 0xE0, 0xF8, 0x3E, 0x0F, 0x83, 0xE0,
    0xF8, 0x3E, 0x0F, 0x83, 0xE0, 0xF8, 0x3E, 0x0F, 0x81, 0x7F, 0x83, 0xE0,
    0xF8, 0x3E, 0x0F, 0x83, 0xE0, 0xF8, 0x3E, 0x0F, 0x83, 0xE0, 0xF8, 0x3E,
    0x0F, 0x83, 0xE0, 0xF8, 0x3C, 0x19, 0x86, 0x41, 0x50, 0x50, 0x29, 0x0C,
    0xE1, 0x48, 0x89, 0xF8, 0x3E, 0x0F, 0x83, 0xE0, 0xF8, 0x3E, 0x0F, 0x83,
    0xE0, 0xF8, 0x3E, 0x0F, 0x83, 0xE0, 0xF8, 0x3E, 0x0F, 0x86, 0x62, 0x40,
    0x52, 0x15, 0x05, 0x01, 0x48, 0xA6, 0x14, 0x05, 0x21, 0x98, 0x87, 0xF8,
    0x3E, 0x0F, 0x83, 0xE0, 0xF8, 0x3E, 0x0F, 0x83, 0xE0, 0xF8, 0x3E, 0x0F,
    0x83, 0xE0, 0xF8, 0x3E, 0x0A, 0x85, 0x21, 0x48, 0x52, 0x14, 0x85, 0x21,
    0x98, 0x90, 0x14, 0x85, 0x21, 0x48, 0x90, 0x14, 0x85, 0xDF, 0x83, 0xE0,
    0xF8, 0x3E, 0x0F, 0x83, 0xE0, 0xF8, 0x3E, 0x0F, 0x83, 0xE0, 0xF8, 0x30,
    0x13, 0x89, 0x41, 0x90, 0x54, 0x14, 0x85, 0x01, 0x50, 0x52, 0x14, 0x05,
    0x41, 0x48, 0x50, 0x15, 0x04, 0xA6, 0x38, 0x92, 0x13, 0x90, 0xE2, 0x40,
    0x92, 0x19, 0x0C, 0x7F, 0x83, 0xE0, 0xF8, 0x3E, 0x0F, 0x83, 0xE0, 0xF8,
    0x3E, 0x0E, 0x05, 0x01, 0x40, 0x94, 0x14, 0x05, 0x01, 0x58, 0x62, 0x25,
    0x06, 0x21, 0x58, 0x50, 0x14, 0x04, 0xE2, 0x10, 0x4E, 0x24, 0x05, 0x43,
    0x30, 0x8E, 0x35, 0x06, 0x03, 0xF8, 0x3E, 0x0F, 0x80, 0x3F, 0x83, 0xE0,
    0xF8, 0x3E, 0x0F, 0x83, 0xE0, 0xF0, 0x50, 0x14, 0x05, 0x61, 0x40, 0x50,
    0x15, 0x85, 0x01, 0x40, 0x56, 0x18, 0x84, 0xC1, 0x20, 0x62, 0x14, 0x08,
    0x41, 0x38, 0x4E, 0x25, 0x88, 0xC3, 0x30, 0x96, 0x27, 0x8B, 0xE0, 0xF8,
    0x26, 0x19, 0x88, 0xE1, 0xF8, 0x1B, 0xF8, 0x3E, 0x0F, 0x83, 0xE0, 0xF8,
    0x16, 0x1A, 0x05, 0x01, 0x38, 0x6A, 0x1A, 0x05, 0x21, 0x30, 0x58, 0x17,
    0x88, 0xE1, 0x68, 0x8C, 0x14, 0x88, 0x22, 0x38, 0x8C, 0x16, 0x09, 0xC2,
    0xE8, 0x7E, 0x0F, 0x83, 0xE0, 0x50, 0x5E, 0x23, 0x08, 0x81, 0x78, 0xBE,
    0x01, 0xFE, 0x0F, 0x83, 0xE0, 0xF8, 0x2C, 0x19, 0x85, 0x21, 0x50, 0x50,
    0x14, 0x85, 0x41, 0x90, 0x54, 0x14, 0x05, 0x21, 0x28, 0xC4, 0x14, 0x05,
    0x21, 0x41, 0x0E, 0x23, 0x89, 0x42, 0x38, 0x50, 0x25, 0x07, 0xE0, 0xF8,
    0x38, 0x14, 0x06, 0x82, 0x80, 0x4C, 0x21, 0x07, 0x43, 0xF8, 0x2D, 0xF8,
    0x3E, 0x0F, 0x83, 0xE0, 0xB0, 0x64, 0x24, 0x86, 0x41, 0x50, 0x54, 0x13,
    0x85, 0x41, 0x28, 0x48, 0x13, 0x8A, 0x22, 0x08, 0x4E, 0x24, 0x09, 0x23,
    0x80, 0x94, 0x1F, 0x83, 0xE0, 0x28, 0xB8, 0x2A, 0x0A, 0x21, 0x30, 0xAA,
    0x13, 0x8B, 0xC2, 0xF8, 0x2B, 0xF8, 0x3E, 0x06, 0x86, 0x62, 0x40, 0x52,
    0x15, 0x05, 0x01, 0x48, 0x64, 0x1A, 0x86, 0x21, 0x58, 0x4E, 0x24, 0x04,
    0xC2, 0x18, 0x4E, 0x24, 0x05, 0x05, 0x30, 0x90, 0x2D, 0x8F, 0xE0, 0xF8,
    0x22, 0x1A, 0x0A, 0xE2, 0x18, 0xA0, 0x13, 0x8A, 0xA1, 0x40, 0xBA, 0x2F,
    0x82, 0xDF, 0x83, 0xE0, 0xF8, 0x12, 0x14, 0x85, 0x02, 0x48, 0x52, 0x14,
    0x85, 0x21, 0x40, 0xB8, 0x24, 0x86, 0x41, 0x50, 0x52, 0x23, 0x85, 0x01,
    0x10, 0x50, 0x23, 0x88, 0xE5, 0x38, 0x8C, 0x34, 0x8E, 0x02, 0x48, 0x7E,
    0x04, 0x0B, 0xA1, 0x98, 0x9E, 0x16, 0x06, 0x22, 0xE8, 0x7E, 0x0F, 0x80,
    0xBF, 0x83, 0xE0, 0x10, 0x78, 0x34, 0x86, 0x44, 0x30, 0xE2, 0x43, 0x0E,
    0x03, 0x48, 0xA4, 0x24, 0x0A, 0x42, 0x31, 0x24, 0x22, 0x96, 0x23, 0x20,
    0x84, 0x28, 0x8D, 0x02, 0x89, 0x0E, 0x28, 0x14, 0xC3, 0x81, 0x0E, 0x47,
    0x85, 0x25, 0xC9, 0xB4, 0x2E, 0x87, 0x61, 0x7C, 0xC4, 0xD1, 0x34, 0x4D,
    0x10, 0x81, 0xAA, 0xA2, 0x90, 0x8A, 0x23, 0x0A, 0x26, 0x8A, 0x88, 0x45,
    0xD1, 0x34, 0x4D, 0x93, 0x43, 0xD8, 0xF4, 0x5C, 0x97, 0x06, 0xC1, 0xAE,
    0x7B, 0x26, 0x34, 0x13, 0x44, 0xD1, 0x34, 0x5C, 0x93, 0x2A, 0x08, 0xA0,
    0x21, 0x14, 0x62, 0x82, 0x04, 0x19, 0x84, 0x44, 0xD1, 0x34, 0x4D, 0x13,
    0x63, 0xD1, 0x34, 0x4C, 0x9B, 0x06, 0xC1, 0xEE, 0x7B, 0x21, 0xFF, 0x81,
    0xC1, 0xD9, 0x72, 0x5C, 0x97, 0x25, 0xC9, 0x30, 0xA9, 0xA8, 0x62, 0x7A,
    0x84, 0x27, 0x88, 0x44, 0x18, 0xAA, 0x4D, 0x13, 0x44, 0xD0, 0xF6, 0x4D,
    0x17, 0x06, 0xC1, 0xEE, 0x75, 0xFE, 0x09, 0x0F, 0x65, 0xB0, 0x82, 0x53,
    0x86, 0x06, 0x30, 0xDC, 0x63, 0x8D, 0xC6, 0x40, 0xD4, 0x11, 0x19, 0x22,
    0x50, 0x42, 0x83, 0x8D, 0x42, 0x11, 0x4E, 0x45, 0x04, 0x64, 0x41, 0x1C,
    0x44, 0x8D, 0xC4, 0x48, 0xDC, 0x45, 0x09, 0xC4, 0x49, 0x1A, 0x54, 0x11,
    0x86, 0x39, 0x58, 0x63, 0x95, 0x68, 0x31, 0x94, 0x83, 0x7E, 0x0F, 0x83,
    0xE0, 0x48, 0x78, 0x3D, 0x8C, 0x62, 0xB1, 0xB0, 0x6C, 0x1B, 0x04, 0x38,
    0x4A, 0x26, 0x0D, 0x01, 0x11, 0x18, 0x37, 0x05, 0xA2, 0x70, 0x5A, 0x2D,
    0x8F, 0x45, 0xC9, 0x5A, 0x15, 0x19, 0xA1, 0x49, 0xD8, 0x24, 0x9D, 0x63,
    0xFC, 0x1F, 0x07, 0x03, 0xD1, 0x48, 0x48, 0x14, 0x46, 0x81, 0x44, 0x68,
    0x14, 0x46, 0x71, 0x48, 0x44, 0x09, 0x03, 0x23, 0x90, 0x33, 0x19, 0xC3,
    0x31, 0x9C, 0x33, 0x19, 0xC3, 0x31, 0x20, 0x33, 0x19, 0xC3, 0x22, 0x1C,
    0x51, 0x21, 0xC7, 0x02, 0x98, 0x70, 0x29, 0x88, 0xF2, 0x9B, 0xF0, 0x7C,
    0x05, 0x0F, 0x43, 0xB2, 0x68, 0xB2, 0x09, 0x8B, 0x11, 0x94, 0xB0, 0x21,
    0x89, 0x11, 0x20, 0x52, 0x11, 0xC9, 0x02, 0x14, 0xB0, 0x21, 0x4B, 0x02,
    0x14, 0xB0, 0x11, 0x06, 0x12, 0x40, 0x42, 0x08, 0x42, 0x22, 0xC0, 0x42,
    0x20, 0x4A, 0xF2, 0x05, 0x8D, 0x20, 0x56, 0xE8, 0xB4, 0xBF, 0x83, 0xE0,
    0xF8, 0x14, 0x1D, 0x95, 0x61, 0x71, 0x1A, 0x16, 0x11, 0x81, 0x69, 0x36,
    0x26, 0x05, 0xE1, 0x68, 0xD8, 0x46, 0x85, 0x65, 0x68, 0x56, 0x56, 0x85,
    0x65, 0x68, 0x56, 0x56, 0x8C, 0xA1, 0x18, 0xDE, 0xF7, 0x08, 0x4E, 0x18,
    0xCC, 0x22, 0xC4, 0xA3, 0x4B, 0x0C, 0x3F, 0xC1, 0xF0, 0x7C, 0x1F, 0x02,
    0xC3, 0xA2, 0xE8, 0x99, 0x2E, 0x8B, 0x92, 0xAC, 0x2E, 0x17, 0x05, 0xB2,
    0x64, 0xB8, 0x3D, 0x02, 0x42, 0xB0, 0x6A, 0x2B, 0x0E, 0x62, 0xB2, 0x2F,
    0x82, 0xC3, 0xF8, 0x3E, 0x0F, 0x81, 0xE1, 0xD9, 0x34, 0x5C, 0x97, 0x06,
    0xC1, 0xB2, 0x5D, 0x0A, 0xA1, 0x29, 0x28, 0x11, 0x22, 0x63, 0x09, 0xF0,
    0x6B, 0x9F, 0x06, 0x48, 0xD8, 0x64, 0x99, 0x25, 0x54, 0xD7, 0xF8, 0x3E,
    0x0C, 0x07, 0xA2, 0xD9, 0x70, 0x6B, 0x9F, 0x06, 0xC1, 0xB0, 0x6C, 0x95,
    0xE1, 0x51, 0x1E, 0x34, 0x12, 0x02, 0x31, 0xA2, 0x21, 0xA2, 0x2D, 0x89,
    0x08, 0x5C, 0x97, 0x44, 0x21, 0xDE, 0x4F, 0xC1, 0xF0, 0x7C, 0x1F, 0x07,
    0xC1, 0xF0, 0x7C, 0x1F, 0x07, 0xC1, 0xF0, 0x7C, 0x1F, 0x07, 0x51, 0x46,
    0x49, 0x91, 0x74, 0x1D, 0x07, 0x3A, 0x46, 0xFC, 0x1F, 0x07, 0xC1, 0xF0,
    0x7C, 0x1F, 0x07, 0xC1, 0xF0, 0x7C, 0x1F, 0x07, 0xC0, 0x22, 0x61, 0x11,
    0x93, 0x60, 0xE8, 0x3D, 0xD1, 0x64, 0x99, 0x26, 0x27, 0xF0, 0x7C, 0x1F,
    0x07, 0xC1, 0xF0, 0x7C, 0x1F, 0x01, 0xCB, 0x84, 0x55, 0x4F, 0x93, 0x22,
    0xE7, 0xC1, 0xD0, 0x74, 0x1D, 0x16, 0xC5, 0xB1, 0x6C, 0x98, 0x79, 0x48,
    0x24, 0x08, 0xA7, 0x28, 0x94, 0x22, 0x1C, 0x84, 0x41, 0x08, 0x71, 0x91,
    0x04, 0x22, 0x04, 0x35, 0x0C, 0x87, 0x20, 0xCE, 0x42, 0x98, 0x85, 0x31,
    0x48, 0x62, 0x18, 0x86, 0x21, 0xC4, 0x81, 0x20, 0x86, 0x14, 0x8B, 0x92,
    0xE4, 0x5C, 0x17, 0x05, 0xC1, 0x70, 0x5E, 0x0F, 0xC1, 0xF0, 0x60, 0x41,
    0x08, 0xDF, 0x07, 0xC1, 0xF0, 0x7C, 0x1F, 0x00, 0xC6, 0x81, 0xC0, 0x87,
    0x1C, 0x0A, 0x52, 0xB8, 0xC4, 0x33, 0x8E, 0x23, 0xBA, 0x2D, 0x8B, 0x62,
    0xD8, 0x3A, 0x0D, 0x8B, 0x28, 0x9B, 0x1F, 0x0A, 0x88, 0x44, 0x34, 0x15,
    0x35, 0x4D, 0x71, 0x6C, 0x1D, 0x07, 0x2E, 0x6B, 0x9B, 0x24, 0xD8, 0xB6,
    0x2E, 0x83, 0xA0, 0xF8, 0x39, 0xC1, 0x0B, 0xDD, 0x07, 0x45, 0x74, 0x60,
    0x86, 0xC9, 0x7E, 0x0F, 0x83, 0xE0, 0xF8, 0x3E, 0x0F, 0x83, 0xE0, 0xF8,
    0x3E, 0x0F, 0x82, 0x89, 0x62, 0x02, 0xB1, 0x10, 0x4D, 0x42, 0xA8, 0xA5,
    0x05, 0x2B, 0x48, 0x50, 0xC4, 0x85, 0x0D, 0x40, 0x8E, 0xC4, 0x88, 0xEC,
    0x4F, 0xE0, 0xF8, 0x3E, 0x0F, 0x83, 0xE0, 0xF8, 0x3E, 0x0F, 0x83, 0xE0,
    0xF8, 0x3E, 0x01, 0x16, 0xAD, 0x83, 0xDF, 0x06, 0xC5, 0xB2, 0x64, 0x99,
    0x26, 0x48, 0xBF, 0x81, 0x24, 0xD2, 0x6C, 0xAA, 0x2A, 0x88, 0xB9, 0xB0,
    0x68, 0x08, 0xC6, 0x88, 0x8C, 0x42, 0x91, 0x22, 0x31, 0x0A, 0x4C, 0x9B,
    0x05, 0xC9, 0x74, 0x5C, 0x97, 0x44, 0xD0, 0xF6, 0x3D, 0x8C, 0x8F, 0x83,
    0xE0, 0xF8, 0x3E, 0x01, 0x8B, 0x47, 0xBA, 0x0C, 0x46, 0x20, 0xA7, 0x52,
    0x08, 0x96, 0x90, 0x8A, 0x61, 0x08, 0x30, 0x99, 0xA4, 0x18, 0xC6, 0x46,
    0xA8, 0xA2, 0x6A, 0xA6, 0xC8, 0xBA, 0x0E, 0x83, 0xA0, 0xF7, 0xB9, 0x04,
    0x18, 0x26, 0x91, 0x42, 0x5A, 0x2A, 0xA9, 0xA9, 0x02, 0x4B, 0x0C, 0x24,
    0xAA, 0x68, 0xC9, 0x36, 0x0F, 0x74, 0x1D, 0x07, 0xBD, 0xF0, 0x83, 0xA0,
    0xE7, 0xBD, 0xEF, 0x7B, 0xDE, 0xE3, 0x14, 0x7C, 0x97, 0x44, 0xD1, 0x6E,
    0x9A, 0x2E, 0x6C, 0x8B, 0x62, 0xD9, 0x32, 0x6C, 0x9A, 0xE6, 0xBA, 0x2A,
    0x8A, 0x9A, 0xE4, 0xC9, 0x36, 0x0E, 0x83, 0x8C, 0xF8, 0x14, 0x4D, 0x17,
    0x25, 0xD1, 0x36, 0x5C, 0x1E, 0xE7, 0xC1, 0xB0, 0x6A, 0x08, 0x47, 0x93,
    0x24, 0xC9, 0xB2, 0x4C, 0x9A, 0xEC, 0x8B, 0x26, 0xA9, 0xA2, 0x90, 0xF8,
    0x3E, 0x0F, 0x81, 0xA1, 0x08, 0xB2, 0x5C, 0x93, 0x47, 0xBA, 0x2C, 0x8B,
    0x22, 0xC6, 0xC1, 0xAE, 0x8B, 0x1A, 0xE7, 0xBA, 0x2C, 0x8B, 0x1F, 0x63,
    0xD8, 0xD4, 0xF8, 0x3E, 0x0F, 0x83, 0xE0, 0x79, 0x34, 0x5D, 0x93, 0x44,
    0xA0, 0x4A, 0x49, 0xB2, 0x6B, 0xC9, 0x72, 0x6C, 0x1B, 0x06, 0xB9, 0xEE,
    0x7B, 0x9B, 0x05, 0xC8, 0x82, 0x22, 0xBE, 0x0F, 0x83, 0xE0, 0xF8, 0x22,
    0x4D, 0x13, 0x64, 0xD1, 0x66, 0x22, 0x16, 0x4C, 0x9A, 0xF4, 0x5C, 0x97,
    0x06, 0xC1, 0xB0, 0x6C, 0x1B, 0x05, 0xC8, 0x82, 0x2C, 0x0C, 0x22, 0x1B,
    0xE0, 0xF8, 0x3E, 0x0F, 0x83, 0x41, 0xE8, 0xB6, 0x4C, 0x88, 0x23, 0xC6,
    0x88, 0x30, 0x92, 0xE3, 0x08, 0xF0, 0x30, 0x8E, 0xE3, 0x08, 0xEE, 0x31,
    0x0A, 0xE2, 0x18, 0x7E, 0x0F, 0x83, 0xE0, 0xF8, 0x28, 0x31, 0xEC, 0x7B,
    0xA2, 0xCA, 0xA2, 0xE2, 0x62, 0x8D, 0xF0, 0x6C, 0x5A, 0xD1, 0x09, 0x9D,
    0x12, 0xE8, 0xBA, 0x23, 0x25, 0xD0, 0xF6, 0x3F, 0x83, 0xE0, 0xF8, 0x3E,
    0x08, 0x14, 0x2E, 0x0B, 0xA1, 0xE9, 0x70, 0x6C, 0x22, 0xE9, 0xAA, 0x6A,
    0x85, 0xF9, 0x09, 0xA2, 0x6A, 0xAA, 0x2A, 0x8A, 0xAA, 0x30, 0x7B, 0x8C,
    0x42, 0xE8, 0x7E, 0x06, 0x12, 0x37, 0x8D, 0x43, 0xD8, 0xF8, 0x2E, 0x0F,
    0x63, 0xD8, 0xF6, 0x76, 0x7C, 0x1E, 0x11, 0xC6, 0xD8, 0xB2, 0x49, 0xA2,
    0xA8, 0xAA, 0x2A, 0x8A, 0xAA, 0x6C, 0x84, 0x85, 0xA7, 0x41, 0x09, 0x39,
    0x92, 0x56, 0x11, 0x44, 0x70, 0x92, 0x57, 0x85, 0x26, 0x70, 0x52, 0x67,
    0x05, 0x47, 0x10, 0x8E, 0x60, 0xC0, 0x9F, 0x07, 0xC1, 0xA0, 0x9C, 0x46,
    0x1A, 0x88, 0x11, 0x08, 0x63, 0x22, 0x8A, 0x64, 0xA8, 0x49, 0x43, 0x02,
    0x74, 0xD5, 0x37, 0x4C, 0x44, 0x10, 0x84, 0x61, 0x2C, 0x02, 0x51, 0x0C,
    0x8F, 0x08, 0x48, 0x59, 0x4C, 0x83, 0x2C, 0xA9, 0x32, 0xC8, 0x93, 0x34,
    0x48, 0x43, 0x42, 0x84, 0x8C, 0x27, 0x19, 0x04, 0x24, 0x84, 0x46, 0x38,
    0x62, 0x3F, 0x83, 0xE0, 0xF8, 0x08, 0x14, 0x05, 0x62, 0x38, 0x88, 0x33,
    0xA8, 0x83, 0x11, 0x10, 0xB1, 0x88, 0x24, 0x4B, 0x04, 0x55, 0xC9, 0x45,
    0x19, 0x44, 0x74, 0x8C, 0xA4, 0x20, 0x44, 0x44, 0x08, 0xC2, 0x28, 0x84,
    0x44, 0x05, 0x31, 0x16, 0xE7, 0x80, 0x8A, 0x87, 0x14, 0x67, 0x74, 0x1B,
    0x25, 0x55, 0x32, 0x69, 0x42, 0x50, 0x88, 0x22, 0x71, 0x04, 0x33, 0x07,
    0xE0, 0xF8, 0x34, 0x1E, 0x86, 0x02, 0x10, 0x8C, 0x37, 0xA8, 0x43, 0x20,
    0x8C, 0xE1, 0x08, 0x25, 0x2B, 0x44, 0x93, 0xB0, 0x46, 0x5A, 0xC6, 0x46,
    0x2F, 0xF0, 0x50, 0x3F, 0x01, 0xC5, 0xC3, 0x59, 0x13, 0x5C, 0xD7, 0x35,
    0xCD, 0x54, 0x55, 0x0C, 0x20, 0xD0, 0xF8, 0x2F, 0xC1, 0xF0, 0x5C, 0x26,
    0x0C, 0xCA, 0x51, 0x08, 0x6D, 0x39, 0x02, 0x21, 0x35, 0x23, 0x21, 0xC2,
    0x45, 0xFE, 0x0F, 0x83, 0xE0, 0xF8, 0x3E, 0x0C, 0x87, 0xA2, 0xE0, 0xF6,
    0x3D, 0x93, 0x25, 0xD1, 0x34, 0x45, 0x05, 0xE1, 0x68, 0x7A, 0x2E, 0x0B,
    0x81, 0xE8, 0x7A, 0x27, 0x7E, 0x0F, 0x83, 0xE0, 0xF8, 0x3E, 0x0F, 0x83,
    0xE0, 0xF8, 0x0C, 0x1E, 0x87, 0xA1, 0x70, 0x9A, 0x17, 0x09, 0xA1, 0x78,
    0x5A, 0x17, 0x85, 0xA2, 0xE0, 0xBE, 0x0F, 0x83, 0x22, 0xE8, 0x5F, 0xF8,
    0x3E, 0x0F, 0x83, 0xE0, 0xF8, 0x3E, 0x0F, 0x80, 0xE1, 0xE8, 0x7A, 0x1E,
    0x87, 0xA1, 0xE8, 0x7A, 0x2D, 0x04, 0x41, 0xF8, 0x3E, 0x0F, 0x83, 0xE0,
    0xF8, 0x13, 0xF8, 0x3E, 0x0F, 0x83, 0xE0, 0xF8, 0x3E, 0x0F, 0x81, 0x01,
    0xE8, 0x7A, 0x1E, 0x8B, 0x81, 0xE8, 0x7A, 0x2E, 0x0B, 0x82, 0xF8, 0x3C,
    0x1E, 0x87, 0xE0, 0x57, 0xE0, 0xF8, 0x3E, 0x0F, 0x83, 0xE0, 0xF8, 0x16,
    0x1E, 0x87, 0xA2, 0xC8, 0x42, 0x3C, 0x84, 0x41, 0xE8, 0x7A, 0x2D, 0x8F,
    0x62, 0xE0, 0xF6, 0x3D, 0x8F, 0x62, 0xE0, 0x5B, 0xF8, 0x3E, 0x0F, 0x83,
    0xE0, 0xF8, 0x3E, 0x06, 0x0B, 0x63, 0xE0, 0xB4, 0x10, 0x8B, 0x25, 0xD8,
    0xF6, 0x3C, 0x84, 0x23, 0xC9, 0x72, 0x5D, 0x8F, 0x63, 0xD8, 0xF4, 0x45,
    0x7E, 0x0F, 0x83, 0xE0, 0xF8, 0x3E, 0x07, 0x0B, 0x65, 0xC9, 0x72, 0x5D,
    0x13, 0x44, 0xC1, 0xAE, 0x7B, 0x9F, 0x05, 0xC9, 0x6A, 0x21, 0x16, 0xC8,
    0xB2, 0x2C, 0x84, 0x7E, 0x0F, 0x83, 0xE0, 0xF8, 0x20, 0x3D, 0x17, 0x26,
    0xC1, 0xAE, 0x89, 0x04, 0x87, 0x98, 0x46, 0x7B, 0x9A, 0xE7, 0xB2, 0x28,
    0xAA, 0x2A, 0xA9, 0xAA, 0x64, 0x10, 0xAA, 0x2E, 0x27, 0xE0, 0xF8, 0x3E,
    0x0F, 0x82, 0x03, 0xC9, 0xB2, 0x6C, 0x1A, 0xE8, 0xB9, 0xEE, 0x79, 0x08,
    0x66, 0xA0, 0x44, 0x7B, 0x22, 0xA9, 0xA2, 0xA8, 0xA9, 0x04, 0x2A, 0x93,
    0x62, 0xD2, 0x7E, 0x0F, 0x83, 0xE0, 0xF8, 0x1E, 0x4C, 0x9B, 0x07, 0xB9,
    0xEE, 0x7C, 0x1B, 0x06, 0x88, 0x4C, 0x69, 0x04, 0x87, 0x98, 0x44, 0x89,
    0x08, 0x29, 0x8B, 0x62, 0xD9, 0x32, 0x4C, 0x90, 0xC2, 0x92, 0x7E, 0x0F,
    0x83, 0xE0, 0xF8, 0x1E, 0x4C, 0x9B, 0x06, 0xC1, 0xEE, 0x7B, 0x9F, 0x06,
    0xC1, 0xAE, 0x78, 0x08, 0x88, 0x78, 0xC2, 0xB7, 0xBD, 0xE5, 0x0A, 0x5E,
    0x41, 0xA1, 0xE4, 0x1A, 0x20, 0x31, 0xA0, 0xB1, 0x07, 0x63, 0xD8, 0xF8,
    0x2E, 0x0A, 0x04, 0x48, 0x9C, 0x64, 0x09, 0xA7, 0x40, 0x9C, 0x73, 0x89,
    0xC7, 0x38, 0x9C, 0x73, 0x11, 0xC6, 0x29, 0x46, 0x12, 0x84, 0x86, 0x29,
    0x86, 0x23, 0x9C, 0xA8, 0x08, 0xCA, 0x82, 0xB0, 0x4B, 0x2B, 0xC2, 0x92,
    0xB8, 0x49, 0x38, 0x88, 0x61, 0xA0, 0xE2, 0x21, 0x0A, 0x83, 0x84, 0xE2,
    0x2A, 0x0B, 0xF8, 0x0C, 0x3D, 0x93, 0x44, 0xD8, 0xCE, 0x47, 0x90, 0xC6,
    0x78, 0x8C, 0x77, 0x88, 0xE7, 0x70, 0x8E, 0x77, 0x0C, 0xC7, 0x69, 0x4E,
    0x55, 0xA4, 0x86, 0x55, 0x0F, 0x73, 0x61, 0x54, 0x69, 0x84, 0x97, 0x90,
    0x68, 0x78, 0x8A, 0x87, 0x88, 0xA8, 0x37, 0xE0, 0x60, 0xB8, 0x2D, 0x8F,
    0x66, 0xC1, 0xEE, 0x8B, 0x22, 0xC8, 0xB2, 0x2A, 0x99, 0xAE, 0x4C, 0x8B,
    0x62, 0xD9, 0xAE, 0xC8, 0xB9, 0xEE, 0x7B, 0x9D, 0x5F, 0x81, 0xC1, 0xE8,
    0xF2, 0x5D, 0x13, 0x63, 0xD8, 0xF6, 0x3D, 0x8F, 0x63, 0xD9, 0x32, 0x5C,
    0x9A, 0xE7, 0xB2, 0x68, 0xAA, 0x2A, 0xC7, 0xC1, 0x76, 0x16, 0xFE, 0x08,
    0x07, 0xC2, 0xE0, 0xF6, 0x4D, 0x84, 0x21, 0xD8, 0xF4, 0x4E, 0x0B, 0x82,
    0xE0, 0xAE, 0x11, 0x8E, 0xC2, 0x11, 0x70, 0x6B, 0x22, 0xC9, 0x9A, 0xE6,
    0xBA, 0xAA, 0xE8, 0x27, 0x04, 0xD9, 0x34, 0x4D, 0x13, 0x64, 0xD8, 0xF6,
    0x3D, 0x8F, 0x63, 0xE8, 0x7A, 0x17, 0x85, 0x82, 0x70, 0x98, 0x2D, 0x8F,
    0x44, 0xC9, 0x72, 0x5C, 0x1A, 0xE7, 0xB9, 0xFF, 0x07, 0xC1, 0xF0, 0x7C,
    0x1F, 0x07, 0xC1, 0xF0, 0x7C, 0x1F, 0x07, 0xC0, 0x40, 0xF4, 0x3D, 0x0F,
    0x43, 0xF0, 0x7C, 0x1F, 0x07, 0xC1, 0xF0, 0x7C, 0x09, 0xFC, 0x1F, 0x07,
    0xC1, 0xF0, 0x7C, 0x1F, 0x01, 0xC3, 0xF0, 0x70, 0x3F, 0x07, 0x03, 0xC1,
    0x70, 0x5C, 0x17, 0x05, 0xF0, 0x7C, 0x1F, 0x07, 0xC1, 0xF0, 0x2F, 0xF0,
    0x7C, 0x1F, 0x07, 0xC1, 0xF0, 0x14, 0x5D, 0x0F, 0xC1, 0xC0, 0xF4, 0x3D,
    0x0F, 0x05, 0xC1, 0x70, 0x5C, 0x1E, 0x89, 0xA2, 0x68, 0x9B, 0x1F, 0xC1,
    0x0F, 0xC1, 0xF0, 0x7C, 0x1F, 0x07, 0xC0, 0x41, 0x74, 0x3C, 0x0F, 0x45,
    0xC1, 0x70, 0x5C, 0x0F, 0x05, 0xC1, 0xEC, 0x7A, 0x26, 0x89, 0xA2, 0xE4,
    0xB9, 0x2C, 0xBF, 0x07, 0xC1, 0xF0, 0x7C, 0x04, 0x17, 0x45, 0xC0, 0xF4,
    0x3C, 0x17, 0x05, 0xC1, 0xEC, 0x5C, 0x17, 0x05, 0xB2, 0x68, 0x9A, 0x26,
    0x89, 0xA2, 0xBC, 0x48, 0x2B, 0xC4, 0x1F, 0xC1, 0xF0, 0x7C, 0x1F, 0x01,
    0x43, 0xD1, 0x70, 0x3D, 0x0F, 0x05, 0xD0, 0xF4, 0x3C, 0x17, 0x05, 0xC1,
    0xEC, 0x7A, 0x26, 0x89, 0xA2, 0x68, 0xB9, 0x2C, 0xBF, 0x07, 0xC1, 0xF0,
    0x7C, 0x05, 0x0F, 0x45, 0xF0, 0x6C, 0x3D, 0x0F, 0x05, 0xC1, 0xEC, 0x5C,
    0x17, 0x05, 0xB2, 0x68, 0x9A, 0x26, 0x89, 0xA2, 0x68, 0x89, 0x12, 0x3F,
    0x07, 0xC1, 0xF0, 0x7C, 0x1F, 0x01, 0x03, 0xD0, 0xF4, 0x3D, 0x0F, 0x05,
    0xC1, 0xEC, 0x5C, 0x17, 0x05, 0xB2, 0x68, 0x9A, 0x26, 0x89, 0xA2, 0x28,
    0x4D, 0x2A, 0x84, 0x7F, 0xC1, 0xF0, 0x7C, 0x1F, 0x01, 0x43, 0xD1, 0x74,
    0x3C, 0x0F, 0x42, 0xA0, 0xC8, 0x2A, 0x1C, 0x02, 0x91, 0xC0, 0x4B, 0x0C,
    0x04, 0xB0, 0xC0, 0x6A, 0x0C, 0x06, 0xA0, 0xBC, 0x8A, 0x13, 0x88, 0xA1,
    0x38, 0xA8, 0x1B, 0x8A, 0x81, 0xB8, 0xB2, 0xFC, 0x1F, 0x07, 0xC1, 0xF0,
    0x7C, 0x04, 0x17, 0x43, 0xC0, 0xF4, 0x5C, 0x0A, 0x45, 0x21, 0x20, 0x71,
    0x0A, 0x47, 0x01, 0x2C, 0x30, 0x1A, 0x83, 0x01, 0xA8, 0x30, 0x1A, 0x82,
    0xF2, 0x28, 0x4E, 0x2A, 0x06, 0xE2, 0xA0, 0x6E, 0x2A, 0x42, 0x8F, 0xC1,
    0xF0, 0x7C, 0x1F, 0x07, 0xC0, 0x41, 0x74, 0x3F, 0x06, 0xC3, 0xD0, 0xA4,
    0x52, 0x0A, 0x47, 0x01, 0x28, 0x50, 0x12, 0xC3, 0x01, 0x2C, 0x30, 0x1A,
    0x82, 0xF2, 0x28, 0x2F, 0x22, 0x84, 0xE2, 0xA0, 0x6E, 0x2A, 0x06, 0xE2,
    0xA4, 0x28, 0xFC, 0x1F, 0x07, 0xC1, 0xF0, 0x14, 0x3D, 0x17, 0x05, 0xC0,
    0xF4, 0x3C, 0x12, 0x86, 0xF1, 0x2C, 0x4F, 0x12, 0xC3, 0x01, 0x28, 0x4F,
    0x1A, 0x84, 0xF1, 0xA8, 0x6E, 0x22, 0x82, 0xF2, 0x24, 0x4F, 0x22, 0x46,
    0xE2, 0x24, 0x6E, 0x24, 0xFF, 0x07, 0xC1, 0xF0, 0x7C, 0x1F, 0x00, 0xC7,
    0xC1, 0x7C, 0x1A, 0x13, 0x02, 0xF1, 0x2C, 0x4F, 0x12, 0xC4, 0xF1, 0x2C,
    0x2F, 0x1A, 0x84, 0xF1, 0xA8, 0x4F, 0x1A, 0x84, 0xF1, 0xA8, 0x4F, 0x22,
    0x44, 0xE2, 0xA4, 0x4E, 0x2A, 0x44, 0xE2, 0xCF, 0xF0, 0x7C, 0x1F, 0x07,
    0xC1, 0xF0, 0x0C, 0x7C, 0x17, 0xC1, 0xA1, 0x30, 0x2F, 0x12, 0xC4, 0xF1,
    0x2C, 0x4F, 0x12, 0xC2, 0xF1, 0xA8, 0x4F, 0x1A, 0xC2, 0xF1, 0xA8, 0x4F,
    0x1A, 0x84, 0xF2, 0x24, 0x4E, 0x2A, 0x44, 0xE2, 0xA4, 0x4E, 0x2C, 0xFF,
    0x07, 0xC1, 0xF0, 0x7C, 0x1F, 0x00, 0xC7, 0xB1, 0xF0, 0x3D, 0x0B, 0x02,
    0xF1, 0xA8, 0x4F, 0x12, 0xC4, 0xF0, 0xB0, 0x2F, 0x12, 0xC4, 0xF1, 0xA8,
    0x4F, 0x1A, 0x84, 0xF1, 0xA8, 0x4E, 0x2A, 0x44, 0xE2, 0xA4, 0x4E, 0x2A,
    0x44, 0xE2, 0xCF, 0xF0, 0x7C, 0x1F, 0x01, 0x49, 0xA2, 0x68, 0xBA, 0x1F,
    0x02, 0x91, 0x44, 0x65, 0x2C, 0x0A, 0x52, 0xB8, 0x81, 0x11, 0x45, 0x11,
    0x0C, 0x25, 0x14, 0x44, 0x30, 0x94, 0x51, 0x12, 0x46, 0xF1, 0x88, 0x26,
    0x1B, 0xCA, 0x50, 0x84, 0x42, 0x0B, 0x48, 0x60, 0x84, 0x4F, 0x31, 0xC6,
    0xE3, 0x1C, 0x6E, 0x31, 0x88, 0x8F, 0xC1, 0xF0, 0x1C, 0x7A, 0x36, 0x0D,
    0x83, 0x8C, 0x52, 0x38, 0xC7, 0x21, 0x94, 0x93, 0x19, 0x09, 0x35, 0xCC,
    0xA1, 0x43, 0x8E, 0x12, 0x49, 0x91, 0x40, 0x47, 0x32, 0x08, 0x21, 0x24,
    0x88, 0x23, 0x48, 0x62, 0x44, 0x46, 0x20, 0x84, 0xD0, 0x38, 0x42, 0x21,
    0xC0, 0xC2, 0x08, 0x86, 0x9F, 0xC1, 0xF0, 0x20, 0x5A, 0x36, 0x0D, 0x83,
    0x8C, 0x33, 0x38, 0x8B, 0x02, 0x90, 0x93, 0x18, 0xCB, 0x35, 0xCC, 0xA1,
    0x3B, 0xCE, 0x12, 0x0C, 0x2E, 0x64, 0x5B, 0x22, 0x08, 0xD2, 0x20, 0x8D,
    0x21, 0x88, 0xF2, 0x18, 0x82, 0x13, 0x40, 0xE1, 0x08, 0x87, 0x03, 0x08,
    0x22, 0x1A, 0x67, 0x36, 0x0F, 0x73, 0xDD, 0x03, 0x14, 0x50, 0x32, 0xB9,
    0x03, 0x2B, 0x90, 0x22, 0xC0, 0xA4, 0x2C, 0x5B, 0x16, 0xC5, 0xEE, 0x8B,
    0x1C, 0x40, 0xA9, 0xEF, 0x7B, 0xDD, 0x12, 0x84, 0xF1, 0x20, 0x8F, 0x12,
    0x09, 0x10, 0x20, 0x90, 0x9F, 0xC1, 0xF0, 0x7C, 0x1F, 0x07, 0xC1, 0xF0,
    0x7C, 0x1F, 0x07, 0xC1, 0x6C, 0xFC, 0x1F, 0x07, 0xC1, 0xF0, 0x7C, 0x1F,
    0x07, 0xC1, 0xF0, 0x6B, 0xF0, 0x7C, 0x1F, 0x07, 0xC1, 0xF0, 0x7C, 0x1F,
    0x07, 0xC1, 0xF0, 0x7C, 0x1F, 0x07, 0xC1, 0xF0, 0x7C, 0x1F, 0x07, 0xC1,
    0xF0, 0x7C, 0x1F, 0x02, 0xFF, 0x07, 0xC1, 0xF0, 0x7C, 0x1F, 0x07, 0xC1,
    0xF0, 0x7C, 0x1F, 0x07, 0xC1, 0xB2, 0x20, 0x91, 0x11, 0x87, 0x50, 0x90,
    0x5F, 0x07, 0xC1, 0xF0, 0x7C, 0x1F, 0x07, 0xC0, 0x5F, 0xC1, 0xF0, 0x7C,
    0x1F, 0x07, 0xC1, 0xF0, 0x7C, 0x04, 0x11, 0x43, 0x41, 0x98, 0x70, 0x22,
    0x0A, 0xB3, 0x20, 0xAE, 0x21, 0xC7, 0x21, 0x18, 0x5A, 0x17, 0xC1, 0xF0,
    0x7C, 0x1F, 0x07, 0xC1, 0xF0, 0x1B, 0xF0, 0x7C, 0x1F, 0x07, 0xC1, 0xF0,
    0x7C, 0x1F, 0x07, 0xC0, 0x30, 0x98, 0x52, 0x1A, 0x08, 0xC3, 0x9C, 0xAF,
    0x19, 0xC5, 0xF0, 0x7C, 0x1F, 0x07, 0xC1, 0xF0, 0x7C, 0x1F, 0x07, 0xC0,
    0x1F, 0xC1, 0xF0, 0x7C, 0x1F, 0x07, 0xC1, 0xF0, 0x09, 0xCD, 0x39, 0x90,
    0x55, 0x9D, 0x41, 0x5A, 0x6A, 0x95, 0x09, 0x28, 0x42, 0x4C, 0x72, 0xC8,
    0x25, 0x17, 0xC1, 0xF0, 0x7C, 0x1F, 0x07, 0xC1, 0xF0, 0x12, 0xE7, 0xAE,
    0x87, 0xB9, 0x34, 0x26, 0x8B, 0x47, 0xB2, 0x68, 0xA9, 0xB2, 0x4C, 0x9A,
    0xE6, 0xAA, 0xA4, 0xE2, 0x69, 0x8E, 0x4C, 0x1A, 0xA9, 0x93, 0x1D, 0x03,
    0x7C, 0x17, 0x99, 0x14, 0x6C, 0x20, 0xCA, 0x26, 0xA9, 0xB2, 0x2E, 0x75,
    0x19, 0x06, 0x42, 0x8E, 0x54, 0x2C, 0xC5, 0x42, 0xCE, 0x44, 0x30, 0xC4,
    0x3B, 0x4A, 0x53, 0xB0, 0xC5, 0x2B, 0x8A, 0x62, 0x38, 0xA7, 0x22, 0x14,
    0x82, 0x99, 0x68, 0x29, 0x94, 0x93, 0x11, 0x4A, 0x2D, 0x92, 0x64, 0x97,
    0x44, 0xD8, 0xF7, 0x36, 0x47, 0xC0, 0xF0, 0x5B, 0x26, 0x4F, 0x64, 0xD1,
    0x73, 0x55, 0x51, 0x72, 0x68, 0x99, 0x2E, 0x4B, 0x83, 0xB4, 0xC3, 0x60,
    0xD8, 0x36, 0x0D, 0x82, 0xE8, 0x9A, 0x1F, 0x03, 0xE1, 0x6C, 0x99, 0x45,
    0x53, 0x44, 0xD8, 0xDA, 0x26, 0x4B, 0x92, 0xE4, 0xB9, 0x35, 0xCE, 0xB3,
    0x0B, 0x93, 0x60, 0xD8, 0x36, 0x49, 0xA1, 0xF0, 0x3D, 0x0F, 0x09, 0x93,
    0xD9, 0x35, 0x45, 0x8F, 0x92, 0x68, 0x99, 0x26, 0x8B, 0x83, 0x60, 0xD9,
    0x2B, 0x4C, 0x36, 0x0D, 0x83, 0x60, 0xBA, 0x1F, 0x05, 0xC1, 0x6C, 0xB8,
    0x45, 0x53, 0x54, 0xD4, 0xBB, 0x26, 0x89, 0x92, 0x68, 0xB8, 0x36, 0x0D,
    0xA1, 0xF0, 0x4E, 0x30, 0xD8, 0x36, 0x0B, 0xA2, 0x6C, 0x5C, 0x16, 0xCB,
    0x84, 0x55, 0x35, 0x45, 0x8D, 0x92, 0xE4, 0xB9, 0x2E, 0x4B, 0x92, 0xE4,
    0xBA, 0x26, 0xC5, 0xF0, 0x34, 0xD2, 0x68, 0x9A, 0x26, 0xC5, 0xC1, 0x70,
    0x7B, 0x2E, 0x11, 0x54, 0xD5, 0x16, 0x2E, 0xC9, 0xA2, 0x68, 0x99, 0x36,
    0x0D, 0x83, 0x64, 0x7F, 0x07, 0xC0, 0xB3, 0x85, 0xC1, 0x70, 0x5C, 0x17,
    0x05, 0xD1, 0x6C, 0xD7, 0x45, 0x53, 0x54, 0x58, 0xBB, 0x26, 0x89, 0xA2,
    0x64, 0xB9, 0x36, 0x0D, 0x91, 0xFC, 0x1F, 0x02, 0xCF, 0x0F, 0x43, 0xD0,
    0xF4, 0x3C, 0x0F, 0x45, 0xB3, 0x5D, 0x15, 0x4D, 0x51, 0x63, 0x68, 0x9A,
    0x26, 0x4B, 0x92, 0xE4, 0xD8, 0x36, 0x87, 0xF0, 0x7C, 0x0B, 0x7C, 0x0E,
    0x0F, 0x45, 0xB2, 0x64, 0xD7, 0x4C, 0xDB, 0x07, 0x41, 0xD0, 0x74, 0x93,
    0x63, 0x64, 0xB9, 0x2E, 0x0D, 0x83, 0x5C, 0xF6, 0x45, 0x91, 0x64, 0xAD,
    0x61, 0x64, 0xB8, 0x34, 0x1E, 0xF7, 0xBD, 0xEF, 0x7C, 0x1F, 0x17, 0x45,
    0xCF, 0x7B, 0xA0, 0xE4, 0x0C, 0xAF, 0x39, 0x46, 0xF3, 0xDC, 0xF7, 0x3D,
    0xCF, 0x73, 0xDC, 0xEA, 0x26, 0xA9, 0xAA, 0xA8, 0xB9, 0xB2, 0x4C, 0x93,
    0x24, 0xD8, 0xBA, 0x0F, 0x79, 0xEE, 0x77, 0x88, 0xC8, 0x70, 0xCA, 0x96,
    0x90, 0x8A, 0x61, 0xC2, 0xA6, 0x49, 0xB1, 0x6C, 0x5B, 0x11, 0x05, 0x66,
    0x2A, 0x8A, 0xA2, 0xE6, 0xC9, 0x36, 0x2B, 0x9A, 0xE6, 0xC9, 0x26, 0xA7,
    0xB9, 0xDE, 0x23, 0x21, 0xC2, 0x32, 0x5A, 0x32, 0xAD, 0x86, 0x0A, 0xD8,
    0x60, 0xAD, 0x92, 0x6C, 0x1D, 0x07, 0xC9, 0x85, 0x26, 0xA9, 0xAA, 0xA8,
    0xC8, 0xBA, 0x2B, 0x9A, 0xA8, 0x9A, 0xA0, 0x61, 0x91, 0xC8, 0x34, 0x04,
    0xE7, 0x20, 0x92, 0x13, 0x9D, 0xE2, 0x32, 0x1C, 0x61, 0x25, 0xA7, 0x0A,
    0x9B, 0x35, 0xC9, 0x91, 0x74, 0x04, 0x15, 0xCD, 0x66, 0x4D, 0x73, 0x5D,
    0x15, 0x45, 0x10, 0x4F, 0x48, 0xC8, 0xD5, 0x0C, 0xAD, 0x48, 0x8E, 0xD4,
    0x08, 0xED, 0x40, 0x52, 0xA5, 0x07, 0xA1, 0xE8, 0x7A, 0x16, 0x25, 0x02,
    0x42, 0xD2, 0x23, 0xAD, 0x42, 0x33, 0x14, 0x32, 0x31, 0x64, 0x13, 0x19,
    0x31, 0x05, 0x05, 0x13, 0x45, 0xC1, 0xEC, 0x9A, 0xA6, 0xAA, 0xA2, 0xE4,
    0xD1, 0x04, 0x22, 0x08, 0xCF, 0x73, 0xDC, 0xF7, 0x3C, 0xD7, 0x26, 0x36,
    0x4B, 0x9A, 0xE6, 0xAA, 0xA2, 0xE6, 0xC1, 0x5E, 0x63, 0x24, 0xD9, 0x3A,
    0x4D, 0x70, 0x4A, 0xB6, 0x8C, 0xAA, 0x60, 0xD0, 0x76, 0x11, 0x25, 0x59,
    0x56, 0x35, 0x91, 0xA2, 0x59, 0x58, 0x25, 0x95, 0xA1, 0x59, 0x72, 0x4D,
    0x13, 0x44, 0xF8, 0x3E, 0x0F, 0x83, 0xE0, 0x5B, 0x63, 0xE8, 0x7E, 0x0F,
    0x81, 0x61, 0xE1, 0x36, 0x3D, 0x13, 0x44, 0xD1, 0x34, 0x4D, 0x17, 0x06,
    0xC9, 0x32, 0x20, 0x8B, 0x41, 0x08, 0xBE, 0x0F, 0x83, 0xE0, 0xF8, 0x14,
    0xF8, 0x3E, 0x0F, 0x83, 0xE0, 0x41, 0x34, 0x4D, 0x8F, 0x44, 0xD1, 0x70,
    0x5D, 0x13, 0x26, 0xC1, 0xB0, 0x7B, 0x9F, 0x04, 0xC8, 0x82, 0x2C, 0x88,
    0x22, 0xF8, 0x3E, 0x06, 0x3E, 0x0F, 0x83, 0xE0, 0x58, 0xB4, 0x4D, 0x17,
    0x05, 0xC1, 0xAE, 0x8B, 0x22, 0xC8, 0xC1, 0x72, 0x6C, 0x1A, 0xE7, 0xBA,
    0x2A, 0x9A, 0xA6, 0xA9, 0xB1, 0x9C, 0xF8, 0x3E, 0x0F, 0x81, 0x81, 0xE1,
    0x32, 0x5C, 0x97, 0x25, 0xC1, 0xB0, 0x7B, 0x9B, 0x06, 0xC1, 0xB0, 0x7B,
    0x9E, 0xC8, 0xB2, 0x6A, 0x9A, 0xA6, 0xC6, 0x63, 0xE0, 0xF8, 0x3E, 0x07,
    0x0B, 0x44, 0xD1, 0x72, 0x5C, 0x1B, 0x06, 0xB9, 0xEE, 0x7B, 0x9F, 0x06,
    0xC1, 0xAE, 0x8B, 0x22, 0xA9, 0xAA, 0xAA, 0x8B, 0x99, 0x4F, 0x83, 0xE0,
    0xF8, 0x18, 0x11, 0x0B, 0x06, 0xC1, 0xB2, 0x6C, 0x1A, 0xE6, 0xC1, 0xB0,
    0x6C, 0x1B, 0x06, 0xC1, 0xEE, 0x8A, 0xAA, 0x8A, 0xA2, 0xA8, 0x9B, 0x8D,
    0x8F, 0x83, 0xE0, 0x60, 0xB4, 0x4C, 0x9B, 0x26, 0xAB, 0x9E, 0xE9, 0x1F,
    0x25, 0xC9, 0x6E, 0x99, 0xB6, 0x2E, 0x83, 0xA2, 0x7C, 0x1B, 0x63, 0xD1,
    0x34, 0x47, 0x3E, 0x0F, 0x83, 0xE0, 0x39, 0x72, 0x5C, 0x97, 0x25, 0xCA,
    0x2A, 0xA9, 0xA6, 0x8C, 0x8A, 0x82, 0x2A, 0x1E, 0xAA, 0x93, 0x22, 0xE8,
    0x3D, 0xEF, 0x7B, 0xE2, 0xB6, 0xBE, 0x0F, 0x81, 0x82, 0xC1, 0xB2, 0x6B,
    0x9B, 0x25, 0xC9, 0x72, 0x6C, 0x1B, 0x06, 0xC1, 0x70, 0x8B, 0x22, 0xA8,
    0xB2, 0x2C, 0x8A, 0xAA, 0x8A, 0xA2, 0x98, 0xF8, 0x22, 0x1A, 0x88, 0xA2,
    0xAA, 0x6A, 0xB9, 0xAA, 0x89, 0xB2, 0x2E, 0x7B, 0x9E, 0xC9, 0xA2, 0xE6,
    0xB9, 0xAE, 0x6C, 0x93, 0x62, 0xD8, 0x3A, 0x0D, 0x8B, 0x50, 0xF8, 0x3E,
    0x04, 0x8C, 0xA2, 0xA2, 0xA8, 0xD8, 0x36, 0x2A, 0xB2, 0x2E, 0x7B, 0xA2,
    0xC8, 0xA2, 0xA8, 0xA9, 0xB2, 0x4C, 0x93, 0x26, 0xB9, 0x32, 0x4D, 0x8B,
    0x4E, 0xF8, 0x18, 0x1E, 0x88, 0xA2, 0x9A, 0xE6, 0xC8, 0xBA, 0x4B, 0xA2,
    0x2C, 0x8B, 0x1E, 0xE7, 0xAA, 0xA6, 0xB9, 0xB2, 0x2D, 0x8B, 0x60, 0xD8,
    0xBA, 0x0E, 0x93, 0x10, 0xF8, 0x3E, 0x04, 0x84, 0x82, 0xB2, 0xA8, 0xA9,
    0xB1, 0x44, 0x22, 0x98, 0x50, 0xAD, 0xA3, 0x1A, 0xDA, 0x41, 0x0C, 0x27,
    0x69, 0x04, 0xC6, 0x8C, 0x4C, 0x68, 0xC2, 0xE6, 0x49, 0x92, 0x69, 0x44,
    0xAA, 0x2A, 0x6C, 0x93, 0x22, 0xD4, 0xBE, 0x0F, 0x81, 0x01, 0x21, 0x2A,
    0x9A, 0xAE, 0x4B, 0x9A, 0x96, 0x24, 0x25, 0x62, 0x4A, 0x16, 0x34, 0x9D,
    0x63, 0x49, 0xD6, 0x42, 0x31, 0x45, 0x13, 0x57, 0x45, 0xD1, 0x66, 0x12,
    0xD6, 0x42, 0x2E, 0x6B, 0xA2, 0xDE, 0xF3, 0xBE, 0x0F, 0x83, 0xE0, 0xF8,
    0x3E, 0x0F, 0x83, 0xE0, 0xF8, 0x3E, 0x0F, 0x83, 0xE0, 0xF8, 0x3E, 0x0F,
    0x83, 0xE0, 0xF8, 0x3E, 0x0F, 0x83, 0xE0, 0x5B, 0xE0, 0xF8, 0x14, 0x6B,
    0xA2, 0xAA, 0xA2, 0xA6, 0xB9, 0xAE, 0x89, 0xB2, 0x2C, 0x8A, 0x2A, 0x4D,
    0x8B, 0x62, 0xE8, 0x3A, 0x0E, 0x8B, 0x62, 0xC9, 0xAD, 0x4F, 0x83, 0xE0,
    0x51, 0xAE, 0x8A, 0xAA, 0x8A, 0xA2, 0xA8, 0xAA, 0x26, 0xC9, 0xAA, 0x68,
    0xA9, 0x32, 0x4D, 0x83, 0xA0, 0xE8, 0x3A, 0x2D, 0x8B, 0x26, 0xC4, 0xBE,
    0x0F, 0x82, 0xC2, 0xE1, 0xAE, 0x7C, 0x1A, 0xE7, 0xB9, 0xF4, 0x4D, 0x13,
    0x44, 0xD1, 0x30, 0x6B, 0x9E, 0xC8, 0xAA, 0x6A, 0x9A, 0xA6, 0xC8, 0xB2,
    0x1F, 0x07, 0xC0, 0x70, 0x9C, 0x54, 0x10, 0x4F, 0x36, 0x49, 0xB0, 0x6C,
    0x59, 0x54, 0x59, 0x16, 0x45, 0x91, 0x45, 0x4D, 0x92, 0x6C, 0x1D, 0x07,
    0x40, 0x61, 0x54, 0x1D, 0x07, 0x29, 0xF0, 0x7C, 0x03, 0x16, 0x9B, 0x17,
    0x41, 0xEE, 0x7C, 0x1B, 0x35, 0x55, 0x35, 0x4D, 0x53, 0x45, 0x45, 0xD0,
    0x7B, 0xA0, 0xD8, 0xB6, 0x2D, 0x83, 0xA0, 0xE9, 0xA2, 0xE8, 0x41, 0xB2,
    0x55, 0x91, 0x64, 0x51, 0x53, 0x6C, 0x5E, 0xE8, 0xB2, 0x4C, 0x92, 0xE8,
    0x9B, 0x22, 0xE8, 0xAA, 0xA8, 0xB9, 0xAE, 0x4D, 0x79, 0xA7, 0x6C, 0xD5,
    0x44, 0xE0, 0xD8, 0x2D, 0xCF, 0x74, 0x55, 0x73, 0x6B, 0xDF, 0x08, 0x36,
    0x0D, 0x9A, 0xAA, 0x60, 0x8A, 0xA7, 0xB2, 0x68, 0xC9, 0x36, 0x2E, 0x72,
    0x26, 0x74, 0x59, 0x35, 0xD1, 0x54, 0x4D, 0x53, 0x55, 0x51, 0x72, 0x6C,
    0x5D, 0x16, 0xC5, 0xB0, 0x6C, 0x1C, 0xF8, 0x36, 0x4D, 0x8B, 0xDD, 0x16,
    0xC5, 0x89, 0xA5, 0x15, 0x4D, 0x53, 0x55, 0x4D, 0x72, 0x6C, 0xC2, 0x15,
    0x4D, 0x73, 0x5C, 0xD7, 0x35, 0xD5, 0x35, 0x4D, 0x53, 0x64, 0x5C, 0xF6,
    0x45, 0x91, 0x73, 0xDC, 0x62, 0x0A, 0xC2, 0x1A, 0x60, 0x13, 0x22, 0xE8,
    0xB2, 0x68, 0xC5, 0x84, 0xCD, 0x50, 0x4C, 0xD8, 0xB6, 0x2D, 0x8B, 0xA2,
    0x90, 0x8E, 0x28, 0x10, 0xE2, 0x71, 0x12, 0x27, 0x19, 0x22, 0x53, 0x0A,
    0x25, 0x38, 0x62, 0x5C, 0x17, 0x44, 0xD8, 0xA5, 0x20, 0x7A, 0x2D, 0x17,
    0x26, 0xC9, 0x72, 0x6C, 0x93, 0x62, 0x18, 0xAC, 0x31, 0x2D, 0x41, 0x14,
    0x97, 0x44, 0xA0, 0x4D, 0x39, 0x4C, 0xD2, 0x98, 0xCE, 0x29, 0x4C, 0x95,
    0x14, 0xE9, 0x49, 0x8E, 0x84, 0x9C, 0xC1, 0x09, 0xD0, 0x64, 0x9C, 0xE8,
    0x51, 0x4F, 0xF8, 0x3E, 0x03, 0x0B, 0x84, 0xC9, 0x70, 0x7C, 0x1B, 0x26,
    0xC9, 0x04, 0x1C, 0x04, 0x65, 0x58, 0x84, 0x12, 0x0C, 0x4B, 0x28, 0x8D,
    0x22, 0x88, 0x94, 0x28, 0x44, 0x10, 0x98, 0x4C, 0x41, 0x8A, 0xC3, 0x1C,
    0xAD, 0x31, 0x8C, 0xB4, 0x14, 0xCB, 0x41, 0x8C, 0xB3, 0x9C, 0xAB, 0x0F,
    0xE0, 0xF8, 0x18, 0x2D, 0x97, 0x07, 0xB9, 0xF0, 0x6C, 0x9B, 0x24, 0xD8,
    0x86, 0x26, 0x84, 0x41, 0x30, 0x84, 0x46, 0x84, 0xCD, 0x50, 0x44, 0x11,
    0x45, 0x01, 0x08, 0x44, 0x80, 0xA1, 0x23, 0x09, 0x0A, 0x85, 0x1C, 0xA8,
    0x59, 0x8A, 0x86, 0x14, 0xC7, 0x61, 0x8C, 0x66, 0x18, 0xC6, 0xFC, 0x10,
    0x0F, 0x45, 0xB2, 0xE0, 0xF7, 0x3E, 0x0D, 0x92, 0xEC, 0x44, 0x0D, 0xC2,
    0x41, 0xD4, 0x62, 0x2B, 0x04, 0x56, 0xAC, 0x25, 0x6A, 0xC6, 0x23, 0x88,
    0xAD, 0x10, 0x4A, 0x52, 0x38, 0xE5, 0x23, 0xCA, 0x62, 0x40, 0xA7, 0x14,
    0x0A, 0x70, 0xC4, 0xC6, 0x08, 0x7F, 0x07, 0xC0, 0xE1, 0xEC, 0xB8, 0x36,
    0x0F, 0x83, 0x64, 0xBB, 0x11, 0x03, 0x70, 0x90, 0x75, 0x18, 0x8A, 0xC0,
    0x84, 0x43, 0x6C, 0x5A, 0xB0, 0x90, 0xE2, 0x2B, 0x44, 0x12, 0x94, 0x8E,
    0x39, 0x48, 0xF2, 0x98, 0x90, 0x29, 0xC5, 0x03, 0x18, 0x31, 0x31, 0x82,
    0x1F, 0xC1, 0xF0, 0x38, 0x7B, 0x2E, 0x0D, 0x83, 0xDC, 0xF9, 0x2E, 0xC4,
    0x40, 0xDC, 0x24, 0x1D, 0x46, 0x22, 0xCD, 0xAA, 0x08, 0x82, 0x36, 0xAC,
    0x21, 0x08, 0x8E, 0x22, 0xB0, 0x61, 0x29, 0x48, 0xE3, 0x94, 0x8F, 0x29,
    0x89, 0x02, 0x9C, 0x50, 0x31, 0x83, 0x13, 0x18, 0x21, 0xFC, 0x11, 0x17,
    0x07, 0xA2, 0xE0, 0xF7, 0x3E, 0x0D, 0x92, 0xE8, 0x82, 0x0D, 0xC4, 0x31,
    0xD4, 0x62, 0x2B, 0x82, 0x46, 0xB4, 0x23, 0x6A, 0x82, 0x54, 0x08, 0x8B,
    0x08, 0x82, 0x12, 0x94, 0x8D, 0x41, 0x48, 0xE3, 0x1C, 0x70, 0x29, 0xC5,
    0x03, 0x18, 0x50, 0x31, 0x82, 0x1F, 0xC1, 0x40, 0xEC, 0x7A, 0x2E, 0x0F,
    0x83, 0x60, 0xD8, 0x2E, 0x88, 0x20, 0xDC, 0x81, 0x1D, 0x46, 0x22, 0xBC,
    0x23, 0x6A, 0x42, 0x30, 0x8D, 0xAA, 0x09, 0x50, 0x22, 0x28, 0x42, 0x08,
    0x4A, 0x52, 0x35, 0x05, 0x23, 0x8C, 0x62, 0x40, 0xA7, 0x14, 0x0C, 0x60,
    0xC4, 0xC6, 0x08, 0x7F, 0x04, 0xC5, 0xB1, 0xE4, 0xD8, 0x36, 0x4B, 0x83,
    0x64, 0xBA, 0x26, 0x86, 0x11, 0xC0, 0x25, 0x18, 0x8A, 0xF0, 0x8D, 0xAD,
    0x08, 0x9C, 0xD0, 0x88, 0xE2, 0x2A, 0x42, 0x53, 0x10, 0xAA, 0x10, 0x8C,
    0x52, 0xB4, 0xE6, 0x23, 0xCA, 0x71, 0xC0, 0xA6, 0x14, 0x4C, 0x51, 0x07,
    0xF0, 0x50, 0x79, 0x2E, 0x0F, 0x73, 0xDC, 0xF7, 0x3D, 0xCF, 0x10, 0x9C,
    0xA1, 0x0C, 0x02, 0x64, 0x3C, 0x25, 0x53, 0x82, 0x46, 0x34, 0x22, 0x73,
    0x42, 0x17, 0xB4, 0x41, 0x48, 0x87, 0x12, 0x94, 0x68, 0x0A, 0x0A, 0x51,
    0xA4, 0x27, 0x29, 0x46, 0x91, 0x18, 0xA5, 0x1A, 0xD8, 0x60, 0xF0, 0x5B,
    0xA2, 0xA9, 0xAA, 0x68, 0xAA, 0x2A, 0xC8, 0xB2, 0x1C, 0x23, 0x21, 0xC2,
    0x39, 0xDA, 0x25, 0x15, 0xA2, 0x51, 0x5A, 0x24, 0x99, 0xA2, 0x41, 0x9C,
    0x22, 0xA9, 0xA2, 0x22, 0xDA, 0x21, 0x35, 0xB1, 0x70, 0xC6, 0xAA, 0x2B,
    0xF0, 0x7C, 0x1F, 0x07, 0xC1, 0xF0, 0x7C, 0x1F, 0x05, 0x83, 0xC1, 0x40,
    0x2A, 0x1C, 0x02, 0xA1, 0xB8, 0x6A, 0x1B, 0x0A, 0xB1, 0x34, 0x8C, 0x0B,
    0x49, 0xB1, 0xEC, 0x7C, 0x1E, 0xC7, 0xC1, 0xAF, 0xF0, 0x78, 0x3F, 0x07,
    0xC1, 0xF0, 0x7C, 0x1F, 0x07, 0xC1, 0xF0, 0x7C, 0x1F, 0x07, 0xC1, 0xF0,
    0x7C, 0x1F, 0x07, 0xC1, 0xF0, 0x7C, 0x1F, 0x02, 0xFF, 0x07, 0xC1, 0xF0,
    0x7C, 0x1F, 0x07, 0xC1, 0xF0, 0x7C, 0x1F, 0x07, 0xC1, 0xF0, 0x7C, 0x1F,
    0x07, 0xC1, 0xF0, 0x7C, 0x1F, 0x07, 0xC1, 0xF0, 0x2F, 0xF0, 0x7C, 0x1F,
    0x07, 0xC1, 0xF0, 0x4C, 0x3F, 0x07, 0xC1, 0xF0, 0x7C, 0x18, 0x0F, 0x43,
    0xD0, 0xF4, 0x3F, 0x07, 0xC1, 0xA0, 0xF4, 0x3D, 0x0F, 0x42, 0x7F, 0xC1,
    0xF0, 0x7C, 0x1F, 0x07, 0xC1, 0xF0, 0x7C, 0x1F, 0x01, 0x83, 0xE0, 0xF8,
    0x3D, 0x17, 0x47, 0xC2, 0x6C, 0x9B, 0x2E, 0x93, 0x73, 0xDC, 0xF8, 0x37,
    0xE0, 0xF8, 0x3E, 0x0F, 0x83, 0xE0, 0x28, 0x7C, 0x1F, 0x0F, 0xB0, 0x83,
    0xA0, 0xE8, 0xB6, 0x2D, 0x93, 0x24, 0xC9, 0x32, 0x4C, 0x93, 0x24, 0xC9,
    0x33, 0xF0, 0x7C, 0x11, 0x0F, 0xC1, 0xB0, 0xDC, 0x21, 0x3D, 0x91, 0x63,
    0x60, 0xD8, 0x36, 0x49, 0xA2, 0x64, 0xB9, 0x36, 0x0D, 0x83, 0x51, 0x72,
    0x20, 0x4A, 0x10, 0xC9, 0x41, 0x0C, 0x54, 0xDF, 0xC0, 0xC0, 0xFC, 0x1F,
    0x06, 0xC7, 0x93, 0x60, 0xB8, 0x3E, 0x4B, 0x93, 0x64, 0xB9, 0x2C, 0xC8,
    0x21, 0x84, 0x52, 0x20, 0x48, 0x20, 0xC4, 0x82, 0x2C, 0x4E, 0x12, 0xC4,
    0xA4, 0x18, 0x42, 0x20, 0xB4, 0xA4, 0x19, 0x04, 0xE1, 0x14, 0x62, 0x0E,
    0x0A, 0xCF, 0xC0, 0xD0, 0xFC, 0x1F, 0x06, 0xC5, 0xA2, 0xE0, 0xD8, 0x36,
    0x49, 0x21, 0x04, 0x62, 0x24, 0x12, 0x12, 0x41, 0x01, 0x24, 0x4E, 0x22,
    0xC4, 0x62, 0x08, 0x8B, 0x74, 0x58, 0xE1, 0x0E, 0x09, 0xA2, 0x68, 0x82,
    0x0D, 0xC8, 0x20, 0xAF, 0xF0, 0x7C, 0x1F, 0x04, 0xC3, 0xF0, 0x2C, 0x87,
    0x0C, 0x8E, 0x32, 0x08, 0x2C, 0x48, 0x8E, 0xD4, 0x04, 0xD3, 0x18, 0xCB,
    0x20, 0x98, 0x94, 0x09, 0x0B, 0x40, 0x90, 0xB4, 0x08, 0x42, 0x13, 0x60,
    0xD8, 0x3D, 0xCA, 0x20, 0xD8, 0xA2, 0x0D, 0x8B, 0x93, 0xAB, 0xF0, 0x7C,
    0x1F, 0x07, 0xC0, 0x22, 0x68, 0xB8, 0x40, 0x8A, 0x10, 0xB9, 0x01, 0x3B,
    0xC4, 0x16, 0x5C, 0xB3, 0x09, 0x89, 0x30, 0x90, 0xD3, 0x09, 0x0D, 0x41,
    0x04, 0xF7, 0x3D, 0xC8, 0x20, 0xDC, 0x63, 0x15, 0x86, 0x41, 0x54, 0x64,
    0x0D, 0x88, 0x21, 0x27, 0xF0, 0x7C, 0x1F, 0x07, 0xC0, 0x22, 0x68, 0xB9,
    0x38, 0xC9, 0x04, 0x08, 0xF1, 0x20, 0x4F, 0x10, 0x94, 0xD2, 0x09, 0x4B,
    0x30, 0x94, 0xB3, 0x09, 0x0D, 0x44, 0xE0, 0xD8, 0x3D, 0xC6, 0x20, 0x84,
    0x36, 0x19, 0x43, 0x51, 0x90, 0x36, 0x20, 0x44, 0xAF, 0xC1, 0xF0, 0x7C,
    0x05, 0x16, 0xC8, 0xC0, 0xB0, 0xB9, 0x40, 0x89, 0x13, 0x88, 0xF2, 0x64,
    0x02, 0x53, 0xC4, 0x25, 0x2E, 0x4B, 0x92, 0xD1, 0x57, 0x3D, 0xC8, 0x11,
    0x5C, 0x62, 0x1D, 0x86, 0x50, 0xD4, 0x63, 0x15, 0x86, 0x30, 0xAB, 0xF0,
    0x7C, 0x1F, 0x01, 0x45, 0xB2, 0x64, 0xB9, 0x40, 0x8B, 0x13, 0x08, 0x82,
    0x0C, 0x86, 0x14, 0x40, 0x25, 0x3C, 0x42, 0x53, 0x60, 0xB9, 0x2D, 0x53,
    0x73, 0xDC, 0x81, 0x15, 0x88, 0x21, 0xD8, 0x62, 0x10, 0x43, 0x51, 0x8C,
    0x56, 0x18, 0xC2, 0xAF, 0xC1, 0xF0, 0x7C, 0x05, 0x1E, 0x8B, 0x92, 0xE4,
    0xE3, 0x15, 0x0C, 0x12, 0xD0, 0x62, 0x3C, 0x02, 0x54, 0x5C, 0xB8, 0x36,
    0x0B, 0x64, 0x5C, 0xF6, 0x45, 0x88, 0x21, 0x58, 0x83, 0x15, 0x48, 0x31,
    0xD0, 0x83, 0x12, 0x7F, 0x07, 0xC1, 0xF0, 0x14, 0x7A, 0x2E, 0x4A, 0xC0,
    0xB0, 0xF9, 0x30, 0x89, 0x42, 0x05, 0x0F, 0x09, 0x51, 0x73, 0xDC, 0xB8,
    0x34, 0xC2, 0x14, 0x5C, 0xF7, 0x3D, 0x88, 0x21, 0x58, 0x83, 0x15, 0x48,
    0x31, 0xD0, 0x83, 0x12, 0x7F, 0x07, 0xC1, 0xF0, 0x14, 0x7A, 0x2E, 0x4B,
    0x93, 0xE4, 0xC2, 0x25, 0x08, 0x22, 0x08, 0x2F, 0x09, 0x53, 0x63, 0xDC,
    0xB9, 0x2C, 0xC2, 0x24, 0x58, 0xF7, 0x3D, 0x8A, 0x11, 0x58, 0x83, 0x15,
    0x48, 0x31, 0x54, 0x83, 0x1A, 0x3F, 0x02, 0x03, 0xB2, 0x68, 0xB9, 0x2E,
    0x8D, 0xB1, 0xE4, 0x21, 0x19, 0x0B, 0x00, 0x9C, 0xB1, 0x09, 0x93, 0x54,
    0x40, 0x25, 0x34, 0xC6, 0x22, 0xDC, 0xF7, 0x3D, 0x91, 0x62, 0x04, 0x57,
    0x20, 0x83, 0x71, 0x8C, 0x56, 0x18, 0xC4, 0x9A, 0x4B, 0x92, 0xE8, 0x9C,
    0x1E, 0x8B, 0x80, 0x88, 0x5F, 0x06, 0x02, 0x62, 0x10, 0x35, 0x34, 0x82,
    0x43, 0xCC, 0x23, 0x45, 0x02, 0x23, 0xD8, 0xA1, 0x0D, 0x8D, 0x73, 0xDC,
    0xF6, 0x45, 0x91, 0x71, 0x88, 0x57, 0x18, 0x84, 0x9A, 0x8B, 0x92, 0xE8,
    0x9B, 0x26, 0x0D, 0x80, 0x88, 0x59, 0x0F, 0x42, 0x62, 0x4C, 0x25, 0x2E,
    0x0F, 0x83, 0xD0, 0x22, 0x3D, 0x8F, 0x63, 0x5C, 0xF6, 0x45, 0x53, 0x50,
    0x88, 0xD8, 0x36, 0x0C, 0xAA, 0x8B, 0x92, 0xE8, 0x9B, 0x26, 0x0D, 0x80,
    0x88, 0x78, 0x0F, 0x42, 0x62, 0x4C, 0x25, 0x2E, 0x0F, 0x73, 0xD4, 0x22,
    0x3D, 0x8F, 0x73, 0x5C, 0xD7, 0x3D, 0xCF, 0x64, 0x5C, 0xF8, 0x2A, 0xEB,
    0x36, 0x4B, 0xA1, 0xE0, 0xD8, 0x08, 0x4B, 0x70, 0x88, 0x78, 0x0F, 0x42,
    0x61, 0x88, 0x31, 0x09, 0x8D, 0x74, 0x48, 0x22, 0x4C, 0xC2, 0x24, 0x51,
    0x55, 0x45, 0x8F, 0x63, 0x5C, 0xF7, 0x3D, 0x91, 0x64, 0x2A, 0xC2, 0xD8,
    0x22, 0x2D, 0x53, 0x51, 0x08, 0xD4, 0x10, 0x8B, 0x60, 0x8C, 0x77, 0x0F,
    0x42, 0x91, 0xC4, 0x48, 0x2C, 0x02, 0x66, 0xA8, 0x25, 0x63, 0x44, 0x25,
    0xC0, 0x42, 0x63, 0xE0, 0xF7, 0xC1, 0xB0, 0x6C, 0x15, 0x44, 0xD1, 0x48,
    0x94, 0x82, 0x4C, 0x04, 0x34, 0xC0, 0x43, 0x44, 0x44, 0x43, 0xC4, 0x64,
    0x24, 0xC6, 0x60, 0xD0, 0x6D, 0x1A, 0xC6, 0xC3, 0x24, 0x6C, 0x42, 0x04,
    0xB5, 0x20, 0x47, 0x6A, 0x06, 0x47, 0xA4, 0x63, 0x7A, 0x86, 0x37, 0x2C,
    0x62, 0x73, 0x24, 0xD8, 0xBA, 0x0E, 0x83, 0x62, 0x19, 0xD4, 0xA1, 0xA4,
    0xCC, 0x1B, 0x04, 0xD1, 0xB0, 0x4C, 0x2A, 0xC4, 0xA3, 0xD9, 0x15, 0x4D,
    0x91, 0x00, 0x95, 0x10, 0x18, 0x94, 0xD9, 0x32, 0x6A, 0x68, 0x4E, 0x77,
    0x88, 0xE5, 0x80, 0xCE, 0x38, 0x8D, 0x03, 0x81, 0x10, 0x28, 0x15, 0x02,
    0x79, 0xB1, 0x71, 0xB0, 0x5F, 0x83, 0xE0, 0xF8, 0x3E, 0x0F, 0x83, 0xE0,
    0xA0, 0x7E, 0x0F, 0x83, 0xE0, 0xF8, 0x3E, 0x0F, 0x80, 0x84, 0xC9, 0x72,
    0x5C, 0x1A, 0xE7, 0xB9, 0xFF, 0x07, 0xC1, 0xF0, 0x7C, 0x1F, 0x07, 0xC1,
    0xF0, 0x7C, 0x1F, 0x07, 0xC0, 0x41, 0x6C, 0x9B, 0x17, 0xC1, 0xF0, 0x7C,
    0x1F, 0x07, 0xC1, 0xF0, 0x7C, 0x07, 0xFC, 0x1F, 0x07, 0xC1, 0xF0, 0x7C,
    0x1F, 0x07, 0xC1, 0xF0, 0x7C, 0x1F, 0x07, 0xC1, 0xF0, 0x0C, 0x3B, 0x26,
    0xC5, 0xF0, 0x7C, 0x1F, 0x07, 0xC1, 0xF0, 0x27, 0xF0, 0x7C, 0x1F, 0x07,
    0xC1, 0xF0, 0x7C, 0x1F, 0x07, 0xC1, 0xF0, 0x7C, 0x1F, 0x07, 0xC1, 0xF0,
    0x04, 0x3D, 0x17, 0xC1, 0xF0, 0x7C, 0x1F, 0x07, 0xC0, 0x9F, 0xC1, 0xF0,
    0x7C, 0x1F, 0x07, 0xC1, 0xF0, 0x7C, 0x1F, 0x07, 0xC1, 0xF0, 0x7C, 0x1F,
    0x07, 0xC1, 0xF0, 0xF4, 0x5F, 0x07, 0xC1, 0xF0, 0x7C, 0x0A, 0xFC, 0x1F,
    0x07, 0xC1, 0xF0, 0x7C, 0x1F, 0x07, 0xC1, 0xF0, 0x7C, 0x1F, 0x07, 0xC1,
    0xF0, 0x7C, 0x1F, 0x0F, 0x45, 0xF0, 0x7C, 0x1F, 0x07, 0xC0, 0xAF, 0xC1,
    0xF0, 0x7C, 0x1F, 0x07, 0xC1, 0xF0, 0x7C, 0x1F, 0x07, 0xC1, 0xF0, 0x7C,
    0x04, 0x0F, 0x43, 0xC1, 0x70, 0x5B, 0x1F, 0x43, 0xF0, 0x7C, 0x1F, 0x02,
    0xFF, 0x07, 0xC1, 0xF0, 0x7C, 0x1F, 0x07, 0xC0, 0x91, 0x74, 0x3F, 0x07,
    0x05, 0xB1, 0x6C, 0x7B, 0x1F, 0x07, 0xB1, 0xEC, 0x7A, 0x2E, 0x4B, 0x92,
    0xE8, 0x6C, 0xFC, 0x1F, 0x07, 0xC0, 0xD1, 0xEC, 0x9B, 0x1F, 0x03, 0xD0,
    0xF0, 0x7B, 0x16, 0x04, 0x21, 0x60, 0x23, 0x16, 0x04, 0x21, 0x60, 0x42,
    0x16, 0xC9, 0xA2, 0xE4, 0xB9, 0x2E, 0x4D, 0x74, 0x1F, 0xF0, 0x7C, 0x1F,
    0x03, 0x47, 0xB2, 0x6C, 0x7C, 0x0F, 0x43, 0xC1, 0xEC, 0x57, 0x09, 0x05,
    0x71, 0x08, 0x78, 0x08, 0xC5, 0x80, 0x8C, 0x58, 0x08, 0xC7, 0xA2, 0x68,
    0xB9, 0x2E, 0x4D, 0x73, 0xA3, 0xF0, 0x7C, 0x0F, 0x0F, 0x07, 0xA2, 0xE8,
    0x9C, 0x17, 0x03, 0xC1, 0x70, 0x5B, 0x1D, 0x84, 0x31, 0xDC, 0x22, 0x25,
    0xC4, 0x21, 0xDC, 0x42, 0x1D, 0xC4, 0x22, 0x68, 0xB9, 0x2E, 0x4B, 0x83,
    0xA3, 0xF0, 0x7C, 0x0F, 0x1E, 0x8B, 0x92, 0xE8, 0x9B, 0x1E, 0xC5, 0xC1,
    0x54, 0x24, 0x26, 0x89, 0x50, 0x90, 0x75, 0x18, 0xC7, 0x61, 0x04, 0xB6,
    0x10, 0xC7, 0x61, 0x0C, 0x76, 0x10, 0xC9, 0x51, 0x88, 0xB9, 0x2E, 0x0E,
    0x8F, 0xC1, 0x21, 0xE4, 0xD9, 0x2E, 0x4B, 0x83, 0x68, 0x9A, 0x26, 0x47,
    0xA2, 0x4C, 0x25, 0x2C, 0xC2, 0x52, 0x50, 0x25, 0x24, 0xC4, 0x52, 0x4C,
    0xC1, 0x24, 0xC6, 0x23, 0x50, 0x44, 0x25, 0x06, 0x32, 0x50, 0x63, 0x2C,
    0x88, 0x33, 0x23, 0x32, 0x64, 0xD8, 0x3D, 0xCF, 0x73, 0x64, 0xB9, 0x2E,
    0x44, 0x11, 0x60, 0x7A, 0x2E, 0x4B, 0x82, 0xCC, 0x25, 0x2C, 0x84, 0x52,
    0xC8, 0x45, 0x2C, 0x84, 0x52, 0xC5, 0xB1, 0x6C, 0x86, 0x42, 0xC8, 0x64,
    0x32, 0x33, 0x3D, 0xCF, 0x73, 0xDC, 0xF8, 0x2E, 0x4B, 0x92, 0xE0, 0x99,
    0x2E, 0x4D, 0x73, 0x60, 0xB9, 0x2C, 0x82, 0x62, 0xC4, 0x47, 0x24, 0x44,
    0x72, 0x44, 0x45, 0x34, 0x02, 0x16, 0xBC, 0x21, 0x28, 0x8D, 0x11, 0x90,
    0xE6, 0xD4, 0xF6, 0x3E, 0x4B, 0x92, 0xE4, 0xB8, 0x2E, 0x0D, 0x83, 0x5C,
    0xB9, 0x2E, 0x4B, 0x92, 0xC4, 0x27, 0x2C, 0x04, 0x72, 0xC0, 0x46, 0x34,
    0x42, 0x54, 0x45, 0xAE, 0x08, 0x88, 0x33, 0xB4, 0x22, 0x19, 0x10, 0xF1,
    0x91, 0x03, 0xE4, 0xB8, 0x35, 0xCD, 0x73, 0x60, 0xB9, 0x2E, 0x4B, 0x92,
    0xE4, 0xAF, 0x11, 0xCC, 0xF1, 0x18, 0xEF, 0x11, 0x52, 0xE1, 0x8C, 0x42,
    0x3B, 0x4E, 0x34, 0x30, 0xC4, 0x43, 0x88, 0x44, 0x3C, 0x82, 0x4B, 0xC8,
    0x24, 0xBA, 0x0E, 0x87, 0x82, 0xD8, 0xF4, 0x4C, 0x97, 0x02, 0x10, 0xAA,
    0x51, 0x09, 0xA1, 0x40, 0x42, 0x11, 0x0D, 0x82, 0x68, 0xDA, 0x26, 0x0D,
    0xA4, 0x49, 0x1C, 0x34, 0x91, 0xE5, 0x29, 0x60, 0x80, 0x96, 0x2D, 0x93,
    0x24, 0xC9, 0x88, 0x28, 0xB2, 0x2C, 0x8B, 0x23, 0xF0, 0x7C, 0x1F, 0x07,
    0xC0, 0xA0, 0xF0, 0x5C, 0x36, 0x89, 0xB1, 0x88, 0x96, 0x41, 0x03, 0x23,
    0xE4, 0xBB, 0x17, 0xC1, 0xF0, 0x7C, 0x1F, 0x07, 0xC1, 0xF0, 0x7B, 0xF0,
    0x7C, 0x1F, 0x07, 0xC1, 0xF0, 0x7C, 0x1F, 0x07, 0xC1, 0xF0, 0x7C, 0x1F,
    0x07, 0x83, 0xD0, 0xF4, 0x84, 0x15, 0x91, 0x83, 0x6C, 0x5F, 0x07, 0xC0,
    0x8F, 0xC1, 0xF0, 0x7C, 0x1F, 0x07, 0xC1, 0xF0, 0x7C, 0x1F, 0x07, 0xC1,
    0xF0, 0x7C, 0x3E, 0x17, 0x44, 0x31, 0x64, 0x9B, 0x17, 0x05, 0xF0, 0x7C,
    0x1F, 0x02, 0x7F, 0x07, 0xC1, 0xF0, 0x7C, 0x1F, 0x07, 0xC1, 0xF0, 0x7C,
    0x03, 0x17, 0x43, 0xD1, 0x70, 0x7D, 0x10, 0xC5, 0x82, 0xE4, 0x9A, 0x26,
    0x85, 0xF0, 0x7C, 0x1F, 0x02, 0xBF, 0x07, 0xC1, 0xF0, 0x7C, 0x1F, 0x01,
    0xC5, 0xC1, 0x74, 0x3D, 0x1E, 0xC7, 0xC1, 0x70, 0x7B, 0x26, 0x8D, 0x83,
    0x60, 0x9F, 0x07, 0xC1, 0xF0, 0x7C, 0x08, 0xFC, 0x1F, 0x07, 0xC0, 0xA0,
    0xF0, 0x7C, 0x0F, 0x45, 0xC1, 0xEC, 0x7B, 0x17, 0x07, 0xB1, 0xEC, 0xB8,
    0x3D, 0xCD, 0xA0, 0xFC, 0x1F, 0x07, 0xC1, 0xF0, 0x2F, 0xF0, 0x7C, 0x0C,
    0x0F, 0x45, 0xD0, 0xF0, 0x5C, 0x1F, 0x05, 0xC0, 0xF4, 0x5B, 0x1E, 0xC9,
    0x93, 0x5C, 0xF6, 0x2F, 0xC1, 0xF0, 0x7C, 0x17, 0x0F, 0xC1, 0x0F, 0xC0,
    0xE0, 0xEC, 0x9B, 0x1F, 0x05, 0xC1, 0xE8, 0xB9, 0x2E, 0x8B, 0x92, 0x68,
    0x5B, 0x26, 0x8B, 0x83, 0x59, 0x53, 0x64, 0x99, 0x35, 0x50, 0x22, 0x20,
    0xC3, 0x30, 0xA4, 0x28, 0xFC, 0x1F, 0x03, 0x83, 0xC1, 0xE8, 0xBA, 0x2E,
    0x89, 0xB2, 0x68, 0xB8, 0x3D, 0x93, 0x74, 0x59, 0x17, 0x10, 0x83, 0x91,
    0x08, 0x38, 0x36, 0x0D, 0x73, 0xD9, 0x34, 0x61, 0x3F, 0x07, 0xC1, 0xF0,
    0x7C, 0x1F, 0x02, 0xC7, 0xB2, 0x64, 0xBA, 0x26, 0x8B, 0x30, 0x9C, 0x9A,
    0x2C, 0xD9, 0x74, 0x59, 0x35, 0x54, 0x02, 0x44, 0xC1, 0xB7, 0x26, 0x88,
    0x7F, 0xC1, 0xF0, 0x7C, 0x1F, 0x03, 0xC9, 0xA2, 0xE0, 0xD9, 0x2B, 0xC2,
    0x93, 0x64, 0xB1, 0x0A, 0x0B, 0x27, 0x59, 0x35, 0x55, 0x15, 0x54, 0xD1,
    0x4D, 0x6C, 0x82, 0x72, 0x68, 0xA3, 0xDC, 0xF7, 0x3D, 0xCF, 0x73, 0xE0,
    0xD8, 0x36, 0x4A, 0x90, 0xC4, 0x6B, 0x0B, 0xC6, 0xD1, 0x1C, 0x61, 0x23,
    0xDF, 0x21, 0x18, 0x9A, 0x26, 0x89, 0xB1, 0xEC, 0x7C, 0x17, 0x05, 0xD0,
    0xF4, 0x34, 0x07, 0xC1, 0xE8, 0xFA, 0x2E, 0x97, 0x65, 0xD1, 0x84, 0x79,
    0x32, 0x8A, 0xB9, 0xF6, 0x3F, 0x83, 0xE0, 0xF8, 0x3E, 0x0F, 0x83, 0xE0,
    0xF8, 0x3E, 0x0B, 0x7E, 0x0F, 0x83, 0xE0, 0xF8, 0x3E, 0x0F, 0x80, 0xC1,
    0xE9, 0x44, 0x1B, 0xB2, 0xEC, 0x93, 0x30, 0x6E, 0x0B, 0xE0, 0xF8, 0x3E,
    0x0F, 0x83, 0xE0, 0xF8, 0x31, 0xF8, 0x3E, 0x0F, 0x83, 0xE0, 0xF8, 0x3E,
    0x0F, 0x83, 0xE0, 0xF8, 0x3E, 0x0F, 0x83, 0xE0, 0xF8, 0x3E, 0x0F, 0x83,
    0xE0, 0xF8, 0x3E, 0x0F, 0x81, 0x75, 0xCD, 0x50, 0x18, 0x52, 0xF7, 0xA6,
    0xC7, 0xC0, 0x86, 0x1E, 0x87, 0x82, 0xE0, 0x7E, 0x0F, 0x83, 0x21, 0xF8,
    0x3E, 0x0F, 0x83, 0xE0, 0xF8, 0x3E, 0x0F, 0x83, 0xE0, 0x45, 0xC6, 0xC1,
    0x72, 0x4D, 0x0F, 0x62, 0xC9, 0x34, 0x4D, 0x13, 0x62, 0xE0, 0x78, 0x3F,
    0x83, 0xE0, 0xF8, 0x3E, 0x0F, 0x83, 0xE0, 0xF8, 0x3E, 0x0F, 0x80, 0xFF,
    0x81, 0xA1, 0xD9, 0x34, 0x3E, 0x07, 0xA1, 0xD8, 0xF6, 0x3E, 0x07, 0xA1,
    0xE8, 0x7E, 0x0F, 0x83, 0xE0, 0xF8, 0x3E, 0x0F, 0x83, 0xE0, 0xF8, 0x3E,
    0x04, 0x7E, 0x0F, 0x81, 0x62, 0xD1, 0x74, 0x3E, 0x0B, 0x81, 0xD8, 0xF6,
    0x3E, 0x0B, 0xE0, 0xE0, 0x7E, 0x0F, 0x83, 0xE0, 0xF8, 0x3E, 0x0F, 0x83,
    0xE0, 0xF8, 0x11, 0xF8, 0x3E, 0x05, 0x87, 0xA1, 0xE8, 0x7A, 0x1E, 0x8B,
    0x82, 0xE0, 0xB8, 0x2C, 0x2A, 0x48, 0x09, 0x52, 0xD1, 0xE8, 0x7B, 0x1E,
    0x89, 0xA3, 0x60, 0xD8, 0x36, 0x48, 0xEB, 0x0B, 0x73, 0xDC, 0xF1, 0x79,
    0x02, 0x6F, 0x83, 0xE0, 0x70, 0x74, 0x1F, 0x0F, 0x06, 0xC1, 0x74, 0x5C,
    0x97, 0x44, 0xD0, 0xF6, 0x3F, 0x83, 0xE0, 0xF8, 0x2E, 0x37, 0x88, 0x46,
    0x8C, 0x82, 0xF8, 0x1E, 0x1C, 0x84, 0x61, 0xF8, 0x32, 0x3C, 0x0B, 0x88,
    0xB8, 0x42, 0x10, 0x8E, 0xC3, 0x10, 0xB0, 0x20, 0x84, 0x23, 0xB1, 0xB0,
    0x7C, 0x1F, 0x03, 0x08, 0x72, 0x4D, 0x17, 0x23, 0xD8, 0xBE, 0x07, 0x0E,
    0x11, 0x08, 0x42, 0xA9, 0x82, 0x29, 0x84, 0x23, 0x08, 0x46, 0x57, 0x84,
    0x24, 0x30, 0xE2, 0x10, 0x88, 0x83, 0xA0, 0x8A, 0x10, 0x88, 0x42, 0x78,
    0x50, 0x11, 0x0D, 0xC2, 0x09, 0x84, 0x38, 0x84, 0x63, 0x08, 0x42, 0x47,
    0x84, 0x22, 0x18, 0xC2, 0x2B, 0x88, 0xA3, 0xA9, 0x2C, 0x20, 0x93, 0x06,
    0x08, 0xAA, 0x51, 0x04, 0x22, 0xA0, 0x82, 0x3C, 0x90, 0x23, 0xB9, 0x6E,
    0x20, 0x90, 0x21, 0xB0, 0x44, 0x10, 0x8D, 0x20, 0x84, 0x22, 0x38, 0x4C,
    0x15, 0x0A, 0x01, 0x18, 0x90, 0x11, 0x85, 0x61, 0x18, 0x4E, 0x10, 0x84,
    0x61, 0x08, 0x44, 0x28, 0x84, 0x81, 0x11, 0x06, 0x21, 0x84, 0x22, 0x60,
    0x44, 0x32, 0x04, 0x23, 0x08, 0xCE, 0x21, 0x04, 0x82, 0x08, 0x4A, 0x11,
    0x06, 0x41, 0x18, 0x84, 0x20, 0x85, 0x21, 0x10, 0x90, 0x40, 0x88, 0xE1,
    0x10, 0x44, 0x26, 0x8A, 0xE4, 0x28, 0x82, 0x25, 0x04, 0x83, 0x08, 0x86,
    0x43, 0x04, 0xA1, 0x20, 0x88, 0x40, 0x88, 0xC1, 0x40, 0xC6, 0x11, 0x88,
    0x42, 0xC8, 0x6A, 0x20, 0x88, 0x42, 0xB0, 0x42, 0x22, 0x07, 0xA1, 0x18,
    0x72, 0x21, 0x06, 0x61, 0x28, 0x86, 0x10, 0x92, 0x29, 0x05, 0x61, 0xA8,
    0x42, 0x12, 0x84, 0x81, 0x50, 0x4E, 0x12, 0x08, 0x63, 0x60, 0x52, 0x21,
    0x91, 0x61, 0xD8, 0x42, 0x12, 0x8D, 0x61, 0x48, 0x42, 0x20, 0x90, 0x42,
    0x38, 0x4A, 0x13, 0x04, 0x81, 0x08, 0xC2, 0x23, 0x84, 0x21, 0x60, 0x46,
    0x10, 0x88, 0xC2, 0xA8, 0x86, 0x16, 0x08, 0x21, 0x30, 0x86, 0x45, 0x90,
    0x61, 0x18, 0x48, 0x21, 0x8C, 0xC3, 0x08, 0x42, 0x23, 0x08, 0x22, 0x10,
    0x4A, 0x21, 0x14, 0xA1, 0x28, 0x9A, 0x14, 0x09, 0x41, 0x58, 0x4A, 0x21,
    0x04, 0xC2, 0x58, 0x46, 0x10, 0x85, 0x41, 0x18, 0x96, 0x27, 0x04, 0x21,
    0x51, 0x10, 0x20, 0x86, 0x2E, 0x8F, 0xE0, 0x18, 0x90, 0x1E, 0x09, 0xC1,
    0x28, 0xA0, 0x22, 0x04, 0xA2, 0x80, 0xAE, 0x1E, 0x87, 0xE0, 0x80, 0x76,
    0x31, 0x09, 0x42, 0x10, 0x52, 0x11, 0x85, 0x23, 0x18, 0x4E, 0x20, 0x84,
    0x41, 0x98, 0x82, 0x51, 0x89, 0x01, 0x40, 0x94, 0x13, 0x8B, 0x81, 0x58,
    0x84, 0x20, 0x88, 0xC3, 0x30, 0x98, 0x13, 0x08, 0xE4, 0x18, 0x8A, 0x14,
    0x09, 0x63, 0x99, 0x01, 0x18, 0x8C, 0x18, 0x84, 0x22, 0xE0, 0x8A, 0x2F,
    0x81, 0x21, 0x48, 0x8E, 0x15, 0x04, 0xC1, 0x58, 0x94, 0x50, 0x86, 0xE5,
    0xC9, 0x72, 0x4D, 0x10, 0x82, 0x40, 0x56, 0x42, 0x05, 0x03, 0x18, 0x84,
    0x20, 0x91, 0x02, 0x20, 0x86, 0x22, 0x8D, 0x22, 0x10, 0x4E, 0x22, 0x0D,
    0x82, 0x38, 0x88, 0x3B, 0x04, 0x83, 0x60, 0x9A, 0x31, 0x89, 0x42, 0x18,
    0x4C, 0x31, 0x88, 0xA2, 0x40, 0x4C, 0x32, 0x08, 0x82, 0x20, 0x92, 0x58,
    0x54, 0x1B, 0x0B, 0xC2, 0x81, 0x42, 0x1A, 0xA5, 0x01, 0x5A, 0xA6, 0xB9,
    0xAE, 0x6B, 0x9A, 0x82, 0x28, 0x2C, 0xA2, 0x28, 0x4E, 0x94, 0x84, 0x42,
    0x49, 0x92, 0x16, 0x08, 0x25, 0x50, 0x42, 0x15, 0x9A, 0x42, 0x0A, 0x50,
    0x25, 0xA4, 0xE2, 0x62, 0x90, 0x23, 0x04, 0x2C, 0x20, 0x84, 0x24, 0x84,
    0x87, 0x18, 0x5E, 0x70, 0xAA, 0x72, 0x08, 0xC2, 0x42, 0x82, 0x28, 0x2C,
    0x21, 0x83, 0x50, 0x13, 0xBA, 0x0D, 0x8B, 0x62, 0xC2, 0x05, 0xCB, 0xA2,
    0x2E, 0x74, 0x88, 0x62, 0x08, 0x88, 0x55, 0x85, 0xA5, 0x38, 0x9E, 0x6B,
    0x21, 0x02, 0x10, 0x50, 0x9A, 0x2A, 0x8B, 0x38, 0x46, 0x23, 0x2D, 0x81,
    0x28, 0xE1, 0x11, 0x2E, 0xB9, 0x2C, 0xA1, 0x63, 0x48, 0x15, 0xBD, 0x01,
    0x33, 0x62, 0xD0, 0x89, 0xCB, 0x9A, 0xA8, 0xBB, 0x21, 0x42, 0x51, 0xC4,
    0x12, 0x08, 0x81, 0x30, 0x82, 0x51, 0x89, 0x81, 0x08, 0xC4, 0x6B, 0x9E,
    0x8A, 0x40, 0x54, 0xB9, 0xAD, 0xA1, 0x2A, 0xD2, 0x15, 0x28, 0xE3, 0x41,
    0x24, 0x28, 0x9A, 0x20, 0xA0, 0x82, 0x72, 0xA8, 0x93, 0x85, 0x8A, 0x9A,
    0xC2, 0x18, 0xAE, 0x6A, 0x48, 0x92, 0x50, 0x96, 0x63, 0x21, 0x02, 0x13,
    0x05, 0x04, 0x12, 0xA8, 0xA5, 0x09, 0x65, 0x08, 0x54, 0x25, 0x18, 0xC1,
    0x79, 0xCE, 0x31, 0x0C, 0xAA, 0x40, 0x84, 0x32, 0x2C, 0x41, 0x7B, 0x90,
    0x14, 0x32, 0x41, 0x12, 0x60, 0x20, 0x8E, 0x2B, 0x1E, 0x4C, 0xA2, 0x6A,
    0xA9, 0xAD, 0x02, 0x18, 0x4A, 0xA3, 0x88, 0xA1, 0x2A, 0x82, 0x20, 0x85,
    0xE5, 0x11, 0x82, 0x14, 0x84, 0xA5, 0x0A, 0x06, 0x16, 0x0C, 0x68, 0x18,
    0x48, 0x16, 0x24, 0x82, 0x10, 0x4A, 0x22, 0x84, 0x25, 0x90, 0x4A, 0x52,
    0x05, 0x22, 0x39, 0xC8, 0x13, 0x05, 0x29, 0x50, 0xC6, 0x11, 0x2E, 0x0E,
    0x9B, 0x28, 0xA4, 0x88, 0x8F, 0x80, 0x41, 0x08, 0x46, 0x64, 0x05, 0x61,
    0x0A, 0x0E, 0x25, 0xA5, 0xE1, 0x2A, 0x56, 0x24, 0x29, 0x42, 0x3A, 0x92,
    0x15, 0x28, 0x21, 0x18, 0x44, 0x25, 0x30, 0x42, 0x71, 0x42, 0xA3, 0x08,
    0x87, 0x0A, 0x0A, 0x15, 0x84, 0x88, 0x20, 0xA0, 0x61, 0x04, 0x21, 0x48,
    0x52, 0x5C, 0x1A, 0xA9, 0x58, 0x4A, 0x20, 0xA9, 0x82, 0x2A, 0xC8, 0x17,
    0x2E, 0x8B, 0x71, 0x85, 0x18, 0x64, 0x91, 0x04, 0x41, 0x38, 0xC8, 0xA4,
    0x88, 0x81, 0x1B, 0x02, 0x13, 0x08, 0xEA, 0x60, 0x44, 0x20, 0x84, 0x2B,
    0x92, 0x88, 0x27, 0xA6, 0xAB, 0x50, 0x5A, 0x65, 0x05, 0x6A, 0x58, 0x8A,
    0x11, 0xA2, 0xC5, 0x20, 0x64, 0x76, 0x85, 0x08, 0x08, 0x8A, 0x21, 0x84,
    0xAB, 0x48, 0x4E, 0xD5, 0x88, 0xAC, 0x83, 0x82, 0x28, 0x04, 0x29, 0x08,
    0x96, 0x58, 0x48, 0x38, 0x84, 0xA2, 0x09, 0x42, 0x29, 0x31, 0x81, 0x33,
    0x16, 0x11, 0x04, 0x6D, 0x38, 0x44, 0x12, 0xB9, 0x61, 0x1C, 0x1D, 0x01,
    0x85, 0x6E, 0x20, 0x56, 0x70, 0x90, 0x81, 0x08, 0x58, 0x68, 0x88, 0xA5,
    0x10, 0x4E, 0x17, 0x1D, 0x61, 0x10, 0x4E, 0x82, 0x85, 0xE6, 0xB2, 0x46,
    0x16, 0x04, 0x4B, 0x18, 0x5A, 0xD8, 0x04, 0x4B, 0x78, 0x48, 0xB6, 0x06,
    0x11, 0x08, 0x61, 0x08, 0x9E, 0x10, 0x84, 0x21, 0xC0, 0x42, 0x24, 0x8B,
    0x81, 0x88, 0x4C, 0x12, 0x15, 0xA2, 0x51, 0x4A, 0x28, 0x9A, 0x42, 0x10,
    0x42, 0x51, 0x09, 0xE2, 0x2A, 0xE6, 0xC9, 0x31, 0xA2, 0x1B, 0x1A, 0x12,
    0xB4, 0x81, 0x30, 0x48, 0xC0, 0x85, 0xEC, 0x82, 0x68, 0xA2, 0x89, 0x8B,
    0x9A, 0xCE, 0x16, 0x29, 0x80, 0x86, 0x81, 0x40, 0x7E, 0x07, 0x09, 0x61,
    0x30, 0x8C, 0x2A, 0x08, 0xA4, 0x10, 0xAA, 0x60, 0x8C, 0x82, 0x18, 0x54,
    0x56, 0x89, 0x45, 0x68, 0x56, 0x5D, 0x11, 0x82, 0x59, 0x58, 0x23, 0x84,
    0x66, 0x98, 0x4A, 0x7B, 0x2D, 0xE2, 0x09, 0x84, 0x76, 0xA0, 0xA6, 0x52,
    0x8E, 0x10, 0x85, 0x2B, 0x38, 0x56, 0xB3, 0x89, 0x6A, 0x30, 0x49, 0x08,
    0x42, 0xA0, 0xC0, 0x2B, 0x13, 0xC2, 0xC1, 0x70, 0x3D, 0x08, 0x4A, 0x20,
    0xD4, 0xC2, 0x0D, 0x4D, 0x82, 0xE8, 0x86, 0x12, 0x42, 0x30, 0x88, 0x21,
    0x2D, 0x02, 0x43, 0x34, 0x29, 0x43, 0xC2, 0x74, 0x38, 0x26, 0x51, 0xC2,
    0xB3, 0x88, 0x70, 0x48, 0xC6, 0xE5, 0x8C, 0x4D, 0x59, 0x44, 0xC5, 0x9C,
    0x4B, 0x52, 0xDB, 0x11, 0x83, 0xA0, 0x88, 0x21, 0x0F, 0x42, 0x81, 0x88,
    0x56, 0x3B, 0x02, 0x94, 0x24, 0x22, 0x09, 0x42, 0x33, 0x3C, 0x29, 0x2A,
    0x84, 0xE1, 0xE8, 0xB9, 0x26, 0x89, 0x60, 0x8C, 0x96, 0x08, 0x8D, 0x20,
    0x8D, 0x0F, 0x09, 0x16, 0xE0, 0x8D, 0x73, 0x5D, 0x15, 0x54, 0xA8, 0x10,
    0xFC, 0x1B, 0x17, 0xC0, 0x60, 0x94, 0x75, 0x09, 0x0B, 0x92, 0xE4, 0x99,
    0x2D, 0x84, 0x13, 0x18, 0x32, 0x36, 0x0C, 0xB0, 0x88, 0x48, 0x31, 0x42,
    0x50, 0x88, 0x29, 0x36, 0x0C, 0xB1, 0x20, 0x41, 0x35, 0x90, 0x91, 0x0C,
    0x45, 0x4D, 0x15, 0x45, 0x4D, 0x89, 0x7C, 0x1F, 0x02, 0x8D, 0x30, 0x90,
    0xD8, 0x36, 0x0E, 0x41, 0x30, 0x62, 0x34, 0x98, 0xC9, 0xAD, 0x62, 0x3A,
    0x98, 0x23, 0x28, 0x44, 0x10, 0x84, 0x32, 0xCC, 0x62, 0x32, 0x82, 0xD3,
    0x18, 0x32, 0x32, 0x82, 0xA1, 0x04, 0xC4, 0x08, 0x44, 0x20, 0xB0, 0xE4,
    0x0B, 0x82, 0x24, 0x55, 0x52, 0x62, 0x1F, 0x05, 0xC3, 0xF0, 0xD8, 0x99,
    0x36, 0x0F, 0x74, 0x58, 0xF8, 0x30, 0xC2, 0x10, 0x96, 0x84, 0xD1, 0x16,
    0x75, 0x08, 0x24, 0x10, 0x84, 0x94, 0x08, 0x46, 0x1A, 0x4E, 0x40, 0xCD,
    0x0A, 0x0A, 0x94, 0x90, 0x84, 0x29, 0x4A, 0xC2, 0x83, 0x84, 0x54, 0x40,
    0x43, 0x34, 0x84, 0x2F, 0x83, 0xE0, 0xF8, 0x32, 0x2E, 0x0B, 0x63, 0xD8,
    0xDA, 0x17, 0x0B, 0xA1, 0x77, 0xC1, 0xF0, 0x38, 0x86, 0x10, 0xC2, 0x10,
    0x8B, 0x44, 0xD0, 0xC2, 0x2F, 0x83, 0xE0, 0xF8, 0x3E, 0x0F, 0x80, 0x6F,
    0x83, 0xE0, 0xF8, 0x3E, 0x0F, 0x83, 0xE0, 0xF8, 0x3E, 0x0F, 0x82, 0x81,
    0x2F, 0xC1, 0xF0, 0x5C, 0x7B, 0x62, 0x4E, 0x2F, 0x83, 0xE0, 0xF8, 0x3E,
    0x0D, 0x1A, 0x92, 0x11, 0xA8, 0x21, 0x5A, 0x82, 0x15, 0xA7, 0x40, 0x98,
    0x84, 0x09, 0x85, 0x50, 0xD6, 0x64, 0x15, 0x65, 0x49, 0x18, 0x45, 0x0D,
    0xA3, 0xD8, 0xF8, 0x22, 0x15, 0xDF, 0x07, 0xC1, 0x52, 0x69, 0xAC, 0xF8,
    0x3E, 0x0F, 0x80, 0x46, 0x20, 0x86, 0x62, 0x06, 0x76, 0x9C, 0x67, 0x71,
    0x84, 0x86, 0x9C, 0x48, 0x61, 0xC4, 0x86, 0x9C, 0x47, 0x69, 0xC4, 0x86,
    0x1C, 0x48, 0x62, 0x04, 0x85, 0x24, 0x49, 0x52, 0x06, 0x85, 0xA0, 0x68,
    0x52, 0x06, 0x92, 0x64, 0xBB, 0x1F, 0xC0, 0x30, 0xA0, 0x6E, 0x31, 0x4C,
    0xD8, 0x94, 0xA3, 0x2E, 0x6B, 0x9A, 0xD2, 0x12, 0x8C, 0x2C, 0x10, 0x4A,
    0x12, 0xCC, 0x82, 0x2C, 0xC8, 0x22, 0xC8, 0xA1, 0x2C, 0x8C, 0x12, 0xC8,
    0xA2, 0x2C, 0x4A, 0x32, 0xC0, 0xC2, 0x34, 0x0C, 0x23, 0x39, 0x02, 0x31,
    0x70, 0x6D, 0x8D, 0x22, 0x28, 0x99, 0x83, 0x6C, 0x7D, 0x0F, 0x8F, 0x65,
    0x15, 0x35, 0xCD, 0x92, 0x65, 0x15, 0x45, 0x50, 0x61, 0x3C, 0xC6, 0x14,
    0x44, 0x81, 0x44, 0x46, 0x24, 0x19, 0xC2, 0x40, 0xF6, 0x13, 0xA2, 0x52,
    0x5C, 0x97, 0x35, 0xCD, 0x92, 0x64, 0x92, 0xB2, 0x2A, 0x9A, 0x2A, 0x8A,
    0xA2, 0x2C, 0x8A, 0xAA, 0x8A, 0x0B, 0xC6, 0xB0, 0xF4, 0x26, 0x3C, 0x02,
    0x46, 0x45, 0xEF, 0x7B, 0xDE, 0xF7, 0xA4, 0x63, 0x7A, 0x84, 0x37, 0x30,
    0x24, 0x6C, 0x58, 0xE7, 0xC1, 0xF0, 0x7C, 0x1F, 0x04, 0x0A, 0x61, 0x41,
    0x04, 0x78, 0x92, 0x4C, 0x94, 0xC8, 0x59, 0x4A, 0xC3, 0x98, 0xAD, 0x31,
    0x8A, 0xC4, 0x14, 0xAC, 0x50, 0xCA, 0xC5, 0x0C, 0xAC, 0x58, 0x8A, 0xC6,
    0x04, 0xAD, 0x21, 0x06, 0x22, 0x30, 0xA5, 0x10, 0x88, 0xB3, 0x94, 0x22,
    0x22, 0xCE, 0x50, 0xBE, 0x0F, 0x81, 0xC6, 0xB9, 0xEE, 0x75, 0x05, 0x68,
    0x4D, 0x14, 0xA0, 0xA5, 0x66, 0x3A, 0x12, 0x54, 0xA1, 0x04, 0x52, 0x8C,
    0x45, 0x2C, 0xA4, 0x53, 0x08, 0x45, 0x24, 0x23, 0x19, 0x14, 0x62, 0x88,
    0x65, 0x41, 0x4E, 0x31, 0x91, 0x06, 0x38, 0x86, 0x43, 0x9C, 0xE2, 0x19,
    0x0E, 0x74, 0x04, 0x84, 0x31, 0xD2, 0xF8, 0x1C, 0x2D, 0x1A, 0xE7, 0xB9,
    0xEC, 0x76, 0x08, 0x8C, 0x64, 0x98, 0x72, 0xA5, 0x25, 0x42, 0x8E, 0x54,
    0xA8, 0xC5, 0x4A, 0xCA, 0x54, 0xB0, 0x85, 0x4A, 0x42, 0x31, 0x95, 0x05,
    0x38, 0xC6, 0x44, 0x15, 0x02, 0x19, 0x0E, 0x73, 0x90, 0x24, 0x39, 0xD0,
    0x31, 0x10, 0xA8, 0x48, 0x84, 0x42, 0xA1, 0x6F, 0x83, 0xE0, 0x58, 0xC2,
    0x1C, 0x1B, 0x06, 0xB9, 0xEE, 0x76, 0x04, 0x8C, 0x6C, 0xD6, 0x63, 0x9D,
    0x44, 0x4A, 0x8E, 0x44, 0xAC, 0xC4, 0x4B, 0x0A, 0x44, 0xA4, 0x23, 0x21,
    0x12, 0x53, 0x0C, 0x64, 0x49, 0x4C, 0x31, 0x91, 0x06, 0x38, 0xC4, 0x43,
    0x9D, 0x03, 0x09, 0x0E, 0x74, 0x88, 0x44, 0x31, 0xD4, 0x10, 0xBE, 0x0F,
    0x81, 0x47, 0xB2, 0x2C, 0x7B, 0x22, 0xC8, 0x83, 0x5B, 0x16, 0x94, 0xC8,
    0x58, 0x94, 0x94, 0x89, 0x6A, 0x38, 0x96, 0xB3, 0x09, 0x6C, 0x28, 0x96,
    0xD2, 0x09, 0x65, 0x18, 0x44, 0x31, 0x89, 0x46, 0x38, 0xC4, 0x24, 0x9D,
    0x02, 0x10, 0x92, 0x74, 0x19, 0x27, 0x48, 0xDF, 0x02, 0xC9, 0x94, 0x55,
    0x16, 0x45, 0x53, 0x54, 0xC4, 0x42, 0x43, 0x62, 0xD8, 0xB4, 0x49, 0x4D,
    0x55, 0x55, 0xCD, 0xB1, 0x6C, 0x5E, 0xF5, 0x84, 0x6F, 0x29, 0x04, 0x21,
    0xB4, 0xE8, 0x1B, 0x0E, 0x91, 0x98, 0x2C, 0xA6, 0x8A, 0xA2, 0x6A, 0xA9,
    0xAA, 0x8A, 0xA2, 0x9B, 0x07, 0x42, 0xAA, 0xBA, 0xA8, 0xB9, 0xB6, 0x2F,
    0x83, 0xDF, 0x07, 0x45, 0xAD, 0x09, 0x18, 0x62, 0x88, 0x44, 0x28, 0x79,
    0x4D, 0x15, 0x45, 0x51, 0x53, 0x5C, 0xD6, 0xD8, 0x3A, 0x0E, 0x7D, 0x95,
    0x56, 0x4D, 0x92, 0x74, 0x5E, 0xF8, 0x3E, 0x0E, 0x8B, 0x5A, 0x11, 0xB4,
    0xC4, 0x18, 0x86, 0x12, 0x87, 0x94, 0xD1, 0x54, 0x55, 0x15, 0x35, 0xCD,
    0x6D, 0x83, 0xA1, 0x35, 0x59, 0x55, 0x64, 0xD9, 0x27, 0x45, 0xEF, 0x83,
    0xDE, 0xF8, 0x3A, 0x2D, 0x31, 0x06, 0x12, 0x04, 0xB1, 0xE5, 0x34, 0x55,
    0x13, 0x55, 0x4D, 0x73, 0x53, 0x62, 0xD8, 0xCD, 0x55, 0x55, 0x59, 0x45,
    0xCD, 0x92, 0x74, 0x1F, 0x07, 0xBE, 0x0E, 0x8B, 0x5A, 0x12, 0x04, 0xE1,
    0xE0, 0xF7, 0x5C, 0x97, 0x25, 0xCD, 0x6A, 0x38, 0x96, 0xA9, 0xAE, 0x54,
    0x55, 0x91, 0x75, 0x51, 0x73, 0x64, 0xD9, 0x27, 0x41, 0xEF, 0x83, 0xA2,
    0xD6, 0x84, 0x61, 0x39, 0x16, 0x5C, 0x99, 0x15, 0xC9, 0xA9, 0x30, 0xD6,
    0x7B, 0x22, 0xC8, 0x19, 0xD7, 0x64, 0x5D, 0x35, 0x5C, 0xD9, 0x26, 0xC5,
    0xD0, 0x83, 0xA0, 0xE8, 0x3A, 0x0E, 0x40, 0x4A, 0x10, 0xA2, 0xC8, 0xB2,
    0x2D, 0x10, 0xC6, 0x90, 0xB0, 0x5B, 0x1E, 0x88, 0x74, 0x2C, 0x83, 0x6A,
    0x88, 0x28, 0x24, 0x62, 0x83, 0xA0, 0xE8, 0x3A, 0x0D, 0x8B, 0x62, 0xD8,
    0xB6, 0x2D, 0x8B, 0x62, 0xD8, 0x24, 0x95, 0x9E, 0x6E, 0x7B, 0xDE, 0xF7,
    0xBD, 0xD2, 0x64, 0x99, 0x26, 0x49, 0x73, 0x5C, 0xD7, 0x35, 0xCD, 0x74,
    0x4D, 0x53, 0x54, 0xD1, 0x54, 0x54, 0xD7, 0x24, 0xD1, 0x35, 0x55, 0x36,
    0x45, 0x8F, 0x64, 0x59, 0x18, 0x2E, 0x4B, 0x92, 0xE4, 0xB9, 0x2E, 0x4B,
    0x92, 0xE4, 0xB9, 0x2E, 0x0D, 0x73, 0xD9, 0x16, 0x45, 0x49, 0x3D, 0xCF,
    0x73, 0xDC, 0xF7, 0x3D, 0xCF, 0x73, 0xDC, 0xF7, 0x3E, 0x0D, 0x83, 0x60,
    0xD9, 0x2E, 0x4D, 0x92, 0xE4, 0xBA, 0x26, 0x8B, 0xA2, 0x6C, 0x94, 0x10,
    0xF7, 0x3E, 0x0D, 0x83, 0x60, 0xD9, 0x2E, 0x4D, 0x92, 0xE4, 0xBA, 0x26,
    0x8B, 0xA2, 0x6C, 0x7C, 0x1F, 0xC1, 0xF0, 0x7C, 0x1F, 0x07, 0xC1, 0xF0,
    0x28, 0x82, 0xE8, 0xB9, 0x2E, 0x89, 0xB2, 0x6C, 0x7C, 0x1F, 0x05, 0xC1,
    0x7C, 0x1F, 0x07, 0xC1, 0xF0, 0x7C, 0x1F, 0x07, 0xC1, 0xF0, 0x7C, 0x1F,
    0x07, 0xC0, 0x33, 0x07, 0xD1, 0x7C, 0x1F, 0x07, 0xC1, 0xF0, 0x7C, 0x1F,
    0x07, 0xC1, 0xF0, 0x7C, 0x1F, 0x07, 0xC1, 0xF0, 0x7C, 0x1F, 0x07, 0xC1,
    0xF0, 0x7C, 0x1B, 0x7C, 0x1F, 0x07, 0xC1, 0xF0, 0x7C, 0x1F, 0x07, 0xC1,
    0xF0, 0x7C, 0x1F, 0x07, 0xC0, 0x31, 0x70, 0x5F, 0x07, 0xC1, 0xF0, 0x7C,
    0x1F, 0x07, 0xC1, 0xF0, 0x1D, 0xF0, 0x7C, 0x1F, 0x07, 0xC1, 0xF0, 0x24,
    0x5C, 0x17, 0xC1, 0xF0, 0x7C, 0x1F, 0x07, 0xC1, 0xF0, 0x7C, 0x1F, 0x07,
    0xC1, 0xF0, 0x7C, 0x1F, 0x07, 0xC0, 0x17, 0xC1, 0xF0, 0x30, 0x5B, 0x26,
    0xC5, 0xF0, 0x7C, 0x1F, 0x07, 0xC1, 0xF0, 0x7C, 0x1F, 0x07, 0xC1, 0xF0,
    0x7C, 0x1F, 0x07, 0xC1, 0xF0, 0x7C, 0x1E, 0x7C, 0x1F, 0x07, 0xC1, 0xF0,
    0x7C, 0x1F, 0x07, 0xC1, 0xF0, 0x7C, 0x04, 0x26, 0x89, 0xA2, 0x7C, 0x1F,
    0x07, 0xC1, 0xF0, 0x7C, 0x1F, 0x07, 0xC1, 0xF0, 0x15, 0xF0, 0x7C, 0x1F,
    0x07, 0xC1, 0xF0, 0x7C, 0x1F, 0x07, 0xC0, 0x31, 0x04, 0x41, 0x15, 0x55,
    0x45, 0x55, 0x14, 0x64, 0x5D, 0x07, 0x41, 0xB3, 0x57, 0xC1, 0xF0, 0x7C,
    0x07, 0x7C, 0x1F, 0x07, 0xC1, 0xF0, 0x7C, 0x1F, 0x07, 0xC0, 0x10, 0x84,
    0x81, 0x10, 0x48, 0xE1, 0x84, 0x41, 0x09, 0x02, 0x12, 0x2C, 0x6E, 0x1A,
    0x86, 0x10, 0xA8, 0xAB, 0x68, 0x48, 0xE6, 0xC5, 0xD0, 0x74, 0x08, 0x52,
    0xC0, 0xC2, 0x34, 0x59, 0x34, 0xFC, 0x0A, 0x7C, 0x1F, 0x07, 0xC1, 0xF0,
    0x7C, 0x1F, 0x07, 0xC1, 0xF0, 0x7C, 0x1E, 0x08, 0x84, 0x21, 0x04, 0x4E,
    0x10, 0x82, 0x21, 0x08, 0x22, 0x10, 0x44, 0x92, 0x40, 0x21, 0x11, 0x85,
    0x41, 0x90, 0x56, 0x18, 0xC6, 0x82, 0x24, 0x44, 0x19, 0x90, 0x71, 0x10,
    0x41, 0x18, 0xD0, 0x31, 0x84, 0x44, 0x10, 0x46, 0x34, 0x0C, 0x61, 0x11,
    0xC4, 0x31, 0x90, 0x44, 0x09, 0x9F, 0x07, 0xC1, 0xF0, 0x7C, 0x1F, 0x07,
    0xC1, 0xF0, 0x7C, 0x1F, 0x07, 0xC1, 0xF0, 0x7C, 0x01, 0x1E, 0x8B, 0x92,
    0xDD, 0x51, 0x83, 0x0A, 0x32, 0x0C, 0x8B, 0x19, 0x48, 0x42, 0x28, 0x65,
    0x21, 0x46, 0x57, 0xC1, 0xF0, 0x7C, 0x1F, 0x07, 0xC1, 0xF0, 0x7C, 0x1F,
    0x07, 0xC1, 0xF0, 0x10, 0x5B, 0x26, 0x4B, 0x92, 0xE8, 0x9A, 0x26, 0x89,
    0x84, 0x4D, 0xB1, 0x72, 0x1F, 0x07, 0xC1, 0xF0, 0x7C, 0x1F, 0x07, 0xC1,
    0xF0, 0x7C, 0x1F, 0x07, 0xC0, 0x32, 0x64, 0xD9, 0x26, 0x89, 0xA2, 0x64,
    0xD8, 0x36, 0x0D, 0x83, 0x60, 0xCC, 0x7C, 0x1F, 0x07, 0xC1, 0xF0, 0x7C,
    0x1F, 0x07, 0xC1, 0xF0, 0x18, 0x5A, 0x36, 0x49, 0xA2, 0x68, 0x9A, 0x2E,
    0x0D, 0x83, 0x60, 0xD8, 0x36, 0x0D, 0x74, 0x2D, 0xF0, 0x7C, 0x1F, 0x07,
    0xC1, 0xF0, 0x7C, 0x1F, 0x01, 0xC7, 0x93, 0x64, 0x9A, 0x26, 0x89, 0xA2,
    0xE0, 0xD8, 0x36, 0x0D, 0x83, 0x60, 0xD7, 0x45, 0x90, 0xB7, 0xC1, 0xF0,
    0x7C, 0x1F, 0x07, 0xC1, 0xF0, 0x7C, 0x05, 0x36, 0x0D, 0x92, 0x68, 0x9A,
    0x26, 0x4D, 0x83, 0x60, 0xD8, 0x36, 0x0D, 0x74, 0x59, 0x16, 0x42, 0xDF,
    0x07, 0xC1, 0xF0, 0x7C, 0x1F, 0x07, 0xC0, 0x63, 0x60, 0xD8, 0x2E, 0x89,
    0xA2, 0x68, 0x99, 0x36, 0x0D, 0x83, 0x5C, 0xF8, 0x35, 0xD1, 0x64, 0x59,
    0x0B, 0x7C, 0x1F, 0x07, 0xC1, 0xF0, 0x7C, 0x1F, 0x01, 0x8D, 0x83, 0x60,
    0xBA, 0x26, 0x4B, 0x92, 0xE4, 0xD7, 0x3D, 0xD1, 0x64, 0x59, 0x16, 0x45,
    0x91, 0x64, 0x2D, 0xF0, 0x7C, 0x1F, 0x07, 0xC1, 0xF0, 0x18, 0xF7, 0x3E,
    0x0B, 0x92, 0xE4, 0xB8, 0x36, 0x4B, 0x93, 0x5D, 0x15, 0x54, 0xD7, 0x35,
    0x58, 0xF7, 0x45, 0x52, 0xB7, 0xC1, 0xF0, 0x7C, 0x1F, 0x02, 0xC5, 0x73,
    0xDC, 0xF7, 0x3E, 0x0B, 0x93, 0x5C, 0xF7, 0x45, 0x91, 0x55, 0xC9, 0x91,
    0x74, 0x19, 0x25, 0xDD, 0x15, 0x4A, 0xDF, 0x07, 0xC1, 0xF0, 0x7C, 0x05,
    0x10, 0x49, 0x73, 0xDC, 0xF7, 0x3E, 0x0D, 0x83, 0x60, 0xF6, 0x4D, 0x15,
    0x45, 0xCD, 0x91, 0x6C, 0x1C, 0xF2, 0x84, 0xF1, 0x20, 0x8F, 0x11, 0x89,
    0x2B, 0x7C, 0x1F, 0x07, 0xC1, 0xF0, 0x11, 0x16, 0x4D, 0x53, 0x64, 0x58,
    0xF7, 0x3E, 0x11, 0x64, 0x59, 0x15, 0x4D, 0x55, 0x36, 0x45, 0xB0, 0x73,
    0xDC, 0xF7, 0xAC, 0xE1, 0x7C, 0x1F, 0x07, 0xC1, 0x44, 0xD5, 0x35, 0x4D,
    0x91, 0x64, 0x59, 0x16, 0x4D, 0x93, 0x54, 0xD5, 0x53, 0x5C, 0xD7, 0x26,
    0x49, 0x91, 0x6C, 0x5A, 0x93, 0x49, 0xA0, 0xFC, 0x1C, 0x08, 0x53, 0x36,
    0x49, 0x92, 0x64, 0x84, 0x14, 0xC8, 0x22, 0x44, 0xD9, 0x26, 0xC5, 0xD0,
    0x7B, 0xDE, 0xF8, 0x3A, 0x0E, 0x83, 0xA0, 0xE8, 0x3A, 0x01, 0x2D, 0x16,
    0x18, 0x87, 0x61, 0x10, 0x56, 0x18, 0x87, 0x64, 0x59, 0x16, 0x42, 0x82,
    0xB2, 0x04, 0x6A, 0x0A, 0xC6, 0x21, 0xD9, 0x0A, 0x0A, 0xD0, 0xA0, 0xAD,
    0x08, 0x1A, 0xD0, 0x72, 0x2D, 0x06, 0x2A, 0xD0, 0x53, 0x2D, 0x05, 0x32,
    0xD0, 0x43, 0xAD, 0x04, 0x3A, 0xD0, 0x42, 0x84, 0x2B, 0x40, 0xCA, 0x20,
    0x8E, 0x62, 0x19, 0xC6, 0x21, 0x9C, 0x71, 0x99, 0xC7, 0x11, 0xDD, 0x07,
    0x41, 0xC8, 0x09, 0xDC, 0x80, 0x9D, 0xC7, 0x11, 0xDD, 0x07, 0x41, 0xD0,
    0x74, 0x1D, 0x07, 0x41, 0xD0, 0x74, 0x1D, 0x07, 0x41, 0xD0, 0x38, 0x6B,
    0x22, 0x4C, 0xB1, 0xA8, 0xCC, 0x0A, 0xCC, 0xC0, 0xAC, 0xCC, 0x08, 0x44,
    0x83, 0x30, 0x69, 0x33, 0x06, 0x93, 0x30, 0x4A, 0x33, 0x04, 0xA3, 0x2C,
    0x6A, 0x33, 0x04, 0xA3, 0x60, 0xD8, 0x36, 0x0D, 0x83, 0x60, 0xD8, 0x36,
    0x0D, 0x83, 0x60, 0x77, 0x0F, 0x63, 0xD8, 0x4A, 0x1B, 0x84, 0x44, 0xB9,
    0xB0, 0x5C, 0x97, 0x62, 0xE0, 0xEC, 0x11, 0x8F, 0x44, 0xC8, 0x42, 0x4E,
    0x87, 0xE0, 0xF8, 0x3E, 0x0F, 0x83, 0xE0, 0xF8, 0x3E, 0x02, 0x5A, 0x30,
    0x92, 0xE7, 0xB9, 0xB0, 0x6C, 0x1B, 0x06, 0xC0, 0x44, 0x4A, 0x88, 0x64,
    0xA8, 0x46, 0x5A, 0x04, 0xA5, 0x90, 0x4C, 0x78, 0x04, 0xA8, 0x80, 0x54,
    0x18, 0x8B, 0xE0, 0xF8, 0x3E, 0x0F, 0x83, 0xE0, 0xF8, 0x1B, 0x6A, 0x10,
    0x16, 0x9D, 0x21, 0x69, 0xD2, 0x16, 0x99, 0x41, 0x6A, 0x10, 0x16, 0xA1,
    0x01, 0x68, 0x44, 0x44, 0x85, 0x81, 0x19, 0x12, 0x16, 0x04, 0x46, 0x40,
    0x56, 0x11, 0xA4, 0xA1, 0x50, 0x46, 0x93, 0x05, 0x41, 0x18, 0xC6, 0x14,
    0x05, 0x41, 0x18, 0x5C, 0x1E, 0x87, 0xA1, 0xE8, 0x7A, 0x1E, 0x87, 0xA1,
    0xE8, 0x67, 0x2B, 0x4A, 0x73, 0x30, 0xA8, 0x23, 0x4A, 0x82, 0x34, 0xA8,
    0x2B, 0x0A, 0x83, 0x2C, 0xA8, 0x2B, 0x0A, 0x73, 0x30, 0xA7, 0x42, 0x8A,
    0x83, 0x2C, 0xA6, 0x0C, 0x8B, 0x92, 0xE4, 0xB9, 0x2E, 0x4B, 0x92, 0xE4,
    0xB9, 0x2E, 0x4B, 0x92, 0xC8, 0x36, 0xA8, 0x82, 0x72, 0x88, 0x17, 0xA8,
    0x81, 0x10, 0x58, 0xA2, 0x04, 0x22, 0x62, 0x8A, 0x26, 0xA8, 0xA2, 0x6A,
    0x88, 0x36, 0xA8, 0x82, 0x72, 0x8A, 0x17, 0x2A, 0x8A, 0xA2, 0xA8, 0x60,
    0x8E, 0x86, 0xC1, 0xB0, 0x6C, 0x1B, 0x05, 0xC9, 0x72, 0x52, 0xC6, 0x35,
    0xB4, 0x62, 0x63, 0x46, 0x26, 0x34, 0x61, 0x6B, 0x46, 0x16, 0xB4, 0x82,
    0x5B, 0x48, 0x16, 0x34, 0x61, 0x6B, 0x46, 0x16, 0xB6, 0x2D, 0x8B, 0x62,
    0xA1, 0x06, 0x29, 0x18, 0x62, 0x82, 0x06, 0x27, 0xB9, 0xB0, 0x6C, 0x1C,
    0xA1, 0x89, 0xCA, 0x18, 0xA0, 0xB1, 0x85, 0x6F, 0x18, 0x94, 0xF1, 0x85,
    0x6F, 0x18, 0x56, 0xF1, 0x85, 0x6F, 0x18, 0x94, 0xF7, 0xBC, 0x61, 0x5B,
    0xDE, 0xF7, 0xBD, 0xEF, 0x7A, 0xC4, 0x27, 0xA8, 0x81, 0x7A, 0x48, 0x27,
    0xA2, 0xC8, 0xB2, 0x6A, 0x92, 0x85, 0xEA, 0x20, 0x5E, 0xA2, 0x06, 0x30,
    0xAD, 0xE3, 0x12, 0x9E, 0x30, 0xAD, 0xE3, 0x0A, 0xDE, 0x31, 0x29, 0xE3,
    0x12, 0x9E, 0x30, 0xAD, 0xE3, 0x0A, 0xDE, 0xF7, 0xBD, 0xEF, 0x7B, 0xD6,
    0x21, 0x3D, 0x43, 0x13, 0xD2, 0x41, 0x3D, 0x06, 0x0B, 0xD0, 0x60, 0xBD,
    0x25, 0x0B, 0xD2, 0x41, 0x3D, 0x44, 0x0B, 0xD4, 0x40, 0xC6, 0x15, 0xBC,
    0x62, 0x53, 0xC6, 0x15, 0xBC, 0x61, 0x5B, 0xC6, 0x15, 0xBC, 0x62, 0x53,
    0xC6, 0x15, 0xBC, 0x61, 0x5B, 0xDE, 0xF7, 0xBD, 0xEF, 0x7A, 0x86, 0x27,
    0xA8, 0x62, 0x7A, 0x48, 0x27, 0xA0, 0xC1, 0x7A, 0x0C, 0x17, 0xA4, 0xA1,
    0x7A, 0x86, 0x27, 0xA8, 0x81, 0x7A, 0x88, 0x18, 0x84, 0xB7, 0x88, 0x89,
    0x78, 0x86, 0xA7, 0x8C, 0x2B, 0x78, 0xC2, 0xB7, 0x8C, 0x2B, 0x78, 0xC2,
    0xB7, 0x8C, 0x4A, 0x7B, 0xDE, 0xF7, 0xBD, 0xEF, 0x50, 0xC4, 0xF5, 0x0C,
    0x4F, 0x49, 0x42, 0xF4, 0x18, 0x2F, 0x41, 0x82, 0xF4, 0x94, 0x2F, 0x58,
    0x84, 0xF5, 0x10, 0x2F, 0x51, 0x03, 0x10, 0xD4, 0xF1, 0x0D, 0x4F, 0x10,
    0x96, 0xF1, 0x09, 0x6F, 0x10, 0x96, 0xF1, 0x85, 0x6F, 0x7B, 0xC4, 0x35,
    0x3C, 0x61, 0x5B, 0xDE, 0xF7, 0xBD, 0xEA, 0x20, 0x5E, 0xA1, 0x89, 0xE9,
    0x28, 0x5E, 0x83, 0x05, 0xE8, 0x30, 0x5E, 0x92, 0x85, 0xEB, 0x18, 0x5E,
    0xB1, 0x85, 0xEB, 0x18, 0x44, 0x5B, 0xC2, 0x26, 0x49, 0x8F, 0x08, 0x98,
    0xF0, 0x89, 0x8F, 0x08, 0x98, 0xF7, 0xCD, 0x6F, 0x10, 0x58, 0xF7, 0xBD,
    0xEF, 0x7A, 0xE6, 0xB1, 0x85, 0xE9, 0x28, 0x5E, 0x92, 0x85, 0xE8, 0xB2,
    0x6A, 0xB9, 0xAE, 0x6B, 0x25, 0xEF, 0x7B, 0xDE, 0xF7, 0xBD, 0xEF, 0x18,
    0x56, 0xF7, 0xC5, 0xB2, 0x64, 0x98, 0xF7, 0xBD, 0xED, 0x8B, 0x24, 0x91,
    0x0A, 0x28, 0xB1, 0xEE, 0x7B, 0xA2, 0xCC, 0x93, 0x45, 0x9B, 0x23, 0x07,
    0x49, 0x8C, 0x08, 0x82, 0x26, 0x32, 0x2D, 0x8B, 0x62, 0xD8, 0x3A, 0x0E,
    0x7B, 0xDE, 0xF7, 0xBD, 0xC9, 0x10, 0xE0, 0x9A, 0x2E, 0x6C, 0x92, 0x6A,
    0x8B, 0x25, 0x09, 0x26, 0xE7, 0x80, 0xCA, 0x67, 0x1C, 0x84, 0x20, 0x50,
    0xB1, 0x10, 0x83, 0x23, 0x44, 0x42, 0x50, 0x43, 0x2C, 0xC6, 0x23, 0x50,
    0x22, 0x3D, 0x14, 0xF7, 0xBA, 0x0D, 0x8B, 0x52, 0xE0, 0x95, 0x0F, 0x11,
    0x8B, 0x11, 0x70, 0x7A, 0x26, 0x8B, 0x59, 0xD8, 0xA0, 0xA1, 0x89, 0x0A,
    0x1C, 0x70, 0xA1, 0xE6, 0x0A, 0x5E, 0x50, 0xA9, 0xC5, 0x0B, 0x46, 0x42,
    0x14, 0x2E, 0x09, 0x48, 0x50, 0xBC, 0x24, 0x21, 0x05, 0x00, 0x88, 0xA4,
    0x11, 0x02, 0xB3, 0x90, 0x63, 0x12, 0xCE, 0x41, 0x8C, 0x4C, 0x21, 0x0A,
    0x21, 0x94, 0x27, 0x18, 0xCC, 0x21, 0xBD, 0x42, 0x1C, 0x50, 0x21, 0xC8,
    0xE2, 0x1C, 0xCC, 0x21, 0xD4, 0x83, 0x1D, 0x85, 0x4B, 0x22, 0xFA, 0xAA,
    0xAA, 0xAA, 0xA8, 0xAA, 0x29, 0xA1, 0x32, 0xD8, 0x13, 0x2C, 0x81, 0x72,
    0xC8, 0x17, 0x2C, 0x62, 0x68, 0xC8, 0x51, 0x89, 0xA3, 0x21, 0x06, 0x36,
    0x8C, 0x84, 0x11, 0x1A, 0xA1, 0x95, 0xA9, 0x11, 0x9B, 0x27, 0x14, 0x2B,
    0x9B, 0x22, 0x71, 0x62, 0x13, 0x92, 0x61, 0x30, 0xE8, 0x22, 0x89, 0x83,
    0x30, 0xC8, 0x26, 0x84, 0xE4, 0x18, 0x6C, 0x41, 0x86, 0xA6, 0x10, 0x6A,
    0x61, 0x06, 0x87, 0xB2, 0x20, 0xE1, 0x05, 0x51, 0x10, 0x53, 0x21, 0x05,
    0x13, 0x10, 0x4E, 0x51, 0xAC, 0x62, 0x31, 0x0A, 0xA1, 0x88, 0xC4, 0x2A,
    0x48, 0x32, 0x94, 0x69, 0x29, 0x0A, 0xF3, 0x14, 0x8E, 0x38, 0x96, 0x39,
    0x43, 0x22, 0x8C, 0xF0, 0x20, 0x55, 0x07, 0xBC, 0x21, 0x74, 0x0A, 0x42,
    0xC0, 0xA5, 0x24, 0x0A, 0x52, 0x40, 0xC3, 0x2C, 0x1B, 0x16, 0x9C, 0x48,
    0x69, 0x86, 0x86, 0x9C, 0x2A, 0x64, 0x9B, 0x26, 0x4D, 0x93, 0x6C, 0xA4,
    0x69, 0x68, 0x21, 0x92, 0xC2, 0x10, 0xF6, 0x2E, 0x0A, 0x43, 0x30, 0xA4,
    0x43, 0x0A, 0x44, 0x30, 0x48, 0x93, 0x10, 0xA2, 0x1A, 0xDC, 0x21, 0x35,
    0x83, 0x0B, 0xD4, 0x40, 0xC4, 0xE5, 0x09, 0xC2, 0xB1, 0x3C, 0x7C, 0x17,
    0xC1, 0xF0, 0x44, 0x3D, 0x0F, 0x05, 0xB1, 0x85, 0x61, 0x10, 0x38, 0x14,
    0x84, 0x81, 0xC4, 0x67, 0x24, 0x42, 0x82, 0x64, 0xD8, 0x35, 0xCF, 0x64,
    0x55, 0x2C, 0x92, 0xA8, 0x8B, 0x1E, 0xE7, 0xB9, 0x8A, 0x56, 0x9C, 0xA5,
    0x69, 0xCA, 0x56, 0x08, 0x25, 0x30, 0xD8, 0x31, 0x16, 0x64, 0x8D, 0xEB,
    0x08, 0xA0, 0xD4, 0x10, 0xAD, 0x39, 0x4C, 0xB4, 0x14, 0xAC, 0x49, 0x0A,
    0xC9, 0x32, 0x2D, 0x83, 0x9E, 0xF6, 0xC5, 0x92, 0x64, 0x97, 0x35, 0xCD,
    0x67, 0x1A, 0x94, 0x71, 0xA9, 0x55, 0x4D, 0x91, 0x3B, 0x20, 0xF8, 0x3D,
    0xF0, 0x7B, 0xDF, 0x07, 0x18, 0x67, 0x71, 0x86, 0x77, 0x18, 0x48, 0x74,
    0x1C, 0xF3, 0x0C, 0xCF, 0x29, 0x4A, 0xF2, 0x94, 0xAF, 0x29, 0x4A, 0xF3,
    0x0C, 0xD0, 0x74, 0x1D, 0x16, 0x51, 0x37, 0x29, 0x3F, 0x07, 0xC1, 0xF0,
    0x7C, 0x1F, 0x1E, 0x12, 0xA1, 0x9D, 0x69, 0x21, 0x5A, 0x91, 0x19, 0xD0,
    0x30, 0x8E, 0xF2, 0x90, 0xCF, 0x21, 0x8C, 0xE2, 0x18, 0xED, 0x29, 0x14,
    0x9F, 0x83, 0xE0, 0xF8, 0x3A, 0x1E, 0x06, 0x16, 0x14, 0xE5, 0x69, 0x4E,
    0x56, 0x94, 0xE5, 0x69, 0x4E, 0x5C, 0x97, 0x06, 0xB9, 0xEC, 0x8A, 0xA6,
    0x4C, 0x4D, 0x4F, 0x73, 0x60, 0xB9, 0x2E, 0x49, 0xA2, 0x24, 0x4F, 0x22,
    0x08, 0xE2, 0x20, 0x8E, 0x26, 0x9F, 0x07, 0x93, 0x46, 0x49, 0xA9, 0x19,
    0x5C, 0x72, 0x91, 0xE6, 0x29, 0x1E, 0x62, 0x91, 0xE6, 0x29, 0x1E, 0xF7,
    0xBC, 0xC1, 0x4B, 0x8A, 0x34, 0x38, 0xA4, 0x43, 0x4C, 0x24, 0xB6, 0x4C,
    0xA2, 0x70, 0x3F, 0x83, 0xE0, 0x15, 0xEF, 0x83, 0xA0, 0xE8, 0x3A, 0x0E,
    0x83, 0xA0, 0xE8, 0x1C, 0x64, 0x28, 0x92, 0x62, 0x8C, 0x84, 0x41, 0x8A,
    0x32, 0x10, 0xE7, 0x28, 0xCA, 0x14, 0x9C, 0xA3, 0x7B, 0xDE, 0xF7, 0xBD,
    0xEF, 0x7B, 0xDE, 0xF7, 0xBE, 0x0E, 0xAE, 0x6B, 0x9A, 0xE6, 0xB9, 0xAE,
    0x6B, 0x9A, 0xE6, 0xB4, 0x09, 0x69, 0x31, 0x94, 0x81, 0xB4, 0xC8, 0x1B,
    0x4A, 0x93, 0x18, 0x41, 0x22, 0xE6, 0xB9, 0xAE, 0x6B, 0x9A, 0xE6, 0xB9,
    0xAE, 0x6B, 0x9D, 0x16, 0x45, 0x91, 0x64, 0x59, 0x16, 0x42, 0x46, 0xA4,
    0x18, 0xE9, 0x41, 0x8E, 0x94, 0x1D, 0x07, 0x42, 0x4A, 0x84, 0x24, 0xE6,
    0x40, 0x4C, 0x16, 0x09, 0x01, 0xA0, 0x50, 0x51, 0x09, 0x81, 0x42, 0xC6,
    0x31, 0x89, 0x16, 0x45, 0x91, 0x64, 0x59, 0x16, 0x9B, 0x06, 0xC1, 0xB0,
    0x6C, 0x1B, 0x06, 0xC1, 0xB0, 0x64, 0x19, 0x46, 0x41, 0x94, 0x65, 0x11,
    0x46, 0x51, 0x14, 0x62, 0x3C, 0xA6, 0x2B, 0xC8, 0x63, 0x88, 0x2A, 0x21,
    0x98, 0x21, 0x88, 0xA6, 0xC1, 0xB0, 0x6C, 0x1B, 0x06, 0xC4, 0xF7, 0x3D,
    0xCF, 0x73, 0xDC, 0xF7, 0x3D, 0xCF, 0x73, 0xA8, 0x4B, 0x3A, 0x8A, 0x83,
    0xAC, 0x88, 0x3A, 0xCA, 0x73, 0x94, 0x44, 0x29, 0xCE, 0x57, 0x10, 0xE7,
    0x70, 0x8E, 0xB5, 0x08, 0xED, 0x10, 0x88, 0x23, 0xDC, 0xF7, 0x3D, 0xCF,
    0x7A, 0x6A, 0x9A, 0xA6, 0xA9, 0xAA, 0x6A, 0x95, 0x89, 0x09, 0x59, 0x0C,
    0x95, 0x90, 0xC9, 0x59, 0x0E, 0x82, 0x10, 0x64, 0x3A, 0x0A, 0xA3, 0x24,
    0xEA, 0x22, 0x4E, 0x11, 0x28, 0x29, 0x64, 0x9A, 0x11, 0x3A, 0x4C, 0xAA,
    0x6A, 0x9A, 0xA6, 0xBA, 0x26, 0xAA, 0xA2, 0xA8, 0xAA, 0x2A, 0x8A, 0xA2,
    0xA8, 0xA3, 0x91, 0x2A, 0x39, 0x50, 0xA3, 0x95, 0x0A, 0x48, 0x92, 0xAA,
    0x2A, 0x8A, 0xA2, 0xA8, 0xAA, 0x2A, 0x8A, 0xA2, 0xA8, 0xAF, 0xC1, 0xF0,
    0x7C, 0x1F, 0x07, 0xC1, 0xF0, 0x20, 0x5B, 0x2E, 0x4B, 0x92, 0xE8, 0x7F,
    0x00, 0x43, 0x02, 0x84, 0x43, 0x12, 0xE2, 0xD7, 0xBD, 0x92, 0x6C, 0x5B,
    0x16, 0xC5, 0xB1, 0x85, 0x16, 0x45, 0x55, 0x45, 0x51, 0x16, 0x45, 0x91,
    0x63, 0xE0, 0xD9, 0x36, 0x0D, 0x83, 0xAC, 0x2B, 0x42, 0x46, 0xA7, 0x88,
    0x4B, 0x83, 0xA0, 0xE8, 0x3A, 0x0E, 0x83, 0x62, 0xCF, 0xC1, 0xF0, 0x7C,
    0x09, 0x0E, 0x89, 0xA2, 0xE4, 0xD7, 0x2E, 0x4B, 0xA1, 0x04, 0x3B, 0x1E,
    0xC6, 0x80, 0xC8, 0x87, 0x0C, 0x95, 0x42, 0x04, 0xD3, 0x20, 0x4D, 0x32,
    0x08, 0xB2, 0x28, 0x8B, 0x22, 0x0C, 0x93, 0x21, 0x02, 0xCF, 0xC1, 0xF0,
    0x7C, 0x1F, 0x02, 0x02, 0x10, 0xE8, 0x99, 0x36, 0x0B, 0x92, 0x6C, 0x5C,
    0x1F, 0x04, 0x50, 0xD8, 0x64, 0x0D, 0x86, 0x30, 0xD9, 0x16, 0x4D, 0x53,
    0x51, 0x88, 0x95, 0x18, 0x89, 0x52, 0x08, 0x4B, 0xAC, 0x3C, 0x28, 0x47,
    0x54, 0xD5, 0x16, 0x45, 0x91, 0x63, 0xDC, 0xD8, 0x36, 0x49, 0xA2, 0xE4,
    0xC2, 0x0D, 0x4C, 0x21, 0x51, 0x55, 0x3D, 0xCF, 0x73, 0xDD, 0x15, 0x4D,
    0x52, 0xA7, 0xC1, 0xF0, 0x7C, 0x1F, 0x07, 0xC1, 0xF0, 0x7C, 0x1F, 0x07,
    0xC1, 0xF0, 0x7C, 0x1F, 0x07, 0xC1, 0xF0, 0x7C, 0x1F, 0x07, 0xC1, 0xF0,
    0x7C, 0x0B, 0x7C, 0x1F, 0x07, 0xC1, 0xF0, 0x7C, 0x1F, 0x07, 0xC1, 0xF0,
    0x7C, 0x1F, 0x07, 0xC1, 0xF0, 0x7C, 0x1F, 0x07, 0xC1, 0xF0, 0x7C, 0x1F,
    0x07, 0xC0, 0xB7, 0xC1, 0xF0, 0x7C, 0x1F, 0x07, 0xC1, 0xF0, 0x7C, 0x1F,
    0x07, 0xC1, 0xF0, 0x7C, 0x1F, 0x07, 0xC1, 0xF0, 0x7C, 0x1F, 0x07, 0xC1,
    0xF0, 0x7C, 0x0B, 0x7C, 0x1F, 0x07, 0xC1, 0xF0, 0x7C, 0x1F, 0x07, 0xC1,
    0xF0, 0x7C, 0x1F, 0x07, 0xC1, 0xF0, 0x7C, 0x1F, 0x07, 0xC1, 0xF0, 0x7C,
    0x1F, 0x07, 0xC0, 0xB7, 0xC1, 0xF0, 0x7C, 0x1F, 0x07, 0xC1, 0xF0, 0x7C,
    0x1F, 0x07, 0xC1, 0xF0, 0x7C, 0x1F, 0x07, 0xC1, 0xF0, 0x7C, 0x1F, 0x07,
    0xC1, 0xF0, 0x7C, 0x0B, 0x7C, 0x1F, 0x07, 0xC1, 0xF0, 0x7C, 0x1F, 0x07,
    0xC1, 0xF0, 0x7C, 0x1F, 0x07, 0xC1, 0xF0, 0x7C, 0x1F, 0x07, 0xC1, 0xF0,
    0x7C, 0x1F, 0x07, 0xC0, 0xB0,
};
