#ifndef VIDEO_DATA_FILE
#define VIDEO_DATA_FILE

const unsigned char _Alignas(32) videoData[] = {
    0x00, 0xFF, 0x00, 0x81, 0x00, 0xFF, 0x00, 0x81, 0x00, 0xFF, 0x00, 0x81,
    0x00, 0xFF, 0x00, 0x81, 0x00, 0xFF, 0x00, 0x81, 0x00, 0x13, 0x05, 0x13,
    0x05, 0x13, 0x05, 0x13, 0x05, 0x13, 0x05, 0x14, 0x04, 0x13, 0x05, 0x13,
    0x05, 0x13, 0x05, 0x13, 0x05, 0x13, 0x05, 0x13, 0x05, 0x13, 0x05, 0x13,
    0x05, 0x14, 0x04, 0x14, 0x04, 0x01, 0x01, 0x10, 0x08, 0x10, 0x08, 0x10,
    0x07, 0x02, 0x01, 0x0D, 0x08, 0x02, 0x01, 0x0D, 0x08, 0x01, 0x02, 0x0F,
    0x06, 0x01, 0x01, 0x10, 0x08, 0x11, 0x07, 0x12, 0x05, 0x14, 0x03, 0x15,
    0x03, 0x15, 0x03, 0x15, 0x03, 0x15, 0x03, 0x17, 0x01, 0x18, 0x01, 0x08,
    0x0B, 0x0D, 0x0B, 0x0D, 0x0B, 0x0F, 0x09, 0x0F, 0x09, 0x0F, 0x09, 0x0F,
    0x08, 0x0F, 0x0B, 0x0C, 0x0D, 0x0A, 0x0E, 0x0A, 0x0E, 0x0A, 0x0F, 0x08,
    0x10, 0x07, 0x12, 0x06, 0x12, 0x05, 0x0F, 0x01, 0x04, 0x01, 0x0A, 0x09,
    0x0F, 0x09, 0x0F, 0x08, 0x11, 0x07, 0x11, 0x08, 0x10, 0x08, 0x10, 0x07,
    0x11, 0x07, 0x10, 0x0A, 0x0D, 0x0B, 0x0C, 0x0C, 0x0C, 0x0C, 0x0C, 0x0D,
    0x0B, 0x0D, 0x0B, 0x0D, 0x0A, 0x0A, 0x01, 0x03, 0x03, 0x01, 0x09, 0x08,
    0x10, 0x07, 0x11, 0x07, 0x11, 0x06, 0x12, 0x06, 0x12, 0x04, 0x01, 0x01,
    0x12, 0x04, 0x01, 0x01, 0x11, 0x07, 0x11, 0x08, 0x0F, 0x0A, 0x0D, 0x0B,
    0x0D, 0x08, 0x01, 0x01, 0x0E, 0x07, 0x02, 0x01, 0x0E, 0x07, 0x02, 0x01,
    0x0D, 0x08, 0x02, 0x03, 0x0B, 0x08, 0x02, 0x03, 0x06, 0x01, 0x08, 0x07,
    0x11, 0x06, 0x12, 0x05, 0x13, 0x05, 0x13, 0x05, 0x13, 0x05, 0x13, 0x05,
    0x12, 0x06, 0x12, 0x07, 0x11, 0x07, 0x10, 0x01, 0x01, 0x07, 0x0F, 0x01,
    0x01, 0x07, 0x0E, 0x02, 0x01, 0x07, 0x0E, 0x02, 0x01, 0x08, 0x0C, 0x03,
    0x01, 0x08, 0x0C, 0x0C, 0x08, 0x01, 0x08, 0x07, 0x11, 0x06, 0x13, 0x05,
    0x13, 0x04, 0x14, 0x04, 0x14, 0x04, 0x14, 0x05, 0x12, 0x06, 0x12, 0x01,
    0x01, 0x04, 0x12, 0x01, 0x01, 0x05, 0x11, 0x01, 0x01, 0x05, 0x11, 0x01,
    0x01, 0x05, 0x10, 0x02, 0x01, 0x06, 0x0F, 0x01, 0x02, 0x06, 0x0F, 0x01,
    0x02, 0x06, 0x0F, 0x01, 0x01, 0x07, 0x08, 0x01, 0x0E, 0x01, 0x12, 0x06,
    0x13, 0x04, 0x14, 0x04, 0x15, 0x03, 0x15, 0x03, 0x15, 0x04, 0x13, 0x05,
    0x13, 0x05, 0x13, 0x04, 0x01, 0x01, 0x12, 0x04, 0x14, 0x05, 0x01, 0x01,
    0x10, 0x08, 0x10, 0x09, 0x0F, 0x09, 0x0F, 0x09, 0x06, 0x01, 0x22, 0x02,
    0x01, 0x03, 0x13, 0x04, 0x15, 0x03, 0x15, 0x03, 0x15, 0x03, 0x15, 0x03,
    0x14, 0x05, 0x13, 0x05, 0x12, 0x06, 0x12, 0x06, 0x11, 0x06, 0x01, 0x01,
    0x10, 0x06, 0x01, 0x01, 0x10, 0x08, 0x11, 0x07, 0x11, 0x06, 0x01, 0x01,
    0x06, 0x01, 0x22, 0x01, 0x03, 0x01, 0x14, 0x04, 0x14, 0x03, 0x15, 0x03,
    0x15, 0x02, 0x16, 0x03, 0x14, 0x04, 0x13, 0x04, 0x01, 0x01, 0x12, 0x04,
    0x01, 0x01, 0x12, 0x04, 0x01, 0x01, 0x11, 0x05, 0x01, 0x01, 0x11, 0x05,
    0x02, 0x01, 0x10, 0x05, 0x02, 0x01, 0x10, 0x06, 0x12, 0x06, 0x0A, 0x01,
    0x21, 0x01, 0x18, 0x04, 0x14, 0x03, 0x15, 0x03, 0x15, 0x03, 0x15, 0x03,
    0x14, 0x04, 0x13, 0x01, 0x01, 0x04, 0x12, 0x01, 0x01, 0x04, 0x12, 0x01,
    0x01, 0x04, 0x11, 0x02, 0x01, 0x05, 0x10, 0x08, 0x10, 0x07, 0x11, 0x07,
    0x12, 0x06, 0x0A, 0x01, 0x21, 0x01, 0x03, 0x01, 0x14, 0x03, 0x15, 0x03,
    0x14, 0x03, 0x15, 0x03, 0x16, 0x03, 0x15, 0x03, 0x15, 0x04, 0x15, 0x03,
    0x12, 0x01, 0x02, 0x03, 0x12, 0x01, 0x02, 0x04, 0x11, 0x01, 0x01, 0x05,
    0x13, 0x04, 0x13, 0x05, 0x13, 0x06, 0x09, 0x01, 0x3A, 0x04, 0x14, 0x04,
    0x15, 0x03, 0x15, 0x03, 0x15, 0x03, 0x14, 0x04, 0x14, 0x05, 0x15, 0x02,
    0x16, 0x04, 0x11, 0x01, 0x02, 0x04, 0x11, 0x01, 0x01, 0x05, 0x13, 0x05,
    0x13, 0x05, 0x12, 0x06, 0x08, 0x01, 0x23, 0x01, 0x02, 0x02, 0x13, 0x04,
    0x14, 0x04, 0x15, 0x03, 0x15, 0x02, 0x16, 0x03, 0x14, 0x04, 0x14, 0x03,
    0x01, 0x01, 0x12, 0x01, 0x01, 0x02, 0x01, 0x01, 0x11, 0x05, 0x01, 0x01,
    0x11, 0x05, 0x02, 0x01, 0x10, 0x08, 0x12, 0x06, 0x12, 0x05, 0x12, 0x06,
    0x08, 0x01, 0x22, 0x01, 0x18, 0x04, 0x14, 0x03, 0x15, 0x03, 0x15, 0x03,
    0x15, 0x03, 0x14, 0x03, 0x01, 0x01, 0x13, 0x03, 0x01, 0x01, 0x12, 0x04,
    0x01, 0x01, 0x12, 0x04, 0x01, 0x01, 0x11, 0x05, 0x02, 0x01, 0x10, 0x05,
    0x02, 0x01, 0x11, 0x05, 0x01, 0x01, 0x11, 0x05, 0x13, 0x06, 0x09, 0x01,
    0x21, 0x02, 0x17, 0x05, 0x13, 0x04, 0x14, 0x04, 0x14, 0x04, 0x14, 0x04,
    0x14, 0x04, 0x14, 0x04, 0x13, 0x04, 0x01, 0x01, 0x12, 0x04, 0x01, 0x01,
    0x11, 0x05, 0x01, 0x02, 0x10, 0x05, 0x01, 0x02, 0x10, 0x08, 0x10, 0x08,
    0x10, 0x06, 0x0A, 0x01, 0x22, 0x03, 0x01, 0x04, 0x10, 0x08, 0x10, 0x07,
    0x12, 0x06, 0x12, 0x05, 0x13, 0x05, 0x13, 0x05, 0x13, 0x05, 0x13, 0x06,
    0x12, 0x06, 0x11, 0x06, 0x01, 0x02, 0x10, 0x05, 0x02, 0x01, 0x10, 0x05,
    0x02, 0x02, 0x0E, 0x06, 0x02, 0x02, 0x0E, 0x06, 0x02, 0x03, 0x03, 0x01,
    0x12, 0x01, 0x14, 0x01, 0x01, 0x03, 0x12, 0x06, 0x11, 0x07, 0x11, 0x08,
    0x11, 0x07, 0x11, 0x07, 0x13, 0x05, 0x13, 0x05, 0x11, 0x06, 0x12, 0x06,
    0x12, 0x05, 0x12, 0x07, 0x11, 0x07, 0x0B, 0x02, 0x04, 0x08, 0x0A, 0x0B,
    0x02, 0x02, 0x02, 0x01, 0x40, 0x01, 0x15, 0x05, 0x12, 0x06, 0x12, 0x07,
    0x12, 0x06, 0x12, 0x06, 0x13, 0x04, 0x14, 0x04, 0x14, 0x04, 0x0C, 0x02,
    0x05, 0x04, 0x0D, 0x02, 0x05, 0x04, 0x0F, 0x0A, 0x0E, 0x0A, 0x0E, 0x0B,
    0x04, 0x01, 0x3E, 0x03, 0x15, 0x04, 0x13, 0x06, 0x11, 0x07, 0x13, 0x05,
    0x13, 0x05, 0x15, 0x03, 0x15, 0x02, 0x15, 0x03, 0x0D, 0x02, 0x04, 0x05,
    0x0F, 0x02, 0x02, 0x05, 0x0F, 0x0A, 0x0E, 0x04, 0x01, 0x05, 0x0D, 0x05,
    0x01, 0x05, 0x05, 0x01, 0x3E, 0x04, 0x13, 0x05, 0x13, 0x06, 0x11, 0x07,
    0x13, 0x05, 0x13, 0x05, 0x15, 0x04, 0x14, 0x02, 0x0E, 0x01, 0x06, 0x03,
    0x0D, 0x02, 0x05, 0x04, 0x0F, 0x01, 0x03, 0x05, 0x0F, 0x09, 0x0F, 0x09,
    0x0F, 0x0A, 0x05, 0x01, 0x26, 0x02, 0x17, 0x03, 0x13, 0x06, 0x11, 0x07,
    0x11, 0x08, 0x11, 0x07, 0x12, 0x06, 0x12, 0x01, 0x01, 0x04, 0x14, 0x03,
    0x0D, 0x02, 0x05, 0x04, 0x0D, 0x02, 0x04, 0x04, 0x10, 0x01, 0x02, 0x06,
    0x0E, 0x0A, 0x0E, 0x0A, 0x0E, 0x04, 0x01, 0x05, 0x05, 0x01, 0x0F, 0x01,
    0x17, 0x02, 0x15, 0x05, 0x12, 0x07, 0x10, 0x08, 0x10, 0x09, 0x10, 0x08,
    0x11, 0x07, 0x11, 0x01, 0x01, 0x05, 0x13, 0x04, 0x0C, 0x03, 0x04, 0x05,
    0x0D, 0x02, 0x04, 0x04, 0x0F, 0x02, 0x01, 0x06, 0x0F, 0x09, 0x0E, 0x0B,
    0x0D, 0x04, 0x02, 0x05, 0x04, 0x01, 0x10, 0x01, 0x17, 0x04, 0x11, 0x07,
    0x10, 0x09, 0x0F, 0x09, 0x10, 0x08, 0x10, 0x09, 0x10, 0x08, 0x11, 0x07,
    0x0B, 0x03, 0x04, 0x04, 0x0D, 0x03, 0x03, 0x05, 0x0F, 0x01, 0x03, 0x04,
    0x10, 0x02, 0x01, 0x05, 0x0F, 0x0A, 0x0E, 0x0A, 0x0E, 0x03, 0x02, 0x05,
    0x04, 0x01, 0x10, 0x02, 0x15, 0x05, 0x11, 0x07, 0x10, 0x09, 0x0F, 0x09,
    0x10, 0x08, 0x10, 0x09, 0x10, 0x08, 0x0D, 0x01, 0x02, 0x08, 0x0C, 0x02,
    0x04, 0x05, 0x0D, 0x02, 0x03, 0x06, 0x0E, 0x02, 0x02, 0x05, 0x0F, 0x09,
    0x0F, 0x09, 0x0E, 0x03, 0x01, 0x06, 0x0E, 0x02, 0x03, 0x05, 0x04, 0x01,
    0x10, 0x02, 0x16, 0x04, 0x11, 0x07, 0x10, 0x09, 0x0F, 0x09, 0x10, 0x08,
    0x10, 0x09, 0x10, 0x08, 0x0D, 0x01, 0x02, 0x08, 0x0B, 0x03, 0x04, 0x04,
    0x0E, 0x02, 0x03, 0x05, 0x0F, 0x02, 0x02, 0x05, 0x0F, 0x09, 0x0E, 0x0A,
    0x0E, 0x03, 0x01, 0x06, 0x0E, 0x02, 0x03, 0x05, 0x04, 0x01, 0x0F, 0x02,
    0x16, 0x04, 0x12, 0x07, 0x10, 0x08, 0x10, 0x09, 0x0F, 0x09, 0x10, 0x08,
    0x10, 0x09, 0x10, 0x08, 0x0B, 0x03, 0x02, 0x01, 0x01, 0x04, 0x01, 0x01,
    0x0B, 0x03, 0x03, 0x05, 0x0E, 0x02, 0x03, 0x05, 0x0F, 0x09, 0x0E, 0x0A,
    0x0E, 0x03, 0x01, 0x06, 0x0E, 0x02, 0x02, 0x06, 0x04, 0x01, 0x0D, 0x02,
    0x17, 0x04, 0x12, 0x07, 0x10, 0x08, 0x10, 0x09, 0x0F, 0x09, 0x10, 0x08,
    0x11, 0x08, 0x11, 0x07, 0x0C, 0x02, 0x05, 0x04, 0x0C, 0x03, 0x04, 0x04,
    0x0E, 0x02, 0x03, 0x05, 0x0F, 0x02, 0x02, 0x05, 0x0F, 0x09, 0x0E, 0x0B,
    0x0D, 0x0B, 0x04, 0x01, 0x0A, 0x03, 0x02, 0x02, 0x12, 0x07, 0x11, 0x08,
    0x10, 0x08, 0x0F, 0x0A, 0x0E, 0x0A, 0x10, 0x08, 0x11, 0x07, 0x11, 0x01,
    0x02, 0x02, 0x13, 0x01, 0x02, 0x02, 0x16, 0x03, 0x13, 0x05, 0x0C, 0x02,
    0x05, 0x05, 0x0B, 0x03, 0x05, 0x05, 0x0C, 0x04, 0x02, 0x06, 0x0E, 0x0B,
    0x04, 0x01, 0x27, 0x01, 0x11, 0x09, 0x10, 0x08, 0x11, 0x08, 0x0F, 0x09,
    0x0F, 0x0A, 0x0E, 0x0A, 0x10, 0x08, 0x11, 0x07, 0x14, 0x04, 0x14, 0x04,
    0x14, 0x05, 0x13, 0x05, 0x12, 0x07, 0x11, 0x07, 0x02, 0x01, 0x16, 0x01,
    0x17, 0x02, 0x13, 0x05, 0x11, 0x07, 0x11, 0x07, 0x11, 0x07, 0x12, 0x06,
    0x12, 0x06, 0x12, 0x06, 0x14, 0x04, 0x14, 0x04, 0x14, 0x04, 0x14, 0x04,
    0x14, 0x04, 0x14, 0x04, 0x13, 0x05, 0x01, 0x40, 0x01, 0x17, 0x01, 0x10,
    0x01, 0x06, 0x01, 0x10, 0x02, 0x05, 0x01, 0x10, 0x08, 0x10, 0x08, 0x10,
    0x08, 0x06, 0x01, 0x09, 0x09, 0x05, 0x01, 0x09, 0x09, 0x05, 0x01, 0x0A,
    0x09, 0x03, 0x02, 0x0A, 0x0B, 0x02, 0x01, 0x13, 0x03, 0x01, 0x01, 0x14,
    0x04, 0x14, 0x04, 0x01, 0x0A, 0x02, 0x16, 0x03, 0x15, 0x03, 0x16, 0x01,
    0xFF, 0x00, 0x2D, 0x01, 0x9C, 0x02, 0x15, 0x04, 0x14, 0x04, 0x15, 0x02,
    0x9A, 0x01, 0xE4, 0x02, 0x15, 0x05, 0x13, 0x05, 0x13, 0x04, 0x16, 0x01,
    0x3A, 0x01, 0xB4, 0x02, 0x15, 0x04, 0x13, 0x06, 0x13, 0x04, 0x15, 0x02,
    0x6A, 0x01, 0x6B, 0x03, 0x14, 0x05, 0x13, 0x05, 0x13, 0x05, 0x14, 0x02,
    0xB3, 0x01, 0x84, 0x03, 0x13, 0x06, 0x12, 0x06, 0x13, 0x05, 0x14, 0x03,
    0x99, 0x01, 0x9C, 0x04, 0x14, 0x05, 0x12, 0x06, 0x12, 0x06, 0x13, 0x04,
    0x80, 0x01, 0x13, 0x05, 0x84, 0x02, 0x15, 0x05, 0x12, 0x06, 0x12, 0x06,
    0x13, 0x04, 0x81, 0x01, 0x18, 0x09, 0x0F, 0x09, 0x0F, 0x0A, 0x0E, 0x0B,
    0x03, 0x04, 0x06, 0x0B, 0x04, 0x04, 0x05, 0x0A, 0x06, 0x03, 0x04, 0x0A,
    0x07, 0x05, 0x02, 0x0A, 0x08, 0x10, 0x08, 0x10, 0x08, 0x11, 0x07, 0x13,
    0x03, 0x51, 0x01, 0x48, 0x02, 0x01, 0x01, 0x14, 0x02, 0x2A, 0x01, 0x16,
    0x05, 0x09, 0x01, 0x08, 0x06, 0x09, 0x05, 0x04, 0x06, 0x09, 0x0F, 0x08,
    0x12, 0x05, 0x71, 0x01, 0x02, 0x16, 0x03, 0x15, 0x04, 0x14, 0x04, 0x14,
    0x04, 0x14, 0x05, 0x13, 0x07, 0x11, 0x0A, 0x01, 0x0A, 0x03, 0x16, 0x02,
    0x17, 0x01, 0x67, 0x03, 0x0E, 0x01, 0x04, 0x0A, 0x06, 0x03, 0x00, 0x06,
    0x12, 0x06, 0x12, 0x07, 0x11, 0x02, 0x03, 0x04, 0x0E, 0x02, 0x05, 0x03,
    0x0D, 0x03, 0x05, 0x02, 0x0C, 0x05, 0x06, 0x01, 0x10, 0x02, 0x16, 0x05,
    0x13, 0x06, 0x12, 0x07, 0x11, 0x06, 0x04, 0x01, 0x0D, 0x05, 0x04, 0x01,
    0x10, 0x02, 0x44, 0x00, 0x08, 0x10, 0x09, 0x0F, 0x0B, 0x0D, 0x0C, 0x0C,
    0x0E, 0x0A, 0x0A, 0x03, 0x02, 0x09, 0x09, 0x05, 0x02, 0x08, 0x09, 0x05,
    0x02, 0x08, 0x09, 0x05, 0x01, 0x09, 0x0A, 0x0E, 0x0C, 0x0C, 0x0D, 0x0B,
    0x0E, 0x0A, 0x0E, 0x0A, 0x0E, 0x03, 0x02, 0x05, 0x0D, 0x04, 0x02, 0x05,
    0x00, 0x06, 0x12, 0x07, 0x11, 0x08, 0x10, 0x0A, 0x0E, 0x0B, 0x0D, 0x0C,
    0x0C, 0x0B, 0x0D, 0x09, 0x0F, 0x09, 0x0F, 0x09, 0x05, 0x02, 0x08, 0x0A,
    0x05, 0x01, 0x08, 0x0C, 0x0C, 0x0D, 0x0B, 0x0D, 0x0B, 0x0D, 0x0B, 0x0D,
    0x0B, 0x00, 0x05, 0x06, 0x03, 0x0A, 0x04, 0x14, 0x05, 0x13, 0x06, 0x12,
    0x07, 0x11, 0x09, 0x0F, 0x0B, 0x0D, 0x0B, 0x0D, 0x0B, 0x0D, 0x0A, 0x0E,
    0x0A, 0x0E, 0x0B, 0x0D, 0x0C, 0x0C, 0x0E, 0x0A, 0x0E, 0x0A, 0x0E, 0x0A,
    0x00, 0x0F, 0x03, 0x13, 0x07, 0x0B, 0x04, 0x01, 0x0A, 0x08, 0x12, 0x05,
    0x0E, 0x02, 0x02, 0x06, 0x12, 0x08, 0x11, 0x0A, 0x0E, 0x0B, 0x0D, 0x0A,
    0x0E, 0x0A, 0x0E, 0x0B, 0x0D, 0x0D, 0x0B, 0x0D, 0x0B, 0x0D, 0x0B, 0x0D,
    0x0B, 0x00, 0x39, 0x07, 0x10, 0x0A, 0x0E, 0x0B, 0x0E, 0x0A, 0x10, 0x08,
    0x0F, 0x0B, 0x0D, 0x0B, 0x0F, 0x08, 0x10, 0x08, 0x0F, 0x13, 0x04, 0x26,
    0x01, 0x17, 0x04, 0x04, 0x03, 0x0D, 0x00, 0x3A, 0x02, 0x15, 0x07, 0x11,
    0x07, 0x13, 0x07, 0x11, 0x07, 0x11, 0x06, 0x12, 0x08, 0x01, 0x03, 0x04,
    0x15, 0x04, 0x14, 0x0B, 0x0D, 0x0E, 0x03, 0x04, 0x02, 0x49, 0x00, 0x1A,
    0x01, 0x37, 0x05, 0x06, 0x01, 0x0C, 0x05, 0x14, 0x05, 0x13, 0x05, 0x02,
    0x01, 0x0B, 0x0E, 0x0A, 0x0F, 0x0B, 0x01, 0x04, 0x08, 0x11, 0x01, 0x81,
    0x00, 0x33, 0x01, 0x1E, 0x04, 0x07, 0x01, 0x0C, 0x05, 0x03, 0x01, 0x10,
    0x04, 0x14, 0x07, 0x0D, 0x0C, 0x0F, 0x01, 0x01, 0x07, 0x0C, 0x01, 0x01,
    0x01, 0x04, 0x01, 0x05, 0x01, 0x03, 0x01, 0x1A, 0x01, 0x74, 0x00, 0x33,
    0x01, 0x1E, 0x04, 0x07, 0x02, 0x0C, 0x04, 0x03, 0x01, 0x10, 0x05, 0x0F,
    0x02, 0x02, 0x08, 0x0C, 0x0C, 0x12, 0x06, 0x0F, 0x01, 0x03, 0x01, 0x09,
    0x01, 0x1A, 0x01, 0x09, 0x01, 0x6A, 0x00, 0x52, 0x04, 0x07, 0x02, 0x0B,
    0x05, 0x14, 0x05, 0x0F, 0x0C, 0x0C, 0x0C, 0x12, 0x01, 0x02, 0x02, 0x14,
    0x01, 0x02, 0x01, 0x03, 0x01, 0x02, 0x01, 0x1A, 0x01, 0x09, 0x01, 0x6A,
    0x00, 0x52, 0x04, 0x02, 0x01, 0x05, 0x01, 0x0B, 0x05, 0x03, 0x01, 0x10,
    0x05, 0x0E, 0x0D, 0x0C, 0x0C, 0x11, 0x02, 0x02, 0x02, 0x0F, 0x02, 0x04,
    0x01, 0x01, 0x01, 0x06, 0x01, 0x1A, 0x01, 0x07, 0x01, 0x01, 0x01, 0x6A,
    0x00, 0x34, 0x01, 0x1D, 0x04, 0x08, 0x01, 0x0B, 0x04, 0x05, 0x01, 0x0E,
    0x06, 0x13, 0x08, 0x0B, 0x0D, 0x0E, 0x01, 0x01, 0x08, 0x0F, 0x01, 0x04,
    0x01, 0x05, 0x01, 0x03, 0x01, 0x1A, 0x01, 0x73, 0x00, 0x39, 0x01, 0x30,
    0x04, 0x05, 0x01, 0x0E, 0x06, 0x13, 0x04, 0x04, 0x01, 0x0A, 0x0C, 0x0D,
    0x0C, 0x11, 0x02, 0x01, 0x03, 0x07, 0x01, 0x1A, 0x01, 0x09, 0x01, 0x69,
    0x00, 0x34, 0x01, 0x1D, 0x03, 0x02, 0x01, 0x12, 0x04, 0x15, 0x04, 0x01,
    0x01, 0x12, 0x05, 0x03, 0x01, 0x0A, 0x0D, 0x0C, 0x0C, 0x12, 0x01, 0x01,
    0x03, 0x07, 0x01, 0x1A, 0x01, 0x09, 0x01, 0x69, 0x00, 0x52, 0x04, 0x09,
    0x01, 0x0B, 0x04, 0x04, 0x01, 0x0F, 0x04, 0x01, 0x01, 0x0E, 0x03, 0x01,
    0x07, 0x01, 0x01, 0x0B, 0x0C, 0x12, 0x06, 0x10, 0x01, 0x03, 0x01, 0x02,
    0x01, 0x06, 0x01, 0x0D, 0x01, 0x0C, 0x01, 0x09, 0x01, 0x69, 0x00, 0x3B,
    0x02, 0x16, 0x04, 0x15, 0x04, 0x14, 0x04, 0x0F, 0x0D, 0x0C, 0x0C, 0x12,
    0x01, 0x02, 0x02, 0xAD, 0x00, 0x3F, 0x04, 0x13, 0x06, 0x12, 0x06, 0x13,
    0x05, 0x13, 0x09, 0x0A, 0x0E, 0x0B, 0x0D, 0x12, 0x01, 0x03, 0x02, 0x90,
    0x00, 0x57, 0x03, 0x14, 0x05, 0x14, 0x04, 0x14, 0x04, 0x15, 0x07, 0x0E,
    0x0A, 0x0E, 0x0B, 0x02, 0x02, 0x0C, 0x07, 0x02, 0x03, 0x14, 0x04, 0x14,
    0x04, 0x14, 0x04, 0x14, 0x04, 0x14, 0x00, 0x1D, 0x01, 0x39, 0x02, 0x12,
    0x01, 0x02, 0x03, 0x15, 0x04, 0x15, 0x03, 0x15, 0x05, 0x12, 0x06, 0x06,
    0x01, 0x03, 0x01, 0x07, 0x07, 0x04, 0x03, 0x0B, 0x04, 0x05, 0x05, 0x03,
    0x02, 0x0E, 0x0A, 0x0E, 0x0A, 0x0E, 0x0A, 0x0E, 0x0A, 0x0E, 0x00, 0x1D,
    0x01, 0x38, 0x03, 0x03, 0x01, 0x11, 0x04, 0x04, 0x01, 0x0F, 0x04, 0x0E,
    0x01, 0x05, 0x05, 0x0A, 0x01, 0x08, 0x06, 0x11, 0x07, 0x05, 0x02, 0x03,
    0x01, 0x07, 0x06, 0x05, 0x03, 0x05, 0x01, 0x0F, 0x04, 0x03, 0x02, 0x0E,
    0x0A, 0x0E, 0x0A, 0x0E, 0x0A, 0x0E, 0x0A, 0x0E, 0x00, 0x1D, 0x01, 0x38,
    0x03, 0x03, 0x01, 0x10, 0x05, 0x14, 0x04, 0x02, 0x01, 0x11, 0x05, 0x0A,
    0x01, 0x07, 0x07, 0x11, 0x07, 0x05, 0x03, 0x0B, 0x04, 0x06, 0x03, 0x05,
    0x01, 0x0F, 0x05, 0x03, 0x02, 0x0D, 0x0B, 0x0D, 0x0B, 0x0D, 0x0B, 0x0D,
    0x0B, 0x0D, 0x00, 0x28, 0x01, 0x2D, 0x02, 0x13, 0x01, 0x01, 0x05, 0x05,
    0x01, 0x0E, 0x04, 0x0E, 0x01, 0x05, 0x05, 0x0A, 0x01, 0x08, 0x06, 0x11,
    0x07, 0x06, 0x02, 0x02, 0x01, 0x07, 0x05, 0x06, 0x03, 0x05, 0x02, 0x0E,
    0x05, 0x03, 0x02, 0x0D, 0x0B, 0x0D, 0x0B, 0x0D, 0x0B, 0x0D, 0x0B, 0x0D,
    0x00, 0x1D, 0x01, 0x39, 0x01, 0x15, 0x04, 0x14, 0x04, 0x0F, 0x01, 0x05,
    0x03, 0x15, 0x05, 0x07, 0x01, 0x0A, 0x06, 0x07, 0x02, 0x02, 0x01, 0x06,
    0x07, 0x05, 0x03, 0x01, 0x01, 0x04, 0x01, 0x05, 0x02, 0x07, 0x05, 0x03,
    0x02, 0x0D, 0x0B, 0x0D, 0x0B, 0x0D, 0x0B, 0x0D, 0x0B, 0x0D, 0x00, 0x1D,
    0x01, 0x35, 0x01, 0x03, 0x01, 0x05, 0x01, 0x0F, 0x03, 0x09, 0x01, 0x0B,
    0x04, 0x15, 0x03, 0x15, 0x05, 0x07, 0x01, 0x0A, 0x06, 0x07, 0x02, 0x02,
    0x01, 0x06, 0x06, 0x06, 0x05, 0x04, 0x01, 0x03, 0x04, 0x07, 0x05, 0x04,
    0x02, 0x0C, 0x0C, 0x0C, 0x0C, 0x0C, 0x0C, 0x0C, 0x0C, 0x0C, 0x00, 0x56,
    0x02, 0x15, 0x04, 0x14, 0x04, 0x04, 0x01, 0x10, 0x03, 0x0C, 0x01, 0x08,
    0x05, 0x07, 0x02, 0x09, 0x06, 0x07, 0x02, 0x0A, 0x05, 0x06, 0x05, 0x04,
    0x02, 0x0D, 0x06, 0x03, 0x02, 0x0C, 0x0C, 0x0C, 0x0C, 0x0C, 0x0C, 0x0C,
    0x0C, 0x0C, 0x00, 0x53, 0x01, 0x02, 0x02, 0x05, 0x01, 0x0F, 0x04, 0x15,
    0x03, 0x15, 0x04, 0x13, 0x06, 0x07, 0x02, 0x09, 0x06, 0x07, 0x02, 0x0A,
    0x04, 0x07, 0x06, 0x04, 0x01, 0x0D, 0x06, 0x03, 0x02, 0x0C, 0x0C, 0x0C,
    0x0C, 0x0C, 0x0C, 0x0C, 0x0C, 0x0C, 0x00, 0x3F, 0x02, 0x15, 0x04, 0x13,
    0x06, 0x13, 0x05, 0x13, 0x06, 0x12, 0x07, 0x10, 0x09, 0x03, 0x02, 0x0B,
    0x08, 0x03, 0x02, 0x0C, 0x05, 0x04, 0x03, 0x15, 0x04, 0x07, 0x02, 0x0B,
    0x05, 0x06, 0x02, 0x0B, 0x0D, 0x0B, 0x0D, 0x0B, 0x00, 0x11, 0x04, 0x14,
    0x04, 0x12, 0x08, 0x0F, 0x09, 0x11, 0x07, 0x0F, 0x08, 0x10, 0x0A, 0x0E,
    0x02, 0x01, 0x07, 0x11, 0x07, 0x10, 0x08, 0x0F, 0x09, 0x0F, 0x09, 0x0F,
    0x09, 0x11, 0x07, 0x11, 0x07, 0x17, 0x01, 0x00, 0x11, 0x07, 0x12, 0x06,
    0x44, 0x04, 0x0A, 0x04, 0x05, 0x05, 0x08, 0x10, 0x08, 0x10, 0x08, 0x04,
    0x01, 0x0B, 0x0A, 0x02, 0x03, 0x04, 0x01, 0x01, 0x01, 0x02, 0x0A, 0x02,
    0x16, 0x02, 0x6C, 0x00, 0x13, 0x05, 0x47, 0x01, 0x16, 0x02, 0x0B, 0x05,
    0x05, 0x03, 0x09, 0x09, 0x01, 0x05, 0x09, 0x0F, 0x09, 0x04, 0x01, 0x0A,
    0x09, 0x04, 0x02, 0x09, 0x0A, 0x03, 0x15, 0x03, 0x6B, 0x00, 0x6C, 0x03,
    0x12, 0x0A, 0x03, 0x02, 0x08, 0x10, 0x08, 0x10, 0x08, 0x06, 0x02, 0x08,
    0x09, 0x05, 0x03, 0x07, 0x0B, 0x03, 0x15, 0x03, 0x15, 0x03, 0x52, 0x00,
    0x08, 0x03, 0x01, 0x03, 0x01, 0x08, 0x09, 0x02, 0x01, 0x02, 0x06, 0x02,
    0xB2, 0x02, 0x15, 0x04, 0x15, 0x03, 0x15, 0x04, 0x15, 0x03, 0x3C, 0x00,
    0x80, 0x03, 0x15, 0x03, 0x15, 0x03, 0x15, 0x03, 0x15, 0x02, 0x9E, 0x00,
    0x18, 0x02, 0x0A, 0x02, 0x0A, 0x03, 0x07, 0x04, 0x0A, 0x05, 0x05, 0x04,
    0x0A, 0x07, 0x02, 0x04, 0x0B, 0x0C, 0x0C, 0x0B, 0x0D, 0x0D, 0x0B, 0x0F,
    0x09, 0x11, 0x07, 0x13, 0x05, 0x15, 0x03, 0x17, 0x01, 0x48, 0x01, 0x0F,
    0x01, 0xFF, 0x00, 0x71, 0x01, 0x0F, 0x02, 0x16, 0x01, 0xFF, 0x00, 0x59,
    0x01, 0x6D, 0x02, 0x15, 0x03, 0x16, 0x02, 0x17, 0x01, 0x17, 0x02, 0x17,
    0x02, 0x16, 0x02, 0x7F, 0x01, 0x99, 0x04, 0x13, 0x01, 0x16, 0x01, 0x17,
    0x01, 0xA0, 0x01, 0x7E, 0x01, 0x17, 0x01, 0x17, 0x01, 0x17, 0x01, 0x17,
    0x01, 0x16, 0x02, 0x16, 0x02, 0x16, 0x02, 0x16, 0x02, 0x41, 0x01, 0x64,
    0x01, 0x17, 0x01, 0x17, 0x02, 0x16, 0x02, 0x15, 0x02, 0x16, 0x03, 0x16,
    0x02, 0x16, 0x02, 0x16, 0x02, 0x16, 0x02, 0x42, 0x01, 0x36, 0x01, 0x16,
    0x02, 0x16, 0x02, 0x16, 0x03, 0x15, 0x03, 0x15, 0x02, 0x15, 0x03, 0x16,
    0x02, 0x16, 0x03, 0x15, 0x03, 0x15, 0x03, 0x15, 0x03, 0x14, 0x04, 0x17,
    0x01, 0x10, 0x01, 0x37, 0x01, 0x16, 0x03, 0x16, 0x02, 0x16, 0x02, 0x15,
    0x04, 0x14, 0x04, 0x14, 0x03, 0x15, 0x04, 0x15, 0x03, 0x15, 0x03, 0x14,
    0x04, 0x14, 0x04, 0x14, 0x04, 0x13, 0x05, 0x0E, 0x01, 0x39, 0x02, 0x16,
    0x02, 0x16, 0x03, 0x15, 0x03, 0x15, 0x04, 0x14, 0x03, 0x14, 0x04, 0x15,
    0x03, 0x15, 0x03, 0x15, 0x03, 0x15, 0x03, 0x15, 0x03, 0x15, 0x03, 0x14,
    0x04, 0x0C, 0x01, 0x3B, 0x02, 0x16, 0x02, 0x16, 0x02, 0x16, 0x03, 0x15,
    0x04, 0x14, 0x02, 0x16, 0x03, 0x15, 0x02, 0x16, 0x02, 0x15, 0x03, 0x15,
    0x04, 0x14, 0x04, 0x14, 0x04, 0x14, 0x04, 0x0A, 0x01, 0x3D, 0x01, 0x16,
    0x03, 0x15, 0x03, 0x15, 0x03, 0x15, 0x04, 0x14, 0x03, 0x15, 0x03, 0x15,
    0x02, 0x16, 0x03, 0x15, 0x03, 0x15, 0x03, 0x15, 0x03, 0x15, 0x04, 0x14,
    0x04, 0x08, 0x01, 0x3D, 0x02, 0x15, 0x03, 0x15, 0x03, 0x15, 0x03, 0x12,
    0x01, 0x01, 0x05, 0x14, 0x04, 0x14, 0x03, 0x15, 0x03, 0x15, 0x03, 0x15,
    0x03, 0x15, 0x04, 0x14, 0x04, 0x14, 0x04, 0x14, 0x04, 0x08, 0x01, 0x3D,
    0x02, 0x15, 0x04, 0x15, 0x03, 0x15, 0x03, 0x10, 0x01, 0x03, 0x05, 0x0E,
    0x03, 0x02, 0x05, 0x14, 0x04, 0x14, 0x03, 0x15, 0x03, 0x15, 0x03, 0x15,
    0x04, 0x14, 0x04, 0x14, 0x04, 0x13, 0x05, 0x07, 0x01, 0x25, 0x02, 0x15,
    0x04, 0x14, 0x04, 0x14, 0x04, 0x16, 0x02, 0x15, 0x03, 0x0E, 0x0B, 0x13,
    0x05, 0x13, 0x05, 0x13, 0x05, 0x13, 0x05, 0x13, 0x05, 0x13, 0x04, 0x14,
    0x04, 0x14, 0x04, 0x08, 0x01, 0x3D, 0x03, 0x15, 0x04, 0x14, 0x04, 0x14,
    0x04, 0x16, 0x03, 0x13, 0x05, 0x13, 0x05, 0x12, 0x06, 0x11, 0x07, 0x11,
    0x08, 0x11, 0x07, 0x11, 0x07, 0x11, 0x07, 0x11, 0x04, 0x08, 0x01, 0x3E,
    0x01, 0x16, 0x04, 0x14, 0x05, 0x14, 0x04, 0x14, 0x04, 0x14, 0x04, 0x14,
    0x04, 0x14, 0x04, 0x13, 0x05, 0x13, 0x05, 0x12, 0x07, 0x11, 0x06, 0x12,
    0x06, 0x13, 0x05, 0x06, 0x01, 0x55, 0x03, 0x15, 0x04, 0x14, 0x04, 0x14,
    0x04, 0x14, 0x04, 0x14, 0x04, 0x14, 0x05, 0x11, 0x07, 0x10, 0x01, 0x02,
    0x06, 0x0E, 0x01, 0x03, 0x06, 0x0E, 0x01, 0x03, 0x06, 0x12, 0x06, 0x12,
    0x04, 0x01, 0x01, 0x05, 0x01, 0x3E, 0x03, 0x15, 0x04, 0x13, 0x05, 0x14,
    0x04, 0x14, 0x04, 0x14, 0x04, 0x0E, 0x09, 0x15, 0x03, 0x14, 0x05, 0x13,
    0x05, 0x13, 0x05, 0x13, 0x04, 0x14, 0x04, 0x14, 0x04, 0x07, 0x01, 0x3F,
    0x03, 0x14, 0x05, 0x14, 0x04, 0x0E, 0x02, 0x04, 0x04, 0x10, 0x02, 0x02,
    0x04, 0x12, 0x06, 0x13, 0x05, 0x12, 0x06, 0x12, 0x06, 0x12, 0x06, 0x12,
    0x07, 0x11, 0x07, 0x11, 0x07, 0x11, 0x07, 0x04, 0x01, 0x40, 0x04, 0x12,
    0x07, 0x11, 0x07, 0x12, 0x06, 0x13, 0x05, 0x13, 0x06, 0x11, 0x07, 0x0D,
    0x01, 0x03, 0x07, 0x0D, 0x0B, 0x0E, 0x0A, 0x0F, 0x0A, 0x0E, 0x0A, 0x0E,
    0x0A, 0x0D, 0x0B, 0x01, 0x01, 0x14, 0x02, 0x13, 0x07, 0x10, 0x08, 0x0F,
    0x09, 0x0E, 0x0A, 0x0D, 0x0B, 0x0E, 0x0A, 0x0F, 0x09, 0x0F, 0x09, 0x08,
    0x01, 0x06, 0x01, 0x01, 0x07, 0x08, 0x02, 0x05, 0x01, 0x02, 0x06, 0x09,
    0x01, 0x05, 0x01, 0x01, 0x07, 0x09, 0x02, 0x04, 0x09, 0x0A, 0x03, 0x02,
    0x09, 0x0A, 0x0E, 0x0A, 0x0E, 0x01, 0x12, 0x02, 0x13, 0x07, 0x11, 0x08,
    0x0F, 0x0A, 0x0D, 0x0A, 0x0E, 0x0A, 0x0F, 0x09, 0x0F, 0x0A, 0x0E, 0x09,
    0x09, 0x01, 0x05, 0x01, 0x02, 0x06, 0x09, 0x01, 0x05, 0x01, 0x02, 0x06,
    0x09, 0x01, 0x05, 0x01, 0x01, 0x07, 0x0A, 0x01, 0x04, 0x09, 0x0B, 0x03,
    0x01, 0x09, 0x0C, 0x0C, 0x0B, 0x0D, 0x01, 0x01, 0x11, 0x07, 0x10, 0x08,
    0x0F, 0x09, 0x0F, 0x09, 0x0D, 0x0B, 0x0F, 0x09, 0x10, 0x08, 0x10, 0x08,
    0x10, 0x08, 0x08, 0x02, 0x06, 0x01, 0x01, 0x06, 0x08, 0x02, 0x06, 0x01,
    0x01, 0x06, 0x09, 0x01, 0x06, 0x01, 0x01, 0x06, 0x0A, 0x01, 0x04, 0x09,
    0x0B, 0x01, 0x02, 0x0A, 0x0B, 0x0D, 0x0B, 0x0D, 0x01, 0x16, 0x02, 0x15,
    0x03, 0x12, 0x06, 0x12, 0x06, 0x14, 0x04, 0x15, 0x03, 0x17, 0x01, 0x22,
    0x04, 0x14, 0x04, 0x14, 0x04, 0x14, 0x03, 0x15, 0x03, 0x16, 0x03, 0x16,
    0x03, 0x07, 0x02, 0x0D, 0x03, 0x05, 0x03, 0x01, 0x6B, 0x01, 0x17, 0x01,
    0x18, 0x01, 0x17, 0x01, 0x15, 0x04, 0x12, 0x07, 0x11, 0x07, 0x12, 0x06,
    0x12, 0x06, 0x13, 0x04, 0x14, 0x05, 0x14, 0x06, 0x07, 0x01, 0xB2, 0x01,
    0x15, 0x01, 0x01, 0x02, 0x14, 0x05, 0x12, 0x06, 0x11, 0x07, 0x13, 0x05,
    0x14, 0x05, 0x14, 0x05, 0x14, 0x06, 0x07, 0x01, 0xCA, 0x01, 0x17, 0x03,
    0x15, 0x06, 0x12, 0x06, 0x12, 0x07, 0x12, 0x06, 0x13, 0x08, 0x02, 0x02,
    0x0E, 0x0A, 0x01, 0x10, 0x04, 0x01, 0x02, 0x10, 0x08, 0x0F, 0x09, 0x0F,
    0x07, 0x11, 0x07, 0x12, 0x06, 0x12, 0x05, 0x15, 0x02, 0x15, 0x03, 0x0E,
    0x02, 0x03, 0x08, 0x0A, 0x01, 0x01, 0x02, 0x01, 0x09, 0x0D, 0x0B, 0x0E,
    0x0A, 0x0E, 0x09, 0x12, 0x06, 0x12, 0x05, 0x04, 0x01, 0x3B, 0x04, 0x01,
    0x01, 0x12, 0x06, 0x12, 0x04, 0x14, 0x04, 0x14, 0x04, 0x15, 0x01, 0x16,
    0x03, 0x0E, 0x02, 0x04, 0x06, 0x06, 0x02, 0x06, 0x0A, 0x04, 0x04, 0x0A,
    0x05, 0x06, 0x01, 0x0C, 0x05, 0x14, 0x03, 0x15, 0x03, 0x14, 0x04, 0x0A,
    0x01, 0x52, 0x04, 0x14, 0x05, 0x13, 0x04, 0x14, 0x04, 0x15, 0x01, 0x17,
    0x01, 0x0E, 0x01, 0x06, 0x05, 0x0B, 0x05, 0x03, 0x06, 0x03, 0x02, 0x0E,
    0x03, 0x01, 0x01, 0x13, 0x03, 0x01, 0x01, 0x13, 0x03, 0x15, 0x03, 0x14,
    0x04, 0x0B, 0x01, 0x3B, 0x01, 0x16, 0x04, 0x14, 0x05, 0x13, 0x04, 0x14,
    0x04, 0x15, 0x01, 0x17, 0x01, 0x0D, 0x02, 0x06, 0x05, 0x05, 0x01, 0x07,
    0x03, 0x03, 0x06, 0x02, 0x04, 0x0C, 0x04, 0x08, 0x01, 0x0B, 0x04, 0x15,
    0x03, 0x15, 0x03, 0x14, 0x04, 0x0B, 0x01, 0x3B, 0x02, 0x15, 0x06, 0x12,
    0x04, 0x14, 0x04, 0x14, 0x04, 0x2D, 0x02, 0x0D, 0x03, 0x04, 0x06, 0x05,
    0x01, 0x08, 0x03, 0x01, 0x06, 0x01, 0x05, 0x0C, 0x06, 0x12, 0x06, 0x13,
    0x04, 0x14, 0x04, 0x14, 0x04, 0x0A, 0x01, 0x52, 0x05, 0x13, 0x04, 0x14,
    0x04, 0x14, 0x04, 0x16, 0x01, 0x17, 0x01, 0x0F, 0x02, 0x04, 0x05, 0x06,
    0x01, 0x07, 0x02, 0x02, 0x06, 0x02, 0x05, 0x0C, 0x05, 0x13, 0x05, 0x14,
    0x03, 0x15, 0x03, 0x15, 0x03, 0x0A, 0x01, 0x53, 0x03, 0x14, 0x06, 0x12,
    0x05, 0x14, 0x04, 0x14, 0x02, 0x17, 0x01, 0x0F, 0x02, 0x04, 0x05, 0x06,
    0x02, 0x07, 0x01, 0x03, 0x06, 0x01, 0x05, 0x01, 0x01, 0x0A, 0x05, 0x13,
    0x05, 0x14, 0x03, 0x15, 0x03, 0x15, 0x03, 0x0A, 0x01, 0x3B, 0x04, 0x02,
    0x01, 0x10, 0x08, 0x10, 0x05, 0x02, 0x01, 0x10, 0x05, 0x13, 0x05, 0x15,
    0x01, 0x10, 0x01, 0x06, 0x01, 0x11, 0x01, 0x03, 0x04, 0x11, 0x08, 0x07,
    0x02, 0x08, 0x07, 0x02, 0x01, 0x02, 0x04, 0x08, 0x06, 0x07, 0x03, 0x09,
    0x05, 0x13, 0x04, 0x14, 0x04, 0x0B, 0x01, 0x0E, 0x01, 0x01, 0x03, 0x11,
    0x07, 0x10, 0x08, 0x10, 0x06, 0x12, 0x06, 0x13, 0x05, 0x14, 0x04, 0x15,
    0x01, 0x16, 0x02, 0x15, 0x04, 0x0E, 0x04, 0x02, 0x05, 0x10, 0x07, 0x12,
    0x05, 0x05, 0x04, 0x0B, 0x04, 0x07, 0x01, 0x0C, 0x04, 0x14, 0x04, 0x09,
    0x01, 0x13, 0x02, 0x14, 0x04, 0x12, 0x06, 0x12, 0x06, 0x11, 0x07, 0x12,
    0x06, 0x12, 0x06, 0x15, 0x02, 0x16, 0x01, 0x16, 0x02, 0x04, 0x01, 0x08,
    0x03, 0x04, 0x04, 0x10, 0x01, 0x03, 0x05, 0x01, 0x01, 0x0D, 0x07, 0x03,
    0x01, 0x0E, 0x06, 0x04, 0x02, 0x0F, 0x03, 0x05, 0x01, 0x0F, 0x03, 0x06,
    0x01, 0x17, 0x01, 0x12, 0x06, 0x11, 0x07, 0x11, 0x07, 0x0F, 0x09, 0x11,
    0x07, 0x11, 0x07, 0x11, 0x07, 0x07, 0x01, 0x0B, 0x04, 0x07, 0x04, 0x09,
    0x02, 0x0D, 0x01, 0x08, 0x02, 0x0D, 0x02, 0x04, 0x05, 0x0E, 0x02, 0x01,
    0x08, 0x0E, 0x0B, 0x11, 0x04, 0x03, 0x01, 0x10, 0x04, 0x04, 0x01, 0x2B,
    0x05, 0x12, 0x06, 0x0F, 0x09, 0x10, 0x08, 0x11, 0x07, 0x11, 0x07, 0x12,
    0x06, 0x05, 0x04, 0x0B, 0x04, 0x07, 0x04, 0x09, 0x01, 0x0D, 0x02, 0x05,
    0x04, 0x0E, 0x02, 0x02, 0x07, 0x0E, 0x0A, 0x12, 0x07, 0x11, 0x04, 0x14,
    0x04, 0x04, 0x01, 0x51, 0x02, 0x12, 0x08, 0x12, 0x08, 0x11, 0x09, 0x16,
    0x04, 0x03, 0x02, 0x10, 0x08, 0x12, 0x06, 0x07, 0x04, 0x0C, 0x01, 0x08,
    0x02, 0x0D, 0x01, 0x17, 0x01, 0x17, 0x01, 0x17, 0x01, 0x17, 0x01, 0x01,
    0xFF, 0x00, 0x40, 0x06, 0x12, 0x05, 0x15, 0x03, 0x0C, 0x01, 0x69, 0x06,
    0x12, 0x06, 0x13, 0x03, 0x15, 0x03, 0xCB, 0x01, 0x09, 0x02, 0x16, 0x05,
    0x14, 0x05, 0x13, 0x04, 0x14, 0x02, 0xFF, 0x00, 0x15, 0x01, 0xB1, 0x03,
    0x15, 0x06, 0x13, 0x05, 0x13, 0x03, 0x16, 0x01, 0x6C, 0x00, 0xDD, 0x05,
    0x02, 0x02, 0x10, 0x0A, 0x0E, 0x0C, 0x0D, 0x0C, 0x0D, 0x0C, 0x0C, 0x0C,
    0x0C, 0x07, 0x01, 0x03, 0x05, 0x00, 0x7D, 0x03, 0x14, 0x05, 0x16, 0x02,
    0x1C, 0x01, 0x0E, 0x02, 0x06, 0x05, 0x0B, 0x04, 0x04, 0x05, 0x0C, 0x04,
    0x03, 0x02, 0x03, 0x04, 0x08, 0x06, 0x01, 0x08, 0x0B, 0x04, 0x01, 0x09,
    0x0A, 0x0E, 0x0B, 0x0D, 0x03, 0x00, 0x1B, 0x03, 0x12, 0x05, 0x13, 0x04,
    0x82, 0x02, 0x0A, 0x02, 0x0A, 0x04, 0x08, 0x05, 0x07, 0x01, 0x02, 0x01,
    0x01, 0x03, 0x05, 0x07, 0x02, 0x04, 0x01, 0x06, 0x05, 0x07, 0x01, 0x04,
    0x01, 0x03, 0x0B, 0x0E, 0x0A, 0x0F, 0x0A, 0x0E, 0x02, 0x00, 0x4F, 0x03,
    0x15, 0x04, 0x14, 0x03, 0x15, 0x03, 0x15, 0x02, 0xB5, 0x01, 0x17, 0x02,
    0x00, 0x9B, 0x02, 0x16, 0x02, 0x16, 0x02, 0x16, 0x02, 0x16, 0x02, 0x83,
    0x00, 0x81, 0x04, 0x14, 0x05, 0x13, 0x05, 0x14, 0x04, 0x15, 0x03, 0x16,
    0x02, 0x82, 0x00, 0x69, 0x02, 0x17, 0x02, 0x16, 0x04, 0x14, 0x05, 0x13,
    0x05, 0x13, 0x04, 0x16, 0x02, 0x16, 0x02, 0x6A, 0x00, 0x53, 0x02, 0x16,
    0x02, 0x15, 0x03, 0x14, 0x04, 0x14, 0x05, 0x13, 0x06, 0x13, 0x04, 0x15,
    0x03, 0x16, 0x03, 0x16, 0x02, 0x51, 0x00, 0x50, 0x03, 0x16, 0x02, 0x17,
    0x04, 0x14, 0x05, 0x12, 0x06, 0x13, 0x05, 0x13, 0x05, 0x14, 0x03, 0x16,
    0x02, 0x16, 0x02, 0x16, 0x02, 0x3A, 0x00, 0x09, 0x02, 0x16, 0x03, 0x15,
    0x03, 0x15, 0x03, 0x16, 0x02, 0x15, 0x06, 0x11, 0x07, 0x11, 0x07, 0x11,
    0x07, 0x11, 0x07, 0x12, 0x07, 0x13, 0x02, 0x01, 0x04, 0x15, 0x03, 0x16,
    0x01, 0x37, 0x00, 0x39, 0x05, 0x13, 0x05, 0x13, 0x05, 0x13, 0x05, 0x13,
    0x05, 0x13, 0x08, 0x10, 0x08, 0x10, 0x08, 0x10, 0x06, 0x11, 0x07, 0x11,
    0x07, 0x10, 0x09, 0x0F, 0x0A, 0x0F, 0x09, 0x07, 0x00, 0x69, 0x05, 0x13,
    0x05, 0x13, 0x05, 0x13, 0x05, 0x14, 0x04, 0x13, 0x05, 0x14, 0x06, 0x12,
    0x06, 0x11, 0x08, 0x10, 0x07, 0x11, 0x06, 0x12, 0x06, 0x09, 0x00, 0x69,
    0x05, 0x13, 0x05, 0x13, 0x05, 0x13, 0x05, 0x11, 0x08, 0x11, 0x07, 0x13,
    0x06, 0x11, 0x07, 0x11, 0x07, 0x11, 0x06, 0x12, 0x06, 0x11, 0x07, 0x09,
    0x00, 0x53, 0x03, 0x14, 0x05, 0x13, 0x05, 0x13, 0x05, 0x12, 0x06, 0x11,
    0x07, 0x11, 0x07, 0x10, 0x07, 0x11, 0x08, 0x12, 0x07, 0x11, 0x06, 0x11,
    0x07, 0x11, 0x09, 0x07, 0x00, 0x3B, 0x03, 0x14, 0x05, 0x13, 0x05, 0x13,
    0x05, 0x0E, 0x0A, 0x0D, 0x0A, 0x12, 0x06, 0x12, 0x06, 0x13, 0x04, 0x14,
    0x06, 0x12, 0x06, 0x12, 0x06, 0x11, 0x07, 0x11, 0x07, 0x09, 0x00, 0x36,
    0x01, 0x17, 0x02, 0x03, 0x04, 0x0F, 0x03, 0x02, 0x04, 0x0F, 0x04, 0x01,
    0x05, 0x0F, 0x08, 0x11, 0x07, 0x11, 0x06, 0x12, 0x06, 0x13, 0x04, 0x14,
    0x05, 0x13, 0x06, 0x12, 0x06, 0x12, 0x06, 0x12, 0x06, 0x09, 0x00, 0x3C,
    0x01, 0x12, 0x02, 0x02, 0x04, 0x10, 0x02, 0x01, 0x05, 0x0F, 0x09, 0x10,
    0x08, 0x11, 0x07, 0x11, 0x06, 0x12, 0x06, 0x13, 0x04, 0x14, 0x06, 0x12,
    0x06, 0x12, 0x06, 0x12, 0x06, 0x12, 0x06, 0x09, 0x00, 0x21, 0x02, 0x15,
    0x06, 0x12, 0x07, 0x11, 0x07, 0x11, 0x07, 0x12, 0x07, 0x11, 0x07, 0x10,
    0x09, 0x0F, 0x09, 0x0F, 0x09, 0x0F, 0x09, 0x0F, 0x09, 0x10, 0x09, 0x0F,
    0x09, 0x0E, 0x09, 0x07, 0x00, 0x11, 0x02, 0x0F, 0x02, 0x05, 0x02, 0x0E,
    0x07, 0x02, 0x01, 0x0E, 0x0B, 0x0D, 0x0B, 0x0D, 0x08, 0x01, 0x03, 0x0C,
    0x0C, 0x0E, 0x0A, 0x0E, 0x09, 0x0E, 0x0A, 0x0F, 0x08, 0x10, 0x08, 0x10,
    0x09, 0x0D, 0x0B, 0x0D, 0x0B, 0x0D, 0x0A, 0x05, 0x00, 0x14, 0x02, 0x0E,
    0x05, 0x03, 0x02, 0x0E, 0x07, 0x01, 0x02, 0x0E, 0x07, 0x01, 0x03, 0x0C,
    0x08, 0x01, 0x03, 0x0D, 0x0B, 0x0D, 0x0B, 0x0E, 0x06, 0x01, 0x04, 0x0D,
    0x0A, 0x0E, 0x0A, 0x0E, 0x09, 0x0F, 0x08, 0x11, 0x08, 0x0D, 0x0B, 0x0D,
    0x0B, 0x0E, 0x09, 0x03, 0x00, 0x0E, 0x02, 0x05, 0x01, 0x0E, 0x07, 0x02,
    0x01, 0x0E, 0x08, 0x01, 0x02, 0x0D, 0x0B, 0x0D, 0x0C, 0x0C, 0x0C, 0x0D,
    0x07, 0x01, 0x03, 0x0E, 0x0A, 0x0E, 0x0A, 0x0E, 0x09, 0x0F, 0x08, 0x10,
    0x07, 0x0E, 0x0B, 0x0D, 0x0B, 0x0E, 0x0A, 0x0E, 0x09, 0x03, 0x00, 0xC0,
    0x01, 0x17, 0x01, 0xA7, 0x00, 0xC7, 0x09, 0x0F, 0x09, 0x98, 0x00, 0xB3,
    0x0D, 0x0C, 0x0C, 0xA8, 0x00, 0x8E, 0x02, 0x12, 0x06, 0x09, 0x38, 0x02,
    0x05, 0x06, 0x05, 0x02, 0x05, 0x01, 0x05, 0x06, 0x05, 0x01, 0x06, 0x01,
    0x05, 0x06, 0x05, 0x01, 0x06, 0x01, 0x05, 0x06, 0x05, 0x02, 0x05, 0x01,
    0x05, 0x06, 0x05, 0x02, 0x04, 0x03, 0x04, 0x06, 0x05, 0x02, 0x04, 0x03,
    0x03, 0x01, 0x00, 0x10, 0x08, 0x10, 0x08, 0x10, 0x08, 0x10, 0x08, 0x0F,
    0x09, 0x09, 0x01, 0x05, 0x09, 0x06, 0x06, 0x03, 0x09, 0x03, 0x0A, 0x03,
    0x11, 0x01, 0x04, 0x02, 0x17, 0x03, 0x24, 0x01, 0x02, 0x01, 0x10, 0x01,
    0x02, 0x02, 0x02, 0x01, 0x0F, 0x02, 0x02, 0x02, 0x02, 0x01, 0x0F, 0x02,
    0x02, 0x08, 0x0C, 0x0C, 0x0B, 0x00, 0x24, 0x07, 0x0F, 0x0A, 0x0E, 0x0A,
    0x0E, 0x0A, 0x0E, 0x0A, 0x07, 0x02, 0x05, 0x0A, 0x05, 0x06, 0x03, 0x09,
    0x05, 0x04, 0x01, 0x03, 0x02, 0x0A, 0x04, 0x01, 0x01, 0x07, 0x03, 0x08,
    0x04, 0x01, 0x01, 0x17, 0x01, 0x02, 0x01, 0x14, 0x01, 0x02, 0x01, 0x14,
    0x06, 0x11, 0x07, 0x02, 0x01, 0x01, 0x01, 0x08, 0x02, 0x01, 0x0B, 0x01,
    0x01, 0x08, 0x04, 0x00, 0x25, 0x06, 0x0F, 0x09, 0x0F, 0x09, 0x0F, 0x0A,
    0x0E, 0x0A, 0x07, 0x02, 0x05, 0x0A, 0x05, 0x06, 0x03, 0x08, 0x06, 0x04,
    0x01, 0x03, 0x02, 0x0A, 0x04, 0x01, 0x01, 0x07, 0x02, 0x09, 0x03, 0x02,
    0x01, 0x17, 0x01, 0x02, 0x01, 0x14, 0x01, 0x02, 0x01, 0x01, 0x01, 0x11,
    0x07, 0x0D, 0x01, 0x02, 0x08, 0x02, 0x01, 0x01, 0x01, 0x08, 0x01, 0x02,
    0x0D, 0x08, 0x04, 0x00, 0x23, 0x07, 0x10, 0x09, 0x0F, 0x09, 0x0E, 0x0B,
    0x0D, 0x0B, 0x07, 0x04, 0x03, 0x09, 0x05, 0x08, 0x02, 0x08, 0x06, 0x09,
    0x01, 0x02, 0x01, 0x06, 0x05, 0x0B, 0x01, 0x26, 0x01, 0x01, 0x01, 0x14,
    0x02, 0x01, 0x01, 0x04, 0x01, 0x0E, 0x07, 0x02, 0x01, 0x0A, 0x01, 0x03,
    0x08, 0x01, 0x01, 0x01, 0x01, 0x08, 0x01, 0x01, 0x0D, 0x09, 0x04, 0x00,
    0x0D, 0x04, 0x13, 0x07, 0x10, 0x08, 0x10, 0x08, 0x0F, 0x0A, 0x0E, 0x0A,
    0x07, 0x05, 0x05, 0x06, 0x05, 0x09, 0x04, 0x05, 0x06, 0x0A, 0x02, 0x07,
    0x04, 0x04, 0x01, 0x17, 0x01, 0x14, 0x01, 0x02, 0x01, 0x14, 0x08, 0x0C,
    0x01, 0x03, 0x08, 0x02, 0x01, 0x09, 0x01, 0x02, 0x0C, 0x08, 0x10, 0x08,
    0x05, 0x00, 0x0D, 0x04, 0x13, 0x06, 0x11, 0x08, 0x10, 0x08, 0x0F, 0x09,
    0x0F, 0x0A, 0x07, 0x04, 0x05, 0x06, 0x06, 0x08, 0x04, 0x06, 0x06, 0x09,
    0x03, 0x07, 0x03, 0x1D, 0x01, 0x14, 0x01, 0x02, 0x01, 0x02, 0x01, 0x11,
    0x02, 0x01, 0x04, 0x0D, 0x01, 0x01, 0x01, 0x01, 0x09, 0x01, 0x01, 0x09,
    0x01, 0x01, 0x0D, 0x08, 0x10, 0x08, 0x05, 0x00, 0x0A, 0x02, 0x14, 0x07,
    0x11, 0x07, 0x11, 0x07, 0x10, 0x08, 0x10, 0x07, 0x11, 0x07, 0x02, 0x03,
    0x0B, 0x0F, 0x08, 0x12, 0x04, 0x0F, 0x02, 0x04, 0x02, 0x04, 0x02, 0x09,
    0x05, 0x08, 0x02, 0x07, 0x09, 0x03, 0x06, 0x06, 0x09, 0x01, 0x07, 0x07,
    0x10, 0x08, 0x10, 0x08, 0x09, 0x00, 0x21, 0x06, 0x12, 0x08, 0x10, 0x08,
    0x0F, 0x09, 0x10, 0x08, 0x09, 0x03, 0x04, 0x08, 0x07, 0x07, 0x02, 0x07,
    0x02, 0x05, 0x01, 0x19, 0x03, 0x04, 0x01, 0x0C, 0x01, 0x02, 0x09, 0x06,
    0x08, 0x01, 0x09, 0x06, 0x12, 0x06, 0x11, 0x07, 0x11, 0x07, 0x11, 0x08,
    0x08, 0x00, 0x21, 0x05, 0x13, 0x07, 0x11, 0x08, 0x0F, 0x09, 0x0F, 0x09,
    0x11, 0x07, 0x08, 0x04, 0x04, 0x08, 0x01, 0x04, 0x02, 0x42, 0x02, 0x06,
    0x04, 0x0A, 0x0C, 0x0C, 0x0C, 0x0C, 0x0D, 0x03, 0x01, 0x07, 0x10, 0x09,
    0x07, 0x00, 0x21, 0x05, 0x13, 0x07, 0x11, 0x08, 0x0F, 0x09, 0x10, 0x08,
    0x11, 0x07, 0x03, 0x02, 0x03, 0x05, 0x03, 0x07, 0x02, 0x05, 0x01, 0x4A,
    0x05, 0x0A, 0x05, 0x01, 0x01, 0x01, 0x03, 0x0C, 0x0B, 0x05, 0x01, 0x07,
    0x0C, 0x02, 0x03, 0x07, 0x10, 0x09, 0x07, 0x00, 0x21, 0x06, 0x12, 0x08,
    0x10, 0x08, 0x0F, 0x09, 0x10, 0x08, 0x09, 0x02, 0x06, 0x07, 0x08, 0x05,
    0x03, 0x08, 0x01, 0x05, 0x01, 0x32, 0x01, 0x01, 0x01, 0x0E, 0x01, 0x05,
    0x04, 0x01, 0x01, 0x0A, 0x01, 0x01, 0x09, 0x0C, 0x0B, 0x05, 0x01, 0x07,
    0x0C, 0x02, 0x03, 0x07, 0x10, 0x09, 0x07, 0x00, 0x21, 0x06, 0x12, 0x08,
    0x10, 0x08, 0x0F, 0x09, 0x10, 0x08, 0x09, 0x02, 0x06, 0x07, 0x08, 0x05,
    0x03, 0x08, 0x02, 0x04, 0x01, 0x49, 0x04, 0x01, 0x01, 0x0D, 0x01, 0x03,
    0x04, 0x10, 0x03, 0x01, 0x03, 0x05, 0x01, 0x06, 0x01, 0x04, 0x07, 0x03,
    0x03, 0x06, 0x11, 0x08, 0x08, 0x00, 0x21, 0x06, 0x12, 0x08, 0x10, 0x08,
    0x0F, 0x09, 0x10, 0x08, 0x09, 0x02, 0x06, 0x04, 0x01, 0x02, 0x07, 0x06,
    0x03, 0x08, 0x02, 0x04, 0x01, 0x33, 0x01, 0x16, 0x03, 0x0E, 0x01, 0x04,
    0x06, 0x0D, 0x03, 0x02, 0x02, 0x12, 0x06, 0x05, 0x02, 0x06, 0x03, 0x03,
    0x0B, 0x08, 0x08, 0x00, 0x21, 0x07, 0x11, 0x08, 0x10, 0x08, 0x0F, 0x09,
    0x10, 0x08, 0x09, 0x01, 0x07, 0x07, 0x08, 0x04, 0x04, 0x08, 0x02, 0x04,
    0x01, 0x49, 0x01, 0x01, 0x02, 0x14, 0x05, 0x0D, 0x04, 0x01, 0x04, 0x10,
    0x06, 0x05, 0x02, 0x06, 0x02, 0x05, 0x0A, 0x08, 0x08, 0x00, 0x0A, 0x04,
    0x13, 0x08, 0x10, 0x08, 0x0F, 0x09, 0x0F, 0x09, 0x10, 0x08, 0x11, 0x04,
    0x01, 0x02, 0x08, 0x04, 0x04, 0x08, 0x02, 0x04, 0x01, 0x4A, 0x01, 0x01,
    0x01, 0x01, 0x01, 0x0A, 0x01, 0x03, 0x01, 0x02, 0x05, 0x0E, 0x09, 0x10,
    0x06, 0x05, 0x02, 0x06, 0x02, 0x05, 0x05, 0x02, 0x03, 0x08, 0x08, 0x00,
    0x09, 0x05, 0x13, 0x08, 0x10, 0x08, 0x0F, 0x09, 0x0F, 0x09, 0x0F, 0x09,
    0x10, 0x05, 0x01, 0x02, 0x07, 0x04, 0x05, 0x08, 0x02, 0x62, 0x01, 0x02,
    0x05, 0x0E, 0x08, 0x11, 0x06, 0x06, 0x01, 0x06, 0x02, 0x05, 0x04, 0x03,
    0x03, 0x08, 0x03, 0x03, 0x02, 0x00, 0x0A, 0x04, 0x13, 0x07, 0x10, 0x09,
    0x0F, 0x09, 0x0F, 0x09, 0x0F, 0x09, 0x10, 0x08, 0x07, 0x04, 0x05, 0x08,
    0x03, 0x4E, 0x01, 0x12, 0x01, 0x02, 0x03, 0x12, 0x02, 0x01, 0x01, 0x16,
    0x03, 0x05, 0x02, 0x06, 0x02, 0x05, 0x0A, 0x08, 0x08, 0x01, 0x23, 0x03,
    0x14, 0x05, 0x12, 0x08, 0x11, 0x05, 0x01, 0x01, 0x11, 0x01, 0x02, 0x01,
    0x02, 0x01, 0x17, 0x01, 0x12, 0x01, 0x15, 0x05, 0x13, 0x06, 0x12, 0x06,
    0x11, 0x01, 0x01, 0x05, 0x13, 0x04, 0x01, 0x01, 0x0F, 0x01, 0x02, 0x04,
    0x02, 0x01, 0x0A, 0x01, 0x06, 0x04, 0x06, 0x01, 0x0D, 0x04, 0x0A, 0x01,
    0x0B, 0x04, 0x13, 0x05, 0x12, 0x09, 0x10, 0x05, 0x01, 0x01, 0x13, 0x03,
    0x01, 0x01, 0x17, 0x01, 0x17, 0x01, 0x11, 0x03, 0x14, 0x06, 0x11, 0x08,
    0x10, 0x08, 0x10, 0x01, 0x01, 0x06, 0x12, 0x04, 0x14, 0x04, 0x02, 0x01,
    0x09, 0x01, 0x02, 0x01, 0x04, 0x04, 0x04, 0x01, 0x02, 0x01, 0x0B, 0x06,
    0x09, 0x01, 0x09, 0x0A, 0x0E, 0x0A, 0x0E, 0x07, 0x01, 0x01, 0x12, 0x04,
    0x01, 0x01, 0x17, 0x01, 0x17, 0x01, 0x10, 0x03, 0x0F, 0x01, 0x04, 0x06,
    0x04, 0x01, 0x0B, 0x0A, 0x0E, 0x0A, 0x0F, 0x08, 0x0F, 0x01, 0x01, 0x07,
    0x0F, 0x01, 0x01, 0x06, 0x01, 0x01, 0x10, 0x06, 0x0E, 0x01, 0x03, 0x06,
    0x03, 0x01, 0x05, 0x04, 0x05, 0x06, 0x05, 0x04, 0x01, 0x08, 0x02, 0x01,
    0x06, 0x02, 0x01, 0x0D, 0x01, 0x03, 0x03, 0x03, 0x01, 0x0F, 0x03, 0x05,
    0x02, 0x0E, 0x02, 0x06, 0x01, 0x0F, 0x02, 0x06, 0x01, 0x0C, 0x07, 0x03,
    0x01, 0x07, 0x01, 0x02, 0x01, 0x01, 0x0A, 0x01, 0x01, 0x02, 0x01, 0x07,
    0x0E, 0x3B, 0x0C, 0x0C, 0x01, 0x01, 0x0A, 0x0B, 0x02, 0x01, 0x08, 0x01,
    0x01, 0x0B, 0x01, 0x02, 0x08, 0x01, 0x01, 0x0A, 0x02, 0x02, 0x08, 0x02,
    0x02, 0x06, 0x02, 0x04, 0x08, 0x03, 0x03, 0x02, 0x01, 0x0B, 0x02, 0x09,
    0x02, 0x0A, 0x03, 0x09, 0x01, 0x09, 0x08, 0x0B, 0x01, 0x02, 0x0B, 0x03,
    0x01, 0x06, 0x01, 0x01, 0x10, 0x06, 0x12, 0x06, 0x12, 0x06, 0x12, 0x36,
    0x11, 0x07, 0x12, 0x06, 0x02, 0x01, 0x0F, 0x05, 0x03, 0x01, 0x0C, 0x01,
    0x02, 0x05, 0x02, 0x02, 0x0C, 0x01, 0x02, 0x03, 0x04, 0x02, 0x0C, 0x02,
    0x04, 0x01, 0x03, 0x12, 0x03, 0x16, 0x02, 0x77, 0x01, 0x0B, 0x07, 0x05,
    0x31, 0x62, 0x01, 0x16, 0x02, 0x12, 0x01, 0x02, 0x00, 0x45, 0x01, 0x5D,
    0x01, 0x01, 0x01, 0x02, 0x30, 0x13, 0x05, 0x90, 0x00, 0x16, 0x02, 0x17,
    0x01, 0x17, 0x01, 0x13, 0x01, 0x2F, 0x04, 0x0F, 0x09, 0x01, 0x17, 0x0F,
    0x0A, 0x12, 0x06, 0x12, 0x06, 0x13, 0x05, 0x13, 0x05, 0x0D, 0x02, 0x04,
    0x05, 0x0D, 0x05, 0x01, 0x05, 0x0F, 0x09, 0x00, 0x15, 0x03, 0x14, 0x04,
    0x12, 0x01, 0x01, 0x04, 0x12, 0x06, 0x11, 0x01, 0x01, 0x05, 0x0F, 0x03,
    0x06, 0x01, 0x03, 0x0E, 0x06, 0x01, 0x02, 0x10, 0x05, 0x01, 0x0D, 0x05,
    0x05, 0x01, 0x0E, 0x04, 0x05, 0x01, 0x0E, 0x03, 0x06, 0x01, 0x09, 0x03,
    0x02, 0x04, 0x01, 0x02, 0x02, 0x01, 0x0A, 0x0B, 0x0D, 0x01, 0x01, 0x07,
    0x0D, 0x0C, 0x0C, 0x0E, 0x01, 0x00, 0x0D, 0x05, 0x04, 0x01, 0x0F, 0x05,
    0x15, 0x05, 0x14, 0x05, 0x15, 0x04, 0x03, 0x02, 0x0A, 0x02, 0x0A, 0x02,
    0x01, 0x0C, 0x09, 0x02, 0x01, 0x0C, 0x08, 0x04, 0x08, 0x04, 0x08, 0x03,
    0x09, 0x03, 0x07, 0x01, 0x01, 0x03, 0x06, 0x01, 0x02, 0x06, 0x05, 0x04,
    0x06, 0x09, 0x05, 0x02, 0x08, 0x08, 0x0F, 0x0B, 0x0E, 0x08, 0x0F, 0x0A,
    0x05, 0x00, 0x0B, 0x06, 0x04, 0x01, 0x10, 0x04, 0x16, 0x03, 0x16, 0x04,
    0x10, 0x01, 0x06, 0x01, 0x01, 0x01, 0x04, 0x01, 0x0A, 0x02, 0x0A, 0x03,
    0x01, 0x0C, 0x08, 0x07, 0x03, 0x06, 0x08, 0x03, 0x08, 0x04, 0x09, 0x03,
    0x08, 0x03, 0x06, 0x01, 0x03, 0x03, 0x04, 0x02, 0x02, 0x05, 0x06, 0x05,
    0x05, 0x08, 0x0F, 0x0A, 0x0E, 0x0A, 0x0F, 0x08, 0x0F, 0x09, 0x06, 0x00,
    0x0C, 0x04, 0x0A, 0x03, 0x08, 0x04, 0x03, 0x01, 0x04, 0x05, 0x07, 0x05,
    0x07, 0x07, 0x02, 0x04, 0x03, 0x02, 0x04, 0x01, 0x07, 0x07, 0x03, 0x01,
    0x04, 0x02, 0x02, 0x02, 0x04, 0x06, 0x0C, 0x02, 0x06, 0x04, 0x0C, 0x03,
    0x05, 0x05, 0x0B, 0x03, 0x05, 0x05, 0x0B, 0x03, 0x01, 0x0A, 0x0A, 0x03,
    0x04, 0x08, 0x04, 0x02, 0x01, 0x05, 0x01, 0x09, 0x0F, 0x0A, 0x11, 0x06,
    0x12, 0x02, 0x01, 0x02, 0x13, 0x02, 0x02, 0x02, 0x09, 0x00, 0x03, 0x02,
    0x07, 0x0A, 0x06, 0x02, 0x07, 0x09, 0x07, 0x07, 0x06, 0x04, 0x01, 0x01,
    0x07, 0x05, 0x13, 0x05, 0x02, 0x01, 0x02, 0x01, 0x01, 0x01, 0x06, 0x02,
    0x04, 0x04, 0x07, 0x01, 0x06, 0x03, 0x03, 0x05, 0x07, 0x02, 0x04, 0x03,
    0x02, 0x04, 0x01, 0x02, 0x0C, 0x0C, 0x0C, 0x0D, 0x0B, 0x0B, 0x07, 0x01,
    0x03, 0x05, 0x02, 0x06, 0x12, 0x06, 0x13, 0x05, 0x13, 0x02, 0x01, 0x02,
    0x08, 0x02, 0x09, 0x02, 0x01, 0x02, 0x0B, 0x00, 0x0D, 0x08, 0x10, 0x08,
    0x15, 0x04, 0x0C, 0x04, 0x14, 0x04, 0x01, 0x01, 0x0B, 0x02, 0x05, 0x04,
    0x0D, 0x02, 0x04, 0x05, 0x01, 0x03, 0x08, 0x03, 0x02, 0x01, 0x01, 0x06,
    0x01, 0x02, 0x03, 0x02, 0x03, 0x03, 0x02, 0x06, 0x01, 0x03, 0x09, 0x03,
    0x01, 0x0C, 0x08, 0x03, 0x02, 0x08, 0x01, 0x03, 0x05, 0x05, 0x03, 0x08,
    0x02, 0x03, 0x0A, 0x08, 0x04, 0x03, 0x0A, 0x06, 0x07, 0x02, 0x0A, 0x01,
    0x02, 0x02, 0x08, 0x02, 0x08, 0x02, 0x02, 0x02, 0x0A, 0x00, 0x09, 0x01,
    0x05, 0x06, 0x0E, 0x01, 0x03, 0x06, 0x01, 0x01, 0x0C, 0x02, 0x04, 0x03,
    0x0D, 0x05, 0x04, 0x01, 0x0D, 0x05, 0x0E, 0x02, 0x04, 0x05, 0x0D, 0x02,
    0x04, 0x05, 0x0C, 0x03, 0x01, 0x09, 0x04, 0x01, 0x06, 0x03, 0x01, 0x0A,
    0x0A, 0x0B, 0x02, 0x02, 0x09, 0x06, 0x01, 0x09, 0x06, 0x05, 0x03, 0x06,
    0x03, 0x02, 0x04, 0x01, 0x08, 0x06, 0x03, 0x03, 0x0C, 0x06, 0x04, 0x03,
    0x0C, 0x01, 0x02, 0x02, 0x05, 0x03, 0x0A, 0x02, 0x02, 0x02, 0x06, 0x02,
    0x02, 0x00, 0x05, 0x01, 0x07, 0x06, 0x01, 0x01, 0x10, 0x08, 0x0B, 0x01,
    0x01, 0x03, 0x03, 0x01, 0x04, 0x01, 0x0B, 0x04, 0x01, 0x03, 0x04, 0x03,
    0x06, 0x01, 0x02, 0x08, 0x0A, 0x01, 0x02, 0x01, 0x02, 0x05, 0x01, 0x02,
    0x06, 0x01, 0x02, 0x03, 0x03, 0x04, 0x03, 0x02, 0x09, 0x03, 0x01, 0x06,
    0x03, 0x03, 0x08, 0x03, 0x02, 0x06, 0x02, 0x02, 0x09, 0x03, 0x02, 0x07,
    0x01, 0x02, 0x09, 0x0F, 0x07, 0x06, 0x02, 0x0A, 0x03, 0x01, 0x0A, 0x0A,
    0x0E, 0x05, 0x13, 0x02, 0x02, 0x01, 0x13, 0x02, 0x02, 0x02, 0x0A, 0x00,
    0x10, 0x05, 0x05, 0x02, 0x09, 0x01, 0x03, 0x06, 0x0C, 0x03, 0x04, 0x05,
    0x06, 0x02, 0x03, 0x04, 0x02, 0x05, 0x0D, 0x0A, 0x02, 0x01, 0x0B, 0x08,
    0x08, 0x02, 0x05, 0x08, 0x06, 0x01, 0x02, 0x02, 0x02, 0x09, 0x0A, 0x04,
    0x02, 0x07, 0x0C, 0x02, 0x04, 0x05, 0x0D, 0x02, 0x02, 0x08, 0x0A, 0x10,
    0x08, 0x07, 0x01, 0x09, 0x0A, 0x01, 0x03, 0x08, 0x11, 0x06, 0x12, 0x02,
    0x02, 0x02, 0x0A, 0x00, 0x01, 0x01, 0x03, 0x01, 0x08, 0x01, 0x05, 0x01,
    0x0E, 0x04, 0x13, 0x05, 0x11, 0x01, 0x01, 0x05, 0x05, 0x01, 0x05, 0x01,
    0x07, 0x05, 0x06, 0x01, 0x01, 0x01, 0x0A, 0x06, 0x03, 0x01, 0x01, 0x03,
    0x01, 0x03, 0x05, 0x0E, 0x01, 0x04, 0x05, 0x0C, 0x04, 0x0D, 0x01, 0x05,
    0x03, 0x01, 0x01, 0x04, 0x01, 0x0B, 0x08, 0x03, 0x04, 0x07, 0x0A, 0x03,
    0x03, 0x07, 0x0A, 0x04, 0x01, 0x0B, 0x08, 0x13, 0x05, 0x05, 0x03, 0x0C,
    0x06, 0x01, 0x04, 0x09, 0x08, 0x01, 0x01, 0x02, 0x01, 0x02, 0x02, 0x05,
    0x02, 0x13, 0x06, 0x03, 0x01, 0x0D, 0x06, 0x0D, 0x02, 0x03, 0x06, 0x12,
    0x05, 0x05, 0x01, 0x0D, 0x06, 0x04, 0x01, 0x02, 0x01, 0x03, 0x02, 0x04,
    0x07, 0x03, 0x01, 0x01, 0x04, 0x01, 0x03, 0x04, 0x10, 0x01, 0x04, 0x03,
    0x0D, 0x01, 0x01, 0x02, 0x12, 0x06, 0x03, 0x01, 0x0D, 0x07, 0x03, 0x04,
    0x07, 0x09, 0x04, 0x03, 0x0A, 0x07, 0x02, 0x03, 0x10, 0x05, 0x13, 0x04,
    0x05, 0x01, 0x0A, 0x07, 0x01, 0x01, 0x0B, 0x02, 0x03, 0x07, 0x08, 0x07,
    0x02, 0x07, 0x07, 0x07, 0x03, 0x07, 0x07, 0x07, 0x04, 0x06, 0x07, 0x06,
    0x05, 0x06, 0x07, 0x07, 0x04, 0x06, 0x07, 0x07, 0x04, 0x06, 0x07, 0x07,
    0x04, 0x06, 0x07, 0x0E, 0x05, 0x02, 0x03, 0x0B, 0x02, 0x01, 0x05, 0x0F,
    0x0B, 0x0E, 0x0D, 0x08, 0x10, 0x0C, 0x0A, 0x09, 0x02, 0x03, 0x09, 0x0A,
    0x0A, 0x00, 0x08, 0x05, 0x0D, 0x01, 0x04, 0x08, 0x0F, 0x0E, 0x09, 0x0F,
    0x08, 0x11, 0x06, 0x15, 0x03, 0x15, 0x02, 0x16, 0x02, 0x16, 0x01, 0x14,
    0x02, 0x01, 0x01, 0x14, 0x02, 0x01, 0x02, 0x14, 0x05, 0x0F, 0x01, 0x03,
    0x07, 0x03, 0x01, 0x01, 0x03, 0x03, 0x03, 0x03, 0x0F, 0x03, 0x03, 0x03,
    0x0E, 0x04, 0x03, 0x02, 0x03, 0x00, 0x07, 0x01, 0x05, 0x01, 0x03, 0x02,
    0x03, 0x01, 0x06, 0x02, 0x04, 0x03, 0x0F, 0x02, 0x02, 0x06, 0x01, 0x01,
    0x02, 0x01, 0x01, 0x01, 0x08, 0x0A, 0x01, 0x01, 0x01, 0x01, 0x01, 0x01,
    0x08, 0x0A, 0x01, 0x03, 0x09, 0x0F, 0x08, 0x12, 0x04, 0x01, 0x01, 0x15,
    0x02, 0x15, 0x03, 0x14, 0x03, 0x12, 0x03, 0x01, 0x01, 0x11, 0x02, 0x02,
    0x01, 0x01, 0x02, 0x10, 0x05, 0x01, 0x01, 0x0C, 0x01, 0x02, 0x07, 0x01,
    0x02, 0x02, 0x09, 0x03, 0x07, 0x01, 0x02, 0x02, 0x09, 0x03, 0x07, 0x01,
    0x00, 0x01, 0x08, 0x10, 0x0A, 0x0D, 0x0B, 0x01, 0x01, 0x02, 0x02, 0x07,
    0x0B, 0x01, 0x01, 0x02, 0x02, 0x07, 0x0E, 0x0A, 0x0F, 0x09, 0x0E, 0x0A,
    0x0E, 0x01, 0x02, 0x07, 0x13, 0x04, 0x13, 0x02, 0x01, 0x03, 0x11, 0x07,
    0x10, 0x08, 0x0C, 0x0C, 0x0B, 0x0D, 0x09, 0x0F, 0x09, 0x0F, 0x00, 0x03,
    0x01, 0x17, 0x06, 0x11, 0x08, 0x0B, 0x01, 0x04, 0x09, 0x0E, 0x0A, 0x09,
    0x01, 0x04, 0x0A, 0x0E, 0x0A, 0x0F, 0x09, 0x0E, 0x0B, 0x0E, 0x0B, 0x0C,
    0x0A, 0x0B, 0x02, 0x01, 0x0A, 0x0E, 0x0B, 0x0D, 0x0B, 0x08, 0x01, 0x03,
    0x0C, 0x0C, 0x0C, 0x0C, 0x00, 0x02, 0x01, 0x01, 0x03, 0x12, 0x06, 0x12,
    0x08, 0x0F, 0x09, 0x06, 0x01, 0x07, 0x0A, 0x0D, 0x01, 0x01, 0x09, 0x0A,
    0x01, 0x04, 0x0A, 0x0E, 0x09, 0x0F, 0x0A, 0x0E, 0x0A, 0x01, 0x01, 0x0C,
    0x0A, 0x0E, 0x0B, 0x0D, 0x0B, 0x0D, 0x0B, 0x0B, 0x01, 0x01, 0x0C, 0x0C,
    0x0D, 0x0B, 0x00, 0x03, 0x01, 0x01, 0x03, 0x0C, 0x02, 0x05, 0x07, 0x10,
    0x09, 0x0F, 0x09, 0x06, 0x01, 0x07, 0x0A, 0x0B, 0x0E, 0x0A, 0x02, 0x01,
    0x0A, 0x0F, 0x0B, 0x0D, 0x0A, 0x0E, 0x0B, 0x0D, 0x0A, 0x01, 0x01, 0x0C,
    0x0A, 0x0E, 0x0B, 0x0D, 0x0B, 0x0D, 0x0B, 0x0D, 0x0B, 0x0B, 0x00, 0x06,
    0x04, 0x12, 0x08, 0x0A, 0x02, 0x04, 0x08, 0x10, 0x09, 0x0D, 0x0B, 0x06,
    0x01, 0x06, 0x0B, 0x0E, 0x0A, 0x01, 0x01, 0x0C, 0x0C, 0x0C, 0x0A, 0x0E,
    0x0A, 0x0F, 0x09, 0x01, 0x02, 0x0C, 0x09, 0x0E, 0x0B, 0x0D, 0x0B, 0x0D,
    0x0B, 0x0C, 0x0D, 0x09, 0x00, 0x08, 0x03, 0x01, 0x01, 0x0F, 0x08, 0x10,
    0x08, 0x10, 0x09, 0x0D, 0x0B, 0x07, 0x01, 0x05, 0x0B, 0x07, 0x02, 0x05,
    0x0A, 0x0E, 0x0A, 0x0E, 0x0D, 0x01, 0x01, 0x0A, 0x0B, 0x0C, 0x0A, 0x0E,
    0x0A, 0x03, 0x01, 0x0A, 0x0B, 0x0D, 0x0B, 0x0D, 0x0B, 0x0C, 0x0C, 0x0A,
    0x00, 0x08, 0x01, 0x13, 0x05, 0x04, 0x02, 0x0C, 0x08, 0x0F, 0x09, 0x01,
    0x01, 0x0D, 0x09, 0x0E, 0x0A, 0x0B, 0x01, 0x02, 0x0B, 0x0A, 0x01, 0x03,
    0x0A, 0x0D, 0x0A, 0x02, 0x01, 0x0A, 0x0B, 0x05, 0x01, 0x03, 0x01, 0x05,
    0x09, 0x02, 0x02, 0x05, 0x01, 0x05, 0x09, 0x01, 0x03, 0x0A, 0x0E, 0x03,
    0x01, 0x06, 0x0E, 0x0A, 0x0E, 0x09, 0x0E, 0x0A, 0x00, 0x05, 0x02, 0x0C,
    0x01, 0x05, 0x07, 0x11, 0x08, 0x06, 0x01, 0x08, 0x09, 0x0F, 0x0A, 0x01,
    0x03, 0x0A, 0x09, 0x01, 0x03, 0x0B, 0x0C, 0x0B, 0x0B, 0x0D, 0x0B, 0x04,
    0x01, 0x09, 0x0A, 0x0E, 0x13, 0x05, 0x13, 0x04, 0x15, 0x04, 0x14, 0x04,
    0x14, 0x04, 0x12, 0x06, 0x00, 0x05, 0x03, 0x0D, 0x01, 0x05, 0x07, 0x0B,
    0x01, 0x04, 0x08, 0x07, 0x01, 0x08, 0x09, 0x0D, 0x0B, 0x0D, 0x0B, 0x0E,
    0x0A, 0x03, 0x02, 0x03, 0x01, 0x06, 0x09, 0x07, 0x02, 0x05, 0x0A, 0x0E,
    0x0B, 0x0E, 0x0A, 0x0E, 0x0A, 0x07, 0x01, 0x05, 0x0B, 0x0D, 0x0C, 0x0C,
    0x11, 0x07, 0x14, 0x03, 0x00, 0x07, 0x02, 0x13, 0x07, 0x11, 0x08, 0x0F,
    0x09, 0x08, 0x01, 0x06, 0x09, 0x0E, 0x0B, 0x0D, 0x0B, 0x03, 0x01, 0x0A,
    0x0A, 0x03, 0x01, 0x0A, 0x0A, 0x0E, 0x0A, 0x0D, 0x0B, 0x0F, 0x0D, 0x0A,
    0x10, 0x01, 0x01, 0x06, 0x11, 0x07, 0x12, 0x06, 0x12, 0x03, 0x00, 0x09,
    0x02, 0x04, 0x01, 0x0E, 0x05, 0x11, 0x08, 0x10, 0x09, 0x0F, 0x09, 0x04,
    0x01, 0x03, 0x02, 0x04, 0x0A, 0x02, 0x01, 0x0B, 0x0B, 0x01, 0x01, 0x0C,
    0x0A, 0x0E, 0x0A, 0x0E, 0x0B, 0x0D, 0x09, 0x05, 0x01, 0x09, 0x0E, 0x08,
    0x01, 0x01, 0x0F, 0x08, 0x11, 0x02, 0x01, 0x04, 0x12, 0x05, 0x14, 0x02,
    0x00, 0x05, 0x03, 0x15, 0x04, 0x07, 0x02, 0x09, 0x07, 0x10, 0x09, 0x0F,
    0x0A, 0x06, 0x02, 0x06, 0x0A, 0x0B, 0x01, 0x02, 0x09, 0x05, 0x01, 0x08,
    0x0A, 0x04, 0x02, 0x09, 0x09, 0x0E, 0x0A, 0x0D, 0x0B, 0x0D, 0x01, 0x01,
    0x09, 0x01, 0x04, 0x03, 0x01, 0x05, 0x12, 0x06, 0x13, 0x05, 0x14, 0x04,
    0x15, 0x02, 0x00, 0x05, 0x03, 0x11, 0x07, 0x0A, 0x01, 0x05, 0x09, 0x0F,
    0x09, 0x0F, 0x0B, 0x0D, 0x0A, 0x0E, 0x0A, 0x06, 0x02, 0x02, 0x01, 0x03,
    0x09, 0x07, 0x02, 0x06, 0x09, 0x0F, 0x09, 0x05, 0x01, 0x09, 0x0A, 0x0E,
    0x0A, 0x0A, 0x01, 0x03, 0x0B, 0x0D, 0x11, 0x07, 0x13, 0x02, 0x01, 0x02,
    0x15, 0x03, 0x01, 0x01, 0x05, 0x02, 0x10, 0x01, 0x02, 0x07, 0x0F, 0x09,
    0x0F, 0x09, 0x0F, 0x0B, 0x0D, 0x0B, 0x0D, 0x0A, 0x05, 0x01, 0x08, 0x09,
    0x06, 0x01, 0x08, 0x09, 0x0F, 0x09, 0x0E, 0x0A, 0x0E, 0x10, 0x09, 0x11,
    0x07, 0x12, 0x06, 0x13, 0x05, 0x14, 0x03, 0x00, 0x07, 0x02, 0x15, 0x03,
    0x10, 0x01, 0x02, 0x06, 0x10, 0x09, 0x09, 0x01, 0x05, 0x0B, 0x0B, 0x01,
    0x01, 0x0B, 0x0D, 0x0A, 0x03, 0x02, 0x0A, 0x09, 0x09, 0x01, 0x05, 0x08,
    0x10, 0x08, 0x10, 0x09, 0x0E, 0x10, 0x08, 0x12, 0x07, 0x12, 0x06, 0x12,
    0x06, 0x13, 0x02, 0x00, 0x08, 0x02, 0x16, 0x03, 0x12, 0x07, 0x10, 0x08,
    0x0A, 0x01, 0x04, 0x0B, 0x0D, 0x0D, 0x0B, 0x0A, 0x01, 0x02, 0x0B, 0x0A,
    0x0E, 0x0A, 0x0A, 0x01, 0x05, 0x07, 0x08, 0x01, 0x02, 0x01, 0x04, 0x0D,
    0x03, 0x01, 0x07, 0x0F, 0x09, 0x11, 0x07, 0x12, 0x04, 0x15, 0x02, 0x16,
    0x01, 0x00, 0x07, 0x01, 0x14, 0x05, 0x11, 0x08, 0x02, 0x01, 0x0D, 0x09,
    0x0F, 0x0A, 0x0B, 0x01, 0x02, 0x0A, 0x0E, 0x09, 0x03, 0x02, 0x08, 0x0A,
    0x04, 0x01, 0x0B, 0x09, 0x0F, 0x08, 0x0D, 0x01, 0x02, 0x0A, 0x09, 0x01,
    0x03, 0x0B, 0x0D, 0x0B, 0x02, 0x01, 0x0A, 0x12, 0x06, 0x14, 0x04, 0x15,
    0x02, 0x00, 0x05, 0x02, 0x0D, 0x01, 0x04, 0x06, 0x11, 0x08, 0x10, 0x09,
    0x0F, 0x0A, 0x0E, 0x0A, 0x04, 0x02, 0x08, 0x09, 0x05, 0x02, 0x08, 0x09,
    0x0F, 0x09, 0x0F, 0x08, 0x10, 0x0A, 0x0E, 0x10, 0x08, 0x12, 0x06, 0x13,
    0x05, 0x14, 0x04, 0x15, 0x03, 0x00, 0x02, 0x02, 0x14, 0x05, 0x13, 0x06,
    0x12, 0x07, 0x11, 0x09, 0x0F, 0x09, 0x02, 0x02, 0x0B, 0x08, 0x01, 0x02,
    0x01, 0x01, 0x0B, 0x08, 0x10, 0x07, 0x11, 0x07, 0x11, 0x07, 0x11, 0x08,
    0x10, 0x08, 0x02, 0x05, 0x09, 0x12, 0x06, 0x13, 0x05, 0x14, 0x04, 0x00,
    0x30, 0x02, 0x16, 0x03, 0x15, 0x04, 0x14, 0x07, 0x04, 0x02, 0x0B, 0x07,
    0x04, 0x02, 0x0B, 0x06, 0x12, 0x06, 0x12, 0x06, 0x12, 0x06, 0x12, 0x07,
    0x11, 0x07, 0x11, 0x05, 0x13, 0x07, 0x11, 0x07, 0x11, 0x00, 0x60, 0x01,
    0x01, 0x03, 0x13, 0x05, 0x05, 0x02, 0x0C, 0x05, 0x05, 0x02, 0x0C, 0x05,
    0x05, 0x03, 0x0B, 0x05, 0x06, 0x02, 0x0B, 0x04, 0x14, 0x04, 0x14, 0x04,
    0x14, 0x03, 0x15, 0x03, 0x15, 0x04, 0x14, 0x04, 0x14, 0x00, 0x98, 0x04,
    0x14, 0x06, 0x13, 0x05, 0x14, 0x05, 0x15, 0x02, 0x82, 0x00, 0x6D, 0x02,
    0x14, 0x04, 0x13, 0x05, 0x13, 0x05, 0x12, 0x05, 0x13, 0x05, 0x12, 0x05,
    0x14, 0x03, 0x6C, 0x00, 0x50, 0x01, 0x17, 0x03, 0x15, 0x05, 0x13, 0x06,
    0x13, 0x06, 0x12, 0x07, 0x12, 0x07, 0x12, 0x06, 0x14, 0x04, 0x15, 0x02,
    0x50, 0x00, 0x7E, 0x06, 0x11, 0x0D, 0x0B, 0x0E, 0x0A, 0x0E, 0x0C, 0x0C,
    0x95, 0x00, 0x80, 0x04, 0x01, 0x04, 0x0E, 0x0B, 0x0C, 0x0C, 0x0C, 0x0B,
    0x0C, 0x0A, 0x0F, 0x07, 0x12, 0x03, 0x6E, 0x00, 0x6C, 0x01, 0x15, 0x03,
    0x15, 0x05, 0x12, 0x06, 0x12, 0x06, 0x11, 0x07, 0x12, 0x06, 0x12, 0x05,
    0x14, 0x03, 0x53, 0x00, 0x6D, 0x02, 0x15, 0x03, 0x15, 0x03, 0x10, 0x04,
    0x01, 0x06, 0x0C, 0x0C, 0x0C, 0x0C, 0x0D, 0x0B, 0x10, 0x07, 0x67, 0x00,
    0x54, 0x04, 0x14, 0x04, 0x14, 0x01, 0x01, 0x02, 0x14, 0x04, 0x03, 0x01,
    0x10, 0x04, 0x02, 0x02, 0x07, 0x11, 0x07, 0x11, 0x08, 0x0F, 0x0C, 0x0B,
    0x66, 0x00, 0x25, 0x02, 0x14, 0x05, 0x13, 0x05, 0x13, 0x06, 0x12, 0x05,
    0x13, 0x05, 0x04, 0x03, 0x0C, 0x05, 0x01, 0x05, 0x02, 0x16, 0x02, 0x15,
    0x04, 0x13, 0x07, 0x10, 0x0B, 0x02, 0x05, 0x05, 0x15, 0x02, 0x37, 0x00,
    0x08, 0x02, 0x03, 0x03, 0x10, 0x02, 0x03, 0x03, 0x10, 0x02, 0x02, 0x05,
    0x0F, 0x02, 0x01, 0x06, 0x0F, 0x09, 0x06, 0x01, 0x08, 0x09, 0x02, 0x05,
    0x0A, 0x0E, 0x06, 0x59, 0x01, 0x16, 0x02, 0x15, 0x0B, 0x0C, 0x10, 0x06,
    0x1E, 0x00, 0x04, 0x03, 0x02, 0x07, 0x0C, 0x02, 0x01, 0x09, 0x0C, 0x02,
    0x01, 0x09, 0x0D, 0x0B, 0x0E, 0x09, 0x05, 0x04, 0x09, 0x0F, 0x04, 0x8A,
    0x02, 0x14, 0x04, 0x12, 0x06, 0x0F, 0x0B, 0x08, 0x0E, 0x00, 0x03, 0x03,
    0x04, 0x05, 0x0C, 0x03, 0x05, 0x05, 0x0C, 0x02, 0x04, 0x06, 0x0C, 0x02,
    0x02, 0x08, 0x0C, 0x02, 0x01, 0x09, 0x0C, 0x0C, 0x06, 0x02, 0x06, 0x0A,
    0x02, 0x06, 0x0A, 0x0E, 0x05, 0x8A, 0x01, 0x16, 0x02, 0x14, 0x04, 0x00,
    0x01, 0x04, 0x05, 0x0E, 0x01, 0x03, 0x06, 0x0E, 0x01, 0x03, 0x06, 0x07,
    0x08, 0x03, 0x06, 0x05, 0x0B, 0x03, 0x06, 0x04, 0x0B, 0x03, 0x05, 0x06,
    0x0A, 0x03, 0x03, 0x08, 0x0A, 0x03, 0x02, 0x09, 0x0B, 0x02, 0x02, 0x09,
    0x0B, 0x03, 0x01, 0x09, 0x04, 0x04, 0x07, 0x08, 0x01, 0x08, 0x06, 0x72,
    0x00, 0x01, 0x04, 0x05, 0x05, 0x0A, 0x07, 0x01, 0x06, 0x0A, 0x0E, 0x09,
    0x04, 0x04, 0x07, 0x09, 0x04, 0x06, 0x0A, 0x04, 0x03, 0x07, 0x05, 0x01,
    0x0B, 0x07, 0x09, 0x02, 0x06, 0x07, 0x07, 0x07, 0x04, 0x06, 0x05, 0x0A,
    0x03, 0x06, 0x05, 0x0A, 0x03, 0x05, 0x07, 0x09, 0x03, 0x03, 0x09, 0x09,
    0x03, 0x02, 0x0B, 0x08, 0x02, 0x02, 0x0C, 0x09, 0x0F, 0x02, 0x05, 0x03,
    0x15, 0x00, 0x24, 0x01, 0x0C, 0x03, 0x06, 0x05, 0x09, 0x06, 0x03, 0x06,
    0x09, 0x10, 0x08, 0x04, 0x03, 0x08, 0x09, 0x03, 0x06, 0x07, 0x08, 0x03,
    0x07, 0x0B, 0x03, 0x03, 0x07, 0x11, 0x07, 0x09, 0x03, 0x05, 0x07, 0x07,
    0x07, 0x03, 0x08, 0x04, 0x09, 0x04, 0x06, 0x06, 0x09, 0x03, 0x04, 0x09,
    0x08, 0x03, 0x03, 0x0A, 0x08, 0x02, 0x03, 0x0B, 0x07, 0x00, 0x3B, 0x03,
    0x0B, 0x03, 0x06, 0x05, 0x09, 0x07, 0x02, 0x07, 0x08, 0x04, 0x01, 0x0A,
    0x09, 0x04, 0x04, 0x07, 0x09, 0x03, 0x07, 0x08, 0x06, 0x03, 0x08, 0x0B,
    0x02, 0x03, 0x07, 0x11, 0x07, 0x0A, 0x03, 0x04, 0x08, 0x06, 0x07, 0x03,
    0x08, 0x05, 0x09, 0x03, 0x06, 0x07, 0x08, 0x03, 0x05, 0x08, 0x08, 0x03,
    0x04, 0x09, 0x07, 0x00, 0x3A, 0x04, 0x0A, 0x04, 0x06, 0x05, 0x09, 0x06,
    0x03, 0x06, 0x09, 0x0F, 0x09, 0x04, 0x03, 0x08, 0x09, 0x03, 0x06, 0x0C,
    0x03, 0x03, 0x07, 0x11, 0x07, 0x0A, 0x01, 0x06, 0x07, 0x09, 0x05, 0x03,
    0x08, 0x05, 0x08, 0x04, 0x07, 0x05, 0x09, 0x03, 0x06, 0x07, 0x08, 0x03,
    0x05, 0x08, 0x09, 0x02, 0x04, 0x09, 0x07, 0x00, 0x23, 0x02, 0x14, 0x05,
    0x0A, 0x05, 0x03, 0x06, 0x0A, 0x0E, 0x0A, 0x04, 0x02, 0x09, 0x09, 0x04,
    0x05, 0x0C, 0x03, 0x03, 0x06, 0x12, 0x07, 0x0A, 0x02, 0x05, 0x07, 0x09,
    0x05, 0x03, 0x07, 0x06, 0x08, 0x04, 0x07, 0x05, 0x09, 0x03, 0x06, 0x07,
    0x08, 0x04, 0x04, 0x08, 0x09, 0x03, 0x03, 0x09, 0x09, 0x03, 0x02, 0x0A,
    0x07, 0x00, 0x24, 0x01, 0x14, 0x06, 0x0A, 0x04, 0x03, 0x07, 0x0A, 0x0E,
    0x0A, 0x04, 0x01, 0x09, 0x09, 0x04, 0x05, 0x0C, 0x03, 0x04, 0x05, 0x13,
    0x06, 0x0B, 0x01, 0x06, 0x06, 0x09, 0x06, 0x03, 0x07, 0x05, 0x09, 0x03,
    0x07, 0x05, 0x09, 0x04, 0x04, 0x08, 0x09, 0x03, 0x02, 0x0B, 0x08, 0x03,
    0x01, 0x0B, 0x0A, 0x0E, 0x07, 0x00, 0x26, 0x04, 0x09, 0x02, 0x08, 0x06,
    0x08, 0x05, 0x04, 0x07, 0x08, 0x10, 0x08, 0x04, 0x02, 0x0B, 0x06, 0x05,
    0x06, 0x0A, 0x03, 0x04, 0x08, 0x0A, 0x02, 0x04, 0x08, 0x07, 0x01, 0x02,
    0x02, 0x04, 0x08, 0x0A, 0x02, 0x04, 0x08, 0x0A, 0x03, 0x03, 0x09, 0x06,
    0x06, 0x04, 0x08, 0x06, 0x06, 0x04, 0x07, 0x08, 0x06, 0x04, 0x04, 0x0A,
    0x06, 0x04, 0x02, 0x0C, 0x02, 0x00, 0x15, 0x03, 0x06, 0x03, 0x0A, 0x05,
    0x06, 0x06, 0x06, 0x06, 0x06, 0x12, 0x06, 0x05, 0x02, 0x0B, 0x05, 0x06,
    0x06, 0x07, 0x05, 0x05, 0x09, 0x05, 0x05, 0x05, 0x09, 0x05, 0x05, 0x05,
    0x0A, 0x04, 0x05, 0x05, 0x09, 0x05, 0x05, 0x05, 0x09, 0x05, 0x05, 0x05,
    0x0A, 0x04, 0x06, 0x04, 0x0B, 0x03, 0x06, 0x04, 0x0C, 0x02, 0x06, 0x05,
    0x0A, 0x03, 0x07, 0x04, 0x08, 0x05, 0x00, 0x08, 0x10, 0x07, 0x08, 0x03,
    0x06, 0x07, 0x08, 0x10, 0x07, 0x11, 0x07, 0x11, 0x06, 0x11, 0x07, 0x11,
    0x07, 0x11, 0x07, 0x12, 0x06, 0x12, 0x06, 0x12, 0x06, 0x12, 0x06, 0x12,
    0x06, 0x12, 0x07, 0x12, 0x06, 0x0A, 0x00, 0x08, 0x0E, 0x0A, 0x0E, 0x0A,
    0x0E, 0x0A, 0x0E, 0x0A, 0x0D, 0x0B, 0x0D, 0x0B, 0x0D, 0x0B, 0x0D, 0x0B,
    0x0D, 0x0B, 0x0D, 0x0B, 0x0D, 0x0B, 0x0D, 0x0B, 0x0D, 0x0C, 0x0C, 0x0C,
    0x0C, 0x0C, 0x0C, 0x03, 0x00, 0x0C, 0x0C, 0x0C, 0x0C, 0x0C, 0x0C, 0x0C,
    0x0C, 0x0C, 0x0C, 0x0C, 0x0C, 0x0C, 0x0C, 0x0C, 0x0C, 0x0C, 0x0C, 0x0C,
    0x0C, 0x0C, 0x0C, 0x0C, 0x0C, 0x0C, 0x0C, 0x0C, 0x0C, 0x0C, 0x0C, 0x0C,
    0x0C, 0x00, 0x0C, 0x0C, 0x0C, 0x0C, 0x0C, 0x0C, 0x0C, 0x0C, 0x0C, 0x0C,
    0x0C, 0x0C, 0x0C, 0x0C, 0x0C, 0x0C, 0x0C, 0x0C, 0x0C, 0x0C, 0x0C, 0x0C,
    0x0C, 0x0C, 0x0C, 0x0C, 0x0A, 0x0E, 0x07, 0x05, 0x01, 0x0B, 0x07, 0x05,
    0x02, 0x0A, 0x00, 0x0C, 0x0C, 0x0C, 0x0C, 0x0C, 0x0C, 0x0C, 0x0C, 0x0C,
    0x0C, 0x0C, 0x0C, 0x0C, 0x0C, 0x0C, 0x0C, 0x0C, 0x0C, 0x09, 0x0F, 0x08,
    0x04, 0x02, 0x0A, 0x08, 0x04, 0x02, 0x0A, 0x09, 0x03, 0x02, 0x0A, 0x09,
    0x03, 0x02, 0x0A, 0x09, 0x03, 0x02, 0x0A, 0x09, 0x03, 0x02, 0x0A, 0x00,
    0x0C, 0x0C, 0x0C, 0x0C, 0x0C, 0x0C, 0x0C, 0x0C, 0x0C, 0x0C, 0x0A, 0x0E,
    0x08, 0x04, 0x01, 0x0B, 0x08, 0x04, 0x02, 0x0A, 0x09, 0x03, 0x02, 0x0A,
    0x09, 0x03, 0x01, 0x0B, 0x09, 0x03, 0x02, 0x0A, 0x09, 0x03, 0x02, 0x0A,
    0x09, 0x03, 0x02, 0x0A, 0x09, 0x03, 0x02, 0x0A, 0x09, 0x03, 0x02, 0x0A,
    0x09, 0x03, 0x02, 0x0A, 0x00, 0x0C, 0x0C, 0x0C, 0x0C, 0x0C, 0x0C, 0x0B,
    0x0D, 0x09, 0x0F, 0x09, 0x03, 0x02, 0x0A, 0x09, 0x03, 0x02, 0x0A, 0x09,
    0x0F, 0x09, 0x0F, 0x09, 0x03, 0x02, 0x0A, 0x09, 0x03, 0x02, 0x0A, 0x09,
    0x03, 0x02, 0x0A, 0x09, 0x03, 0x02, 0x0A, 0x09, 0x03, 0x02, 0x0A, 0x09,
    0x03, 0x02, 0x0A, 0x08, 0x04, 0x02, 0x0A, 0x00, 0x0C, 0x0C, 0x0C, 0x0C,
    0x0C, 0x0C, 0x0C, 0x0C, 0x09, 0x0F, 0x09, 0x03, 0x02, 0x0A, 0x09, 0x03,
    0x02, 0x0A, 0x09, 0x03, 0x01, 0x0B, 0x09, 0x0F, 0x09, 0x03, 0x01, 0x0B,
    0x09, 0x03, 0x02, 0x0A, 0x09, 0x03, 0x02, 0x0A, 0x09, 0x03, 0x02, 0x0A,
    0x09, 0x03, 0x02, 0x0A, 0x09, 0x03, 0x02, 0x0A, 0x09, 0x03, 0x02, 0x0A,
    0x00, 0x0C, 0x0C, 0x0C, 0x0C, 0x0C, 0x0C, 0x0C, 0x0C, 0x09, 0x0F, 0x09,
    0x03, 0x02, 0x0A, 0x09, 0x03, 0x02, 0x0A, 0x09, 0x03, 0x01, 0x0B, 0x09,
    0x0F, 0x09, 0x03, 0x02, 0x0A, 0x09, 0x03, 0x02, 0x0A, 0x09, 0x03, 0x02,
    0x0A, 0x09, 0x03, 0x02, 0x0A, 0x09, 0x03, 0x02, 0x0A, 0x09, 0x03, 0x02,
    0x0A, 0x09, 0x03, 0x02, 0x0A, 0x00, 0x0C, 0x0C, 0x0C, 0x0C, 0x0C, 0x0C,
    0x0C, 0x0C, 0x0A, 0x0E, 0x0A, 0x02, 0x01, 0x0B, 0x09, 0x03, 0x02, 0x0A,
    0x09, 0x03, 0x02, 0x0A, 0x09, 0x0F, 0x0A, 0x02, 0x02, 0x0A, 0x09, 0x03,
    0x02, 0x0A, 0x08, 0x04, 0x03, 0x09, 0x09, 0x03, 0x02, 0x0A, 0x09, 0x03,
    0x02, 0x0A, 0x09, 0x03, 0x02, 0x0A, 0x09, 0x03, 0x02, 0x0A, 0x00, 0x0C,
    0x0C, 0x0C, 0x0C, 0x0C, 0x0C, 0x0C, 0x0C, 0x0B, 0x0D, 0x0A, 0x02, 0x02,
    0x0A, 0x0A, 0x02, 0x02, 0x0A, 0x09, 0x03, 0x02, 0x0A, 0x0A, 0x0E, 0x0A,
    0x02, 0x01, 0x0B, 0x0A, 0x02, 0x03, 0x09, 0x0A, 0x02, 0x02, 0x0A, 0x0A,
    0x02, 0x01, 0x0B, 0x0A, 0x02, 0x02, 0x0A, 0x09, 0x03, 0x02, 0x0A, 0x09,
    0x03, 0x02, 0x0A, 0x00, 0x0C, 0x0C, 0x0B, 0x0D, 0x0B, 0x0D, 0x0B, 0x0D,
    0x0B, 0x0D, 0x0B, 0x0D, 0x0B, 0x0D, 0x0A, 0x0E, 0x09, 0x0F, 0x09, 0x0F,
    0x08, 0x04, 0x01, 0x0B, 0x09, 0x03, 0x01, 0x0B, 0x09, 0x0F, 0x09, 0x03,
    0x01, 0x0B, 0x0A, 0x02, 0x01, 0x0B, 0x0A, 0x02, 0x02, 0x0A, 0x00, 0x0B,
    0x0D, 0x0A, 0x0E, 0x09, 0x0F, 0x09, 0x0F, 0x09, 0x0F, 0x0A, 0x0E, 0x0A,
    0x0E, 0x0A, 0x0E, 0x09, 0x0F, 0x09, 0x0F, 0x09, 0x0F, 0x08, 0x04, 0x01,
    0x0B, 0x08, 0x04, 0x01, 0x0B, 0x08, 0x04, 0x01, 0x0B, 0x08, 0x10, 0x08,
    0x04, 0x01, 0x0B, 0x00, 0x0B, 0x0D, 0x0B, 0x0D, 0x09, 0x0F, 0x09, 0x0F,
    0x09, 0x0F, 0x0A, 0x0E, 0x0A, 0x0E, 0x09, 0x0F, 0x09, 0x0F, 0x09, 0x0F,
    0x08, 0x10, 0x08, 0x10, 0x08, 0x04, 0x01, 0x0B, 0x08, 0x10, 0x08, 0x10,
    0x08, 0x04, 0x01, 0x0B, 0x00, 0x0A, 0x0E, 0x09, 0x0F, 0x09, 0x0F, 0x09,
    0x0F, 0x09, 0x0F, 0x09, 0x0F, 0x08, 0x10, 0x08, 0x10, 0x08, 0x10, 0x08,
    0x10, 0x07, 0x04, 0x01, 0x0C, 0x07, 0x04, 0x01, 0x0C, 0x07, 0x11, 0x07,
    0x11, 0x07, 0x04, 0x01, 0x0C, 0x07, 0x04, 0x01, 0x0C, 0x00, 0x08, 0x10,
    0x08, 0x10, 0x08, 0x10, 0x08, 0x10, 0x08, 0x10, 0x08, 0x10, 0x08, 0x02,
    0x02, 0x0C, 0x08, 0x01, 0x03, 0x0C, 0x08, 0x02, 0x02, 0x0C, 0x08, 0x02,
    0x02, 0x0C, 0x08, 0x02, 0x03, 0x0B, 0x07, 0x04, 0x02, 0x0B, 0x06, 0x05,
    0x02, 0x0B, 0x06, 0x04, 0x02, 0x0C, 0x07, 0x02, 0x03, 0x0C, 0x08, 0x01,
    0x04, 0x0B, 0x00, 0x07, 0x11, 0x07, 0x11, 0x07, 0x11, 0x07, 0x11, 0x06,
    0x02, 0x03, 0x0D, 0x06, 0x02, 0x02, 0x0E, 0x04, 0x14, 0x02, 0x06, 0x02,
    0x0E, 0x04, 0x04, 0x03, 0x0D, 0x07, 0x01, 0x01, 0x02, 0x01, 0x0C, 0x06,
    0x02, 0x01, 0x0F, 0x06, 0x02, 0x01, 0x0F, 0x06, 0x02, 0x02, 0x0E, 0x06,
    0x02, 0x03, 0x0D, 0x05, 0x03, 0x03, 0x0D, 0x05, 0x13, 0x00, 0x0D, 0x0B,
    0x0D, 0x0B, 0x0D, 0x0B, 0x0C, 0x02, 0x02, 0x08, 0x0A, 0x04, 0x02, 0x08,
    0x09, 0x05, 0x01, 0x2F, 0x01, 0x02, 0x01, 0x06, 0x07, 0x0A, 0x01, 0x06,
    0x09, 0x0F, 0x0A, 0x0E, 0x0A, 0x0E, 0x0A, 0x04, 0x01, 0x09, 0x09, 0x05,
    0x01, 0x09, 0x09, 0x05, 0x01, 0x09, 0x0A, 0x0E, 0x00, 0x9F, 0x09, 0x0F,
    0x09, 0xC0, 0x00, 0xBA, 0x05, 0x13, 0x06, 0x14, 0x04, 0x90, 0x00, 0x9E,
    0x03, 0x15, 0x05, 0x13, 0x06, 0x12, 0x07, 0x12, 0x07, 0x11, 0x08, 0x11,
    0x08, 0x12, 0x06, 0x13, 0x05, 0x14, 0x04, 0x00, 0x3B, 0x02, 0x15, 0x04,
    0x14, 0x05, 0x13, 0x06, 0x13, 0x05, 0x13, 0x06, 0x12, 0x06, 0x12, 0x06,
    0x13, 0x04, 0x14, 0x05, 0x13, 0x05, 0x13, 0x05, 0x13, 0x05, 0x13, 0x05,
    0x07, 0x00, 0x21, 0x03, 0x15, 0x04, 0x14, 0x05, 0x13, 0x05, 0x14, 0x05,
    0x13, 0x05, 0x13, 0x06, 0x12, 0x06, 0x12, 0x06, 0x12, 0x04, 0x14, 0x04,
    0x14, 0x04, 0x14, 0x04, 0x14, 0x04, 0x14, 0x04, 0x0A, 0x00, 0x21, 0x03,
    0x15, 0x04, 0x14, 0x05, 0x13, 0x05, 0x14, 0x04, 0x14, 0x05, 0x12, 0x06,
    0x12, 0x06, 0x13, 0x05, 0x13, 0x05, 0x13, 0x04, 0x14, 0x04, 0x14, 0x04,
    0x13, 0x06, 0x12, 0x06, 0x09, 0x00, 0x21, 0x03, 0x15, 0x04, 0x13, 0x06,
    0x12, 0x06, 0x13, 0x06, 0x13, 0x05, 0x12, 0x07, 0x11, 0x07, 0x11, 0x07,
    0x11, 0x07, 0x0F, 0x09, 0x0E, 0x09, 0x0F, 0x03, 0x01, 0x05, 0x0F, 0x03,
    0x01, 0x05, 0x12, 0x06, 0x09, 0x00, 0x0B, 0x01, 0x16, 0x03, 0x14, 0x05,
    0x12, 0x06, 0x12, 0x06, 0x13, 0x06, 0x13, 0x05, 0x13, 0x05, 0x12, 0x07,
    0x11, 0x07, 0x0D, 0x0B, 0x0D, 0x0B, 0x0C, 0x04, 0x02, 0x05, 0x13, 0x05,
    0x13, 0x05, 0x12, 0x06, 0x09, 0x00, 0x0B, 0x01, 0x16, 0x03, 0x14, 0x05,
    0x13, 0x05, 0x12, 0x06, 0x13, 0x06, 0x13, 0x05, 0x12, 0x06, 0x12, 0x07,
    0x0C, 0x0C, 0x0B, 0x0D, 0x12, 0x06, 0x12, 0x05, 0x13, 0x05, 0x13, 0x05,
    0x13, 0x05, 0x09, 0x00, 0x0B, 0x01, 0x16, 0x03, 0x14, 0x05, 0x13, 0x05,
    0x12, 0x07, 0x12, 0x06, 0x13, 0x05, 0x12, 0x06, 0x0D, 0x02, 0x03, 0x07,
    0x0B, 0x0D, 0x0D, 0x0B, 0x12, 0x06, 0x12, 0x05, 0x13, 0x05, 0x13, 0x05,
    0x13, 0x05, 0x09, 0x00, 0x0B, 0x02, 0x14, 0x04, 0x14, 0x05, 0x13, 0x05,
    0x12, 0x07, 0x12, 0x06, 0x13, 0x05, 0x12, 0x06, 0x0C, 0x0D, 0x0C, 0x0C,
    0x0E, 0x0A, 0x12, 0x06, 0x12, 0x05, 0x13, 0x05, 0x13, 0x05, 0x13, 0x05,
    0x09, 0x00, 0x0C, 0x01, 0x14, 0x05, 0x13, 0x05, 0x13, 0x05, 0x12, 0x07,
    0x12, 0x06, 0x13, 0x05, 0x0D, 0x01, 0x04, 0x06, 0x0D, 0x0C, 0x0C, 0x0C,
    0x0E, 0x0A, 0x12, 0x06, 0x12, 0x05, 0x13, 0x05, 0x13, 0x05, 0x13, 0x05,
    0x09, 0x00, 0x0B, 0x02, 0x14, 0x05, 0x13, 0x05, 0x13, 0x06, 0x12, 0x06,
    0x13, 0x05, 0x12, 0x06, 0x0D, 0x03, 0x02, 0x06, 0x0D, 0x0C, 0x0B, 0x0D,
    0x0E, 0x0A, 0x11, 0x07, 0x11, 0x07, 0x11, 0x06, 0x12, 0x06, 0x12, 0x06,
    0x09, 0x00, 0x0E, 0x01, 0x12, 0x07, 0x11, 0x07, 0x12, 0x05, 0x12, 0x06,
    0x0D, 0x02, 0x03, 0x06, 0x0D, 0x03, 0x02, 0x07, 0x0C, 0x03, 0x02, 0x07,
    0x0B, 0x0D, 0x0B, 0x0D, 0x0E, 0x0A, 0x12, 0x07, 0x10, 0x08, 0x10, 0x08,
    0x10, 0x08, 0x0F, 0x08, 0x08, 0x00, 0x0A, 0x01, 0x16, 0x07, 0x11, 0x07,
    0x12, 0x05, 0x12, 0x06, 0x0D, 0x03, 0x02, 0x06, 0x0D, 0x03, 0x02, 0x06,
    0x0D, 0x03, 0x01, 0x07, 0x0C, 0x0D, 0x0B, 0x0C, 0x0F, 0x0C, 0x0D, 0x0D,
    0x0A, 0x01, 0x03, 0x05, 0x01, 0x04, 0x0D, 0x06, 0x12, 0x07, 0x11, 0x07,
    0x08, 0x00, 0x0A, 0x02, 0x16, 0x06, 0x11, 0x06, 0x13, 0x05, 0x0E, 0x02,
    0x02, 0x06, 0x0D, 0x03, 0x02, 0x06, 0x0D, 0x03, 0x02, 0x06, 0x0D, 0x03,
    0x02, 0x07, 0x0B, 0x04, 0x01, 0x08, 0x0B, 0x0D, 0x0E, 0x0F, 0x0C, 0x0B,
    0x0D, 0x06, 0x12, 0x06, 0x12, 0x07, 0x10, 0x08, 0x08, 0x00, 0x0A, 0x02,
    0x16, 0x06, 0x12, 0x06, 0x12, 0x05, 0x12, 0x06, 0x0E, 0x02, 0x02, 0x06,
    0x0D, 0x03, 0x02, 0x06, 0x0D, 0x0C, 0x0B, 0x0D, 0x0B, 0x0D, 0x02, 0x02,
    0x0A, 0x0E, 0x0C, 0x0B, 0x0E, 0x06, 0x12, 0x06, 0x12, 0x07, 0x10, 0x08,
    0x08, 0x00, 0x0A, 0x02, 0x16, 0x05, 0x12, 0x06, 0x13, 0x05, 0x0E, 0x01,
    0x03, 0x06, 0x0D, 0x03, 0x02, 0x06, 0x0D, 0x03, 0x02, 0x06, 0x0D, 0x03,
    0x02, 0x07, 0x0B, 0x0D, 0x02, 0x02, 0x07, 0x0D, 0x02, 0x02, 0x0A, 0x0F,
    0x0C, 0x0C, 0x0C, 0x06, 0x12, 0x06, 0x12, 0x07, 0x10, 0x08, 0x08, 0x00,
    0x0A, 0x01, 0x16, 0x07, 0x11, 0x07, 0x12, 0x05, 0x0E, 0x02, 0x02, 0x06,
    0x0D, 0x03, 0x02, 0x06, 0x0D, 0x03, 0x02, 0x06, 0x0D, 0x03, 0x01, 0x07,
    0x03, 0x02, 0x07, 0x0D, 0x01, 0x04, 0x07, 0x0C, 0x02, 0x03, 0x09, 0x0F,
    0x0B, 0x0C, 0x0D, 0x06, 0x12, 0x06, 0x11, 0x08, 0x10, 0x08, 0x08, 0x00,
    0x21, 0x06, 0x10, 0x08, 0x0F, 0x0C, 0x0C, 0x0C, 0x0C, 0x0C, 0x0C, 0x0C,
    0x0C, 0x0C, 0x0D, 0x0A, 0x0E, 0x0A, 0x0F, 0x09, 0x10, 0x07, 0x11, 0x06,
    0x12, 0x06, 0x11, 0x08, 0x10, 0x08, 0x08, 0x00, 0x06, 0x04, 0x04, 0x01,
    0x01, 0x01, 0x0D, 0x05, 0x02, 0x05, 0x0C, 0x0C, 0x0C, 0x0C, 0x0C, 0x0C,
    0x0C, 0x0C, 0x0C, 0x0C, 0x0C, 0x0B, 0x0E, 0x0A, 0x0E, 0x0A, 0x0F, 0x09,
    0x0F, 0x08, 0x11, 0x07, 0x11, 0x06, 0x12, 0x06, 0x11, 0x08, 0x08, 0x00,
    0x03, 0x09, 0x01, 0x07, 0x07, 0x09, 0x02, 0x06, 0x07, 0x09, 0x01, 0x07,
    0x07, 0x08, 0x01, 0x09, 0x06, 0x13, 0x04, 0x14, 0x04, 0x12, 0x07, 0x11,
    0x08, 0x10, 0x09, 0x0E, 0x0A, 0x0D, 0x0C, 0x0C, 0x0C, 0x0C, 0x0C, 0x0B,
    0x0F, 0x09, 0x0F, 0x08, 0x08, 0x01, 0x0A, 0x01, 0x17, 0x01, 0x22, 0x03,
    0x55, 0x01, 0x09, 0x01, 0x17, 0x01, 0x17, 0x02, 0x15, 0x04, 0x14, 0x04,
    0x14, 0x04, 0x14, 0x04, 0x13, 0x06, 0x11, 0x08, 0x0F, 0x05, 0x01, 0xFF,
    0x00, 0x21, 0x01, 0x17, 0x01, 0x17, 0x01, 0x17, 0x02, 0x15, 0x01, 0x01,
    0xFF, 0x00, 0x81, 0x01, 0xFF, 0x00, 0x81, 0x01, 0xFF, 0x00, 0x81, 0x01,
    0xFF, 0x00, 0x81, 0x00, 0x09, 0x14, 0x04, 0x0F, 0x01, 0x04, 0x04, 0x0F,
    0x01, 0x04, 0x04, 0x0F, 0x01, 0x05, 0x03, 0x0F, 0x01, 0x06, 0x02, 0x0F,
    0x01, 0x06, 0x02, 0x16, 0x01, 0x10, 0x01, 0x17, 0x01, 0x17, 0x01, 0x17,
    0x01, 0x17, 0x01, 0x2F, 0x01, 0x08, 0x01, 0x0E, 0x03, 0x03, 0x04, 0x0E,
    0x00, 0x07, 0x14, 0x04, 0x16, 0x02, 0x16, 0x03, 0x10, 0x01, 0x05, 0x02,
    0x10, 0x01, 0x06, 0x01, 0x17, 0x01, 0x17, 0x01, 0x17, 0x01, 0x28, 0x01,
    0x17, 0x02, 0x16, 0x01, 0x17, 0x01, 0x17, 0x01, 0x17, 0x03, 0x03, 0x03,
    0x0F, 0x00, 0x06, 0x12, 0x01, 0x02, 0x03, 0x17, 0x01, 0x17, 0x02, 0x11,
    0x01, 0x05, 0x01, 0x11, 0x01, 0x06, 0x01, 0x10, 0x01, 0x06, 0x01, 0x17,
    0x01, 0x17, 0x02, 0x17, 0x01, 0x0F, 0x01, 0x17, 0x02, 0x16, 0x01, 0x17,
    0x01, 0x17, 0x01, 0x17, 0x03, 0x15, 0x00, 0x04, 0x05, 0x03, 0x0C, 0x02,
    0x01, 0x01, 0x05, 0x02, 0x16, 0x02, 0x25, 0x01, 0x17, 0x01, 0x07, 0x01,
    0x0F, 0x01, 0x07, 0x01, 0x6F, 0x02, 0x16, 0x01, 0x08, 0x01, 0x0E, 0x01,
    0x08, 0x02, 0x0D, 0x01, 0x08, 0x02, 0x0D, 0x02, 0x16, 0x00, 0x0B, 0x10,
    0x09, 0x11, 0x07, 0x0C, 0x01, 0x04, 0x08, 0x0B, 0x01, 0x05, 0x07, 0x0B,
    0x01, 0x06, 0x07, 0x0A, 0x01, 0x06, 0x08, 0x10, 0x08, 0x06, 0x01, 0x09,
    0x09, 0x06, 0x01, 0x08, 0x09, 0x07, 0x02, 0x07, 0x08, 0x07, 0x03, 0x06,
    0x08, 0x08, 0x01, 0x08, 0x07, 0x08, 0x01, 0x08, 0x07, 0x08, 0x01, 0x08,
    0x07, 0x08, 0x02, 0x06, 0x09, 0x04, 0x03, 0x00, 0x18, 0x04, 0x0F, 0x04,
    0x02, 0x04, 0x0D, 0x04, 0x03, 0x05, 0x0C, 0x04, 0x04, 0x04, 0x0B, 0x05,
    0x03, 0x06, 0x09, 0x08, 0x01, 0x06, 0x09, 0x0F, 0x0A, 0x0E, 0x09, 0x05,
    0x01, 0x0A, 0x08, 0x07, 0x02, 0x07, 0x08, 0x07, 0x03, 0x06, 0x08, 0x08,
    0x01, 0x07, 0x08, 0x08, 0x01, 0x08, 0x07, 0x08, 0x01, 0x08, 0x07, 0x07,
    0x03, 0x06, 0x09, 0x03, 0x04, 0x00, 0x13, 0x03, 0x05, 0x03, 0x0C, 0x04,
    0x05, 0x05, 0x09, 0x04, 0x07, 0x04, 0x09, 0x04, 0x06, 0x05, 0x09, 0x04,
    0x05, 0x07, 0x07, 0x06, 0x03, 0x08, 0x07, 0x07, 0x02, 0x08, 0x07, 0x08,
    0x01, 0x08, 0x07, 0x08, 0x01, 0x08, 0x07, 0x06, 0x05, 0x06, 0x06, 0x07,
    0x05, 0x07, 0x05, 0x08, 0x03, 0x08, 0x05, 0x08, 0x02, 0x09, 0x05, 0x08,
    0x02, 0x09, 0x05, 0x08, 0x05, 0x05, 0x08, 0x03, 0x04, 0x00, 0x08, 0x02,
    0x04, 0x01, 0x10, 0x03, 0x04, 0x02, 0x0E, 0x05, 0x03, 0x04, 0x0B, 0x06,
    0x03, 0x05, 0x08, 0x08, 0x02, 0x16, 0x02, 0x15, 0x05, 0x14, 0x02, 0x05,
    0x02, 0x09, 0x01, 0x05, 0x02, 0x06, 0x05, 0x02, 0x03, 0x06, 0x02, 0x06,
    0x0B, 0x05, 0x02, 0x06, 0x0A, 0x06, 0x03, 0x07, 0x07, 0x05, 0x06, 0x08,
    0x04, 0x06, 0x06, 0x09, 0x01, 0x08, 0x06, 0x12, 0x06, 0x09, 0x00, 0x0B,
    0x01, 0x16, 0x04, 0x12, 0x04, 0x01, 0x02, 0x0F, 0x06, 0x01, 0x05, 0x0B,
    0x06, 0x02, 0x06, 0x0A, 0x07, 0x01, 0x06, 0x0A, 0x06, 0x02, 0x06, 0x09,
    0x06, 0x04, 0x06, 0x07, 0x07, 0x01, 0x02, 0x01, 0x07, 0x05, 0x14, 0x04,
    0x15, 0x02, 0x16, 0x02, 0x16, 0x05, 0x06, 0x03, 0x09, 0x05, 0x07, 0x03,
    0x01, 0x01, 0x08, 0x04, 0x06, 0x04, 0x01, 0x01, 0x08, 0x01, 0x00, 0x0B,
    0x01, 0x16, 0x04, 0x12, 0x07, 0x0F, 0x06, 0x01, 0x05, 0x0B, 0x06, 0x02,
    0x06, 0x0A, 0x06, 0x02, 0x06, 0x0A, 0x06, 0x02, 0x06, 0x0A, 0x05, 0x04,
    0x05, 0x09, 0x06, 0x01, 0x02, 0x01, 0x06, 0x08, 0x10, 0x08, 0x10, 0x08,
    0x10, 0x08, 0x10, 0x08, 0x06, 0x04, 0x08, 0x06, 0x05, 0x06, 0x08, 0x04,
    0x07, 0x05, 0x08, 0x01, 0x00, 0x07, 0x04, 0x02, 0x01, 0x11, 0x05, 0x01,
    0x01, 0x03, 0x02, 0x0B, 0x05, 0x02, 0x01, 0x02, 0x03, 0x0B, 0x05, 0x02,
    0x05, 0x0B, 0x06, 0x02, 0x06, 0x0A, 0x06, 0x02, 0x06, 0x0A, 0x06, 0x02,
    0x06, 0x0A, 0x06, 0x02, 0x06, 0x0A, 0x0E, 0x09, 0x10, 0x08, 0x10, 0x08,
    0x10, 0x08, 0x07, 0x02, 0x07, 0x08, 0x06, 0x04, 0x07, 0x07, 0x06, 0x04,
    0x08, 0x06, 0x06, 0x04, 0x09, 0x01, 0x00, 0x06, 0x05, 0x02, 0x01, 0x04,
    0x01, 0x0B, 0x04, 0x03, 0x01, 0x03, 0x03, 0x0A, 0x05, 0x02, 0x01, 0x03,
    0x03, 0x0A, 0x05, 0x02, 0x06, 0x0B, 0x06, 0x01, 0x05, 0x0C, 0x06, 0x01,
    0x05, 0x0C, 0x05, 0x02, 0x05, 0x0C, 0x0C, 0x0C, 0x0C, 0x0C, 0x0C, 0x0B,
    0x0E, 0x0A, 0x0E, 0x0A, 0x0E, 0x0A, 0x10, 0x07, 0x06, 0x01, 0x02, 0x01,
    0x08, 0x06, 0x06, 0x04, 0x08, 0x02, 0x00, 0x06, 0x04, 0x03, 0x01, 0x04,
    0x01, 0x0A, 0x05, 0x03, 0x01, 0x03, 0x03, 0x0A, 0x05, 0x02, 0x01, 0x03,
    0x03, 0x0B, 0x04, 0x02, 0x06, 0x0B, 0x0C, 0x0C, 0x0C, 0x0C, 0x0C, 0x0C,
    0x0C, 0x0C, 0x0C, 0x0C, 0x0C, 0x0C, 0x0C, 0x0C, 0x0C, 0x0C, 0x0C, 0x0B,
    0x10, 0x08, 0x06, 0x02, 0x09, 0x06, 0x07, 0x03, 0x08, 0x02, 0x00, 0x05,
    0x06, 0x13, 0x06, 0x02, 0x02, 0x0E, 0x05, 0x03, 0x02, 0x03, 0x03, 0x08,
    0x06, 0x02, 0x04, 0x01, 0x03, 0x07, 0x07, 0x02, 0x07, 0x08, 0x07, 0x01,
    0x07, 0x09, 0x07, 0x01, 0x07, 0x09, 0x07, 0x01, 0x06, 0x0A, 0x0E, 0x0A,
    0x0E, 0x0A, 0x0E, 0x09, 0x0E, 0x0A, 0x0E, 0x0A, 0x0E, 0x0A, 0x06, 0x01,
    0x07, 0x0A, 0x06, 0x01, 0x07, 0x06, 0x00, 0x06, 0x0A, 0x0D, 0x0A, 0x0D,
    0x0C, 0x0B, 0x0D, 0x03, 0x01, 0x07, 0x0E, 0x01, 0x02, 0x06, 0x0F, 0x01,
    0x02, 0x05, 0x0F, 0x02, 0x03, 0x04, 0x09, 0x03, 0x02, 0x02, 0x05, 0x02,
    0x0C, 0x03, 0x37, 0x02, 0x16, 0x04, 0x13, 0x07, 0x10, 0x09, 0x0E, 0x0B,
    0x0C, 0x06, 0x00, 0x04, 0x10, 0x05, 0x14, 0x03, 0x15, 0x03, 0x15, 0x03,
    0x15, 0x04, 0x14, 0x05, 0x13, 0x05, 0x0A, 0x01, 0x07, 0x06, 0x09, 0x01,
    0x08, 0x06, 0x08, 0x01, 0x09, 0x01, 0x01, 0x04, 0x08, 0x01, 0x08, 0x01,
    0x02, 0x04, 0x09, 0x01, 0x09, 0x05, 0x0B, 0x03, 0x04, 0x07, 0x12, 0x06,
    0x12, 0x02, 0x01, 0x04, 0x14, 0x00, 0x06, 0x0D, 0x0A, 0x10, 0x07, 0x12,
    0x01, 0x01, 0x03, 0x15, 0x02, 0x16, 0x01, 0x17, 0x01, 0x17, 0x01, 0x0A,
    0x03, 0x14, 0x03, 0x0A, 0x01, 0x17, 0x01, 0x17, 0x01, 0x16, 0x02, 0x15,
    0x05, 0x12, 0x08, 0x0E, 0x0B, 0x08, 0x02, 0x01, 0x08, 0x00, 0x01, 0x10,
    0x07, 0x12, 0x06, 0x12, 0x06, 0x13, 0x05, 0x13, 0x05, 0x13, 0x05, 0x13,
    0x05, 0x13, 0x05, 0x13, 0x05, 0x13, 0x05, 0x12, 0x07, 0x10, 0x09, 0x0E,
    0x0A, 0x0D, 0x0C, 0x0A, 0x23, 0x01, 0x0B, 0x0D, 0x0B, 0x0D, 0x0B, 0x0D,
    0x0B, 0x0A, 0x0E, 0x0A, 0x0D, 0x0C, 0x0B, 0x0E, 0x09, 0x0E, 0x09, 0x0F,
    0x02, 0x17, 0x01, 0x17, 0x01, 0x16, 0x02, 0x16, 0x02, 0x16, 0x02, 0x15,
    0x03, 0x15, 0x03, 0x01, 0x09, 0x0F, 0x09, 0x0F, 0x08, 0x10, 0x08, 0x0A,
    0x04, 0x02, 0x08, 0x0A, 0x05, 0x01, 0x07, 0x0B, 0x0B, 0x0E, 0x05, 0x13,
    0x05, 0x13, 0x05, 0x14, 0x04, 0x13, 0x05, 0x13, 0x05, 0x13, 0x05, 0x13,
    0x05, 0x13, 0x05, 0x13, 0x05, 0x01, 0x09, 0x0F, 0x09, 0x0F, 0x08, 0x10,
    0x08, 0x07, 0x05, 0x04, 0x08, 0x07, 0x05, 0x04, 0x07, 0x09, 0x05, 0x03,
    0x05, 0x0C, 0x04, 0x14, 0x05, 0x13, 0x06, 0x12, 0x06, 0x11, 0x08, 0x10,
    0x06, 0x13, 0x05, 0x12, 0x06, 0x12, 0x07, 0x11, 0x08, 0x01, 0x09, 0x0F,
    0x09, 0x0F, 0x08, 0x10, 0x08, 0x07, 0x04, 0x05, 0x08, 0x07, 0x05, 0x04,
    0x07, 0x08, 0x05, 0x04, 0x05, 0x0B, 0x04, 0x14, 0x05, 0x13, 0x05, 0x13,
    0x05, 0x13, 0x04, 0x14, 0x04, 0x14, 0x05, 0x12, 0x06, 0x12, 0x07, 0x11,
    0x07, 0x02, 0x01, 0x09, 0x0F, 0x09, 0x0F, 0x08, 0x10, 0x08, 0x06, 0x04,
    0x06, 0x08, 0x06, 0x05, 0x05, 0x07, 0x07, 0x05, 0x05, 0x05, 0x0A, 0x04,
    0x14, 0x05, 0x13, 0x05, 0x13, 0x06, 0x12, 0x06, 0x12, 0x06, 0x12, 0x05,
    0x12, 0x06, 0x12, 0x07, 0x11, 0x07, 0x03, 0x01, 0x09, 0x0F, 0x09, 0x0F,
    0x08, 0x10, 0x08, 0x06, 0x04, 0x06, 0x08, 0x06, 0x04, 0x06, 0x07, 0x07,
    0x04, 0x06, 0x05, 0x0A, 0x04, 0x13, 0x05, 0x13, 0x05, 0x14, 0x04, 0x13,
    0x05, 0x13, 0x05, 0x13, 0x05, 0x12, 0x06, 0x12, 0x07, 0x11, 0x07, 0x04,
    0x01, 0x09, 0x0F, 0x09, 0x0F, 0x08, 0x10, 0x08, 0x06, 0x03, 0x07, 0x08,
    0x06, 0x04, 0x06, 0x07, 0x07, 0x04, 0x06, 0x05, 0x09, 0x04, 0x13, 0x06,
    0x11, 0x07, 0x10, 0x08, 0x10, 0x02, 0x01, 0x05, 0x13, 0x05, 0x13, 0x05,
    0x12, 0x06, 0x12, 0x07, 0x11, 0x07, 0x04, 0x01, 0x09, 0x0F, 0x09, 0x0F,
    0x08, 0x06, 0x01, 0x09, 0x08, 0x05, 0x04, 0x07, 0x07, 0x06, 0x04, 0x07,
    0x07, 0x07, 0x04, 0x06, 0x05, 0x03, 0x0A, 0x10, 0x09, 0x12, 0x06, 0x13,
    0x05, 0x13, 0x05, 0x13, 0x05, 0x13, 0x05, 0x12, 0x06, 0x12, 0x07, 0x11,
    0x07, 0x04, 0x01, 0x09, 0x0F, 0x09, 0x0F, 0x08, 0x05, 0x01, 0x0A, 0x08,
    0x05, 0x04, 0x07, 0x07, 0x06, 0x04, 0x07, 0x0A, 0x03, 0x04, 0x07, 0x05,
    0x02, 0x0B, 0x10, 0x08, 0x13, 0x06, 0x13, 0x05, 0x13, 0x05, 0x13, 0x05,
    0x13, 0x05, 0x12, 0x06, 0x12, 0x07, 0x11, 0x07, 0x04, 0x01, 0x09, 0x0F,
    0x09, 0x0F, 0x08, 0x10, 0x08, 0x05, 0x04, 0x07, 0x07, 0x06, 0x04, 0x07,
    0x0A, 0x03, 0x04, 0x07, 0x05, 0x02, 0x0B, 0x10, 0x08, 0x13, 0x06, 0x13,
    0x05, 0x13, 0x05, 0x13, 0x05, 0x12, 0x06, 0x12, 0x06, 0x12, 0x07, 0x11,
    0x07, 0x04, 0x01, 0x09, 0x0F, 0x09, 0x0F, 0x08, 0x10, 0x08, 0x05, 0x04,
    0x07, 0x07, 0x06, 0x04, 0x07, 0x09, 0x04, 0x04, 0x07, 0x05, 0x02, 0x0B,
    0x10, 0x08, 0x13, 0x05, 0x14, 0x05, 0x13, 0x05, 0x13, 0x05, 0x12, 0x06,
    0x12, 0x06, 0x12, 0x07, 0x11, 0x07, 0x04, 0x01, 0x09, 0x0F, 0x09, 0x0F,
    0x08, 0x10, 0x08, 0x05, 0x04, 0x07, 0x08, 0x05, 0x04, 0x07, 0x07, 0x06,
    0x05, 0x06, 0x05, 0x02, 0x0B, 0x0F, 0x09, 0x13, 0x06, 0x13, 0x05, 0x13,
    0x05, 0x13, 0x05, 0x12, 0x06, 0x12, 0x06, 0x12, 0x07, 0x11, 0x07, 0x04,
    0x01, 0x09, 0x0F, 0x09, 0x0F, 0x08, 0x10, 0x08, 0x05, 0x04, 0x07, 0x08,
    0x05, 0x04, 0x07, 0x07, 0x06, 0x05, 0x06, 0x05, 0x03, 0x0A, 0x0E, 0x0A,
    0x13, 0x05, 0x14, 0x05, 0x13, 0x05, 0x13, 0x05, 0x13, 0x05, 0x12, 0x06,
    0x12, 0x07, 0x11, 0x07, 0x04, 0x01, 0x09, 0x0F, 0x09, 0x0F, 0x08, 0x10,
    0x08, 0x05, 0x04, 0x07, 0x08, 0x05, 0x05, 0x06, 0x07, 0x06, 0x05, 0x06,
    0x05, 0x08, 0x05, 0x0F, 0x09, 0x0F, 0x01, 0x01, 0x07, 0x14, 0x04, 0x14,
    0x04, 0x14, 0x04, 0x14, 0x05, 0x12, 0x06, 0x12, 0x07, 0x11, 0x07, 0x04,
    0x01, 0x09, 0x0F, 0x09, 0x0F, 0x08, 0x10, 0x08, 0x06, 0x04, 0x06, 0x08,
    0x06, 0x05, 0x05, 0x07, 0x08, 0x04, 0x05, 0x05, 0x0A, 0x04, 0x13, 0x05,
    0x12, 0x06, 0x12, 0x06, 0x14, 0x04, 0x14, 0x04, 0x13, 0x05, 0x13, 0x06,
    0x11, 0x07, 0x11, 0x07, 0x04, 0x01, 0x09, 0x0F, 0x09, 0x0F, 0x08, 0x10,
    0x08, 0x0A, 0x04, 0x02, 0x08, 0x09, 0x05, 0x02, 0x07, 0x09, 0x05, 0x03,
    0x05, 0x0B, 0x05, 0x13, 0x05, 0x13, 0x06, 0x12, 0x06, 0x12, 0x05, 0x13,
    0x06, 0x12, 0x06, 0x11, 0x08, 0x10, 0x08, 0x0F, 0x09, 0x01, 0x01, 0x0A,
    0x0E, 0x0A, 0x0E, 0x0A, 0x0E, 0x0A, 0x0C, 0x0B, 0x0C, 0x0B, 0x0C, 0x0B,
    0x0D, 0x04, 0x14, 0x04, 0x13, 0x05, 0x13, 0x05, 0x13, 0x05, 0x13, 0x05,
    0x14, 0x04, 0x13, 0x05, 0x13, 0x05, 0x13, 0x05, 0x00, 0x01, 0x0E, 0x0A,
    0x0E, 0x0A, 0x0E, 0x0B, 0x0C, 0x0C, 0x0C, 0x0D, 0x0A, 0x10, 0x06, 0xE5,
    0x00, 0x07, 0x0E, 0x0A, 0x0E, 0x0A, 0x0E, 0x0A, 0x0D, 0x0C, 0x0C, 0x0D,
    0x0A, 0x0F, 0x07, 0xDF, 0x00, 0x0D, 0x0B, 0x0D, 0x0B, 0x0D, 0x0B, 0x0D,
    0x0B, 0x01, 0x03, 0x0A, 0x0E, 0x0B, 0x0D, 0x0C, 0x07, 0x02, 0x04, 0x14,
    0x04, 0x14, 0x04, 0x14, 0x04, 0x14, 0x04, 0x13, 0x05, 0x14, 0x04, 0x14,
    0x04, 0x14, 0x05, 0x12, 0x00, 0x12, 0x06, 0x12, 0x06, 0x12, 0x06, 0x12,
    0x06, 0x08, 0x03, 0x08, 0x05, 0x08, 0x04, 0x08, 0x04, 0x08, 0x04, 0x09,
    0x03, 0x09, 0x03, 0x14, 0x05, 0x13, 0x05, 0x14, 0x04, 0x13, 0x05, 0x13,
    0x05, 0x13, 0x05, 0x13, 0x05, 0x13, 0x05, 0x0B, 0x00, 0x13, 0x05, 0x13,
    0x05, 0x13, 0x05, 0x13, 0x05, 0x0A, 0x03, 0x07, 0x04, 0x0A, 0x04, 0x07,
    0x03, 0x0A, 0x04, 0x08, 0x02, 0x0B, 0x03, 0x14, 0x04, 0x14, 0x04, 0x14,
    0x04, 0x14, 0x04, 0x14, 0x04, 0x14, 0x05, 0x13, 0x05, 0x13, 0x05, 0x09,
    0x00, 0x13, 0x05, 0x13, 0x05, 0x13, 0x05, 0x13, 0x05, 0x0A, 0x03, 0x07,
    0x04, 0x0A, 0x04, 0x07, 0x03, 0x0A, 0x04, 0x08, 0x02, 0x0B, 0x03, 0x14,
    0x04, 0x14, 0x05, 0x14, 0x04, 0x13, 0x05, 0x13, 0x05, 0x13, 0x05, 0x13,
    0x05, 0x13, 0x05, 0x09, 0x00, 0x13, 0x05, 0x13, 0x05, 0x13, 0x05, 0x13,
    0x05, 0x0A, 0x03, 0x07, 0x04, 0x0A, 0x04, 0x07, 0x03, 0x0A, 0x04, 0x08,
    0x02, 0x0B, 0x03, 0x14, 0x04, 0x14, 0x05, 0x14, 0x04, 0x13, 0x05, 0x13,
    0x05, 0x13, 0x05, 0x13, 0x05, 0x13, 0x05, 0x09, 0x00, 0x14, 0x04, 0x14,
    0x04, 0x14, 0x04, 0x15, 0x03, 0x0A, 0x04, 0x08, 0x02, 0x0A, 0x04, 0x09,
    0x01, 0x0A, 0x04, 0x15, 0x04, 0x13, 0x05, 0x13, 0x05, 0x13, 0x05, 0x13,
    0x05, 0x13, 0x05, 0x13, 0x05, 0x13, 0x05, 0x13, 0x05, 0x09, 0x00, 0x17,
    0x01, 0x3B, 0x03, 0x14, 0x05, 0x13, 0x05, 0x13, 0x05, 0x14, 0x04, 0x13,
    0x05, 0x13, 0x05, 0x13, 0x06, 0x12, 0x06, 0x12, 0x06, 0x12, 0x06, 0x12,
    0x06, 0x12, 0x06, 0x08, 0x00, 0x3C, 0x02, 0x14, 0x06, 0x12, 0x06, 0x12,
    0x06, 0x13, 0x05, 0x13, 0x05, 0x12, 0x06, 0x12, 0x06, 0x12, 0x06, 0x12,
    0x06, 0x12, 0x06, 0x12, 0x06, 0x12, 0x06, 0x12, 0x06, 0x08, 0x00, 0x3B,
    0x05, 0x12, 0x07, 0x11, 0x07, 0x11, 0x07, 0x12, 0x06, 0x12, 0x06, 0x12,
    0x06, 0x11, 0x07, 0x11, 0x07, 0x11, 0x07, 0x11, 0x07, 0x11, 0x07, 0x11,
    0x07, 0x11, 0x07, 0x07, 0x00, 0x3A, 0x06, 0x12, 0x07, 0x10, 0x08, 0x11,
    0x07, 0x11, 0x07, 0x12, 0x06, 0x12, 0x06, 0x11, 0x07, 0x11, 0x07, 0x11,
    0x07, 0x11, 0x07, 0x11, 0x07, 0x11, 0x08, 0x10, 0x08, 0x06, 0x00, 0x3A,
    0x05, 0x12, 0x07, 0x11, 0x07, 0x11, 0x07, 0x11, 0x07, 0x12, 0x06, 0x13,
    0x05, 0x12, 0x06, 0x11, 0x08, 0x10, 0x08, 0x10, 0x08, 0x10, 0x08, 0x11,
    0x08, 0x0F, 0x09, 0x06, 0x00, 0x25, 0x05, 0x11, 0x08, 0x0F, 0x0A, 0x0E,
    0x0A, 0x0D, 0x0B, 0x0D, 0x0B, 0x0D, 0x0B, 0x0A, 0x0D, 0x09, 0x0E, 0x08,
    0x12, 0x05, 0x14, 0x03, 0x16, 0x02, 0x17, 0x01, 0x30, 0x00, 0x64, 0x07,
    0x10, 0x09, 0x0E, 0x0A, 0x0D, 0x0B, 0x0D, 0x0C, 0x0C, 0x0C, 0x0B, 0x0D,
    0x0B, 0x0C, 0x0C, 0x0C, 0x0C, 0x0E, 0x0B, 0x0F, 0x09, 0x10, 0x07, 0x00,
    0xD8, 0x02, 0x16, 0x02, 0x16, 0x02, 0x0D, 0x04, 0x05, 0x02, 0x0B, 0x07,
    0x04, 0x02, 0x0A, 0x09, 0x03, 0x03, 0x08, 0x0A, 0x03, 0x03, 0x07, 0x0B,
    0x03, 0x00, 0x15, 0x03, 0x15, 0x03, 0x0B, 0x02, 0x09, 0x02, 0x0B, 0x02,
    0x01, 0x02, 0x13, 0x07, 0x11, 0x07, 0x10, 0x08, 0x10, 0x08, 0x10, 0x06,
    0x12, 0x05, 0x11, 0x07, 0x10, 0x07, 0x10, 0x09, 0x0E, 0x0B, 0x0D, 0x0B,
    0x0C, 0x0C, 0x08, 0x00, 0x0D, 0x0B, 0x0D, 0x0B, 0x0D, 0x0B, 0x0E, 0x0A,
    0x0E, 0x0A, 0x0F, 0x09, 0x05, 0x02, 0x01, 0x01, 0x07, 0x08, 0x05, 0x04,
    0x08, 0x07, 0x05, 0x05, 0x09, 0x05, 0x04, 0x06, 0x0B, 0x03, 0x03, 0x08,
    0x10, 0x07, 0x11, 0x06, 0x11, 0x06, 0x11, 0x07, 0x10, 0x09, 0x0F, 0x01,
    0xFF, 0x00, 0x39, 0x01, 0x30, 0x02, 0x15, 0x01, 0xFF, 0x00, 0x81, 0x01,
    0xFF, 0x00, 0x81, 0x01, 0xFF, 0x00, 0x81, 0x01, 0xFF, 0x00, 0x3D, 0x01,
    0x2F, 0x01, 0x0E, 0x02, 0x03, 0x01, 0xFF, 0x00, 0x2D, 0x01, 0x0F, 0x01,
    0x07, 0x01, 0x07, 0x01, 0x17, 0x01, 0x07, 0x01, 0x0F, 0x01, 0x03, 0x01,
    0xFF, 0x00, 0x2D, 0x01, 0x17, 0x01, 0x07, 0x01, 0x07, 0x01, 0x07, 0x01,
    0x07, 0x01, 0x07, 0x01, 0x07, 0x01, 0x0B, 0x01, 0xFB, 0x01, 0x08, 0x01,
    0x07, 0x01, 0x06, 0x01, 0x10, 0x01, 0x06, 0x01, 0x08, 0x01, 0x03, 0x01,
    0x03, 0x01, 0x06, 0x01, 0x0E, 0x03, 0x06, 0x02, 0x07, 0x01, 0x07, 0x01,
    0x0E, 0x02, 0x03, 0x01, 0xB4, 0x01, 0x17, 0x01, 0x1E, 0x01, 0x17, 0x01,
    0x06, 0x01, 0x02, 0x01, 0x06, 0x01, 0x06, 0x01, 0x09, 0x01, 0x05, 0x02,
    0x06, 0x01, 0x4C, 0x01, 0x9C, 0x01, 0x06, 0x01, 0x10, 0x01, 0x06, 0x01,
    0x17, 0x01, 0x10, 0x01, 0x06, 0x01, 0x09, 0x01, 0x06, 0x01, 0x06, 0x01,
    0x09, 0x02, 0x0C, 0x01, 0x64, 0x01, 0x7E, 0x01, 0x06, 0x01, 0x28, 0x01,
    0x0C, 0x01, 0x11, 0x01, 0x0F, 0x02, 0x06, 0x02, 0x04, 0x01, 0x0A, 0x01,
    0x0C, 0x01, 0x4D, 0x01, 0x04, 0x01, 0x29, 0x01, 0x6D, 0x01, 0x17, 0x01,
    0x07, 0x01, 0x17, 0x01, 0x0F, 0x01, 0x0E, 0x03, 0x06, 0x01, 0x06, 0x02,
    0x08, 0x02, 0x5A, 0x01, 0x03, 0x01, 0x0E, 0x01, 0x05, 0x01, 0x2C, 0x01,
    0x4D, 0x01, 0x1E, 0x01, 0x10, 0x01, 0x06, 0x01, 0x08, 0x01, 0x0E, 0x01,
    0x0E, 0x01, 0x08, 0x02, 0x06, 0x01, 0x17, 0x02, 0x3E, 0x01, 0x11, 0x01,
    0x14, 0x01, 0x18, 0x01, 0x2B, 0x01, 0x3C, 0x01, 0x1F, 0x01, 0x2E, 0x01,
    0x05, 0x01, 0x09, 0x01, 0x07, 0x01, 0x07, 0x01, 0x01, 0x01, 0x05, 0x01,
    0x07, 0x01, 0x17, 0x01, 0x28, 0x01, 0x10, 0x01, 0x13, 0x01, 0x03, 0x01,
    0x14, 0x02, 0x18, 0x01, 0x2B, 0x01, 0x49, 0x01, 0x17, 0x01, 0x07, 0x02,
    0x06, 0x01, 0x07, 0x01, 0x08, 0x01, 0x06, 0x01, 0x10, 0x01, 0x06, 0x01,
    0x06, 0x01, 0x01, 0x01, 0x07, 0x01, 0x06, 0x01, 0x06, 0x04, 0x0C, 0x02,
    0x40, 0x01, 0x0F, 0x02, 0x0C, 0x01, 0x09, 0x01, 0x0E, 0x01, 0x36, 0x01,
    0x33, 0x01, 0x17, 0x03, 0x06, 0x01, 0x0E, 0x03, 0x06, 0x02, 0x0D, 0x02,
    0x07, 0x01, 0x0F, 0x01, 0x06, 0x02, 0x0F, 0x01, 0x05, 0x03, 0x0F, 0x02,
    0x06, 0x01, 0x0E, 0x03, 0x06, 0x02, 0x0D, 0x03, 0x06, 0x02, 0x0D, 0x02,
    0x06, 0x03, 0x14, 0x04, 0x15, 0x03, 0x3A, 0x01, 0x05, 0x03, 0x15, 0x03,
    0x15, 0x03, 0x15, 0x03, 0x01, 0x03, 0x0E, 0x02, 0x01, 0x04, 0x11, 0x07,
    0x11, 0x07, 0x15, 0x03, 0x15, 0x03, 0x16, 0x02, 0x16, 0x02, 0x15, 0x03,
    0x14, 0x04, 0x14, 0x05, 0x12, 0x06, 0x11, 0x07, 0x0E, 0x01, 0x07, 0x03,
    0x14, 0x04, 0x14, 0x04, 0x14, 0x04, 0x13, 0x02, 0x01, 0x04, 0x03, 0x01,
    0x0D, 0x07, 0x11, 0x01, 0x01, 0x03, 0x15, 0x04, 0x15, 0x03, 0x15, 0x02,
    0x16, 0x02, 0x15, 0x04, 0x14, 0x04, 0x14, 0x04, 0x13, 0x06, 0x12, 0x06,
    0x0C, 0x01, 0x23, 0x03, 0x15, 0x03, 0x15, 0x03, 0x15, 0x03, 0x15, 0x03,
    0x12, 0x08, 0x03, 0x01, 0x0C, 0x08, 0x02, 0x01, 0x0C, 0x01, 0x03, 0x03,
    0x15, 0x03, 0x15, 0x02, 0x16, 0x02, 0x16, 0x02, 0x15, 0x04, 0x14, 0x05,
    0x13, 0x05, 0x09, 0x01, 0x27, 0x03, 0x13, 0x01, 0x01, 0x04, 0x13, 0x05,
    0x05, 0x02, 0x0B, 0x06, 0x05, 0x03, 0x0B, 0x04, 0x07, 0x02, 0x08, 0x01,
    0x02, 0x05, 0x06, 0x02, 0x08, 0x02, 0x01, 0x04, 0x06, 0x03, 0x0B, 0x04,
    0x06, 0x03, 0x0B, 0x04, 0x07, 0x02, 0x0C, 0x02, 0x08, 0x02, 0x0C, 0x02,
    0x08, 0x03, 0x0A, 0x04, 0x07, 0x03, 0x0A, 0x04, 0x06, 0x04, 0x09, 0x06,
    0x05, 0x04, 0x09, 0x06, 0x05, 0x01, 0x51, 0x02, 0x16, 0x02, 0x03, 0x01,
    0x12, 0x04, 0x14, 0x05, 0x13, 0x03, 0x0B, 0x01, 0x0A, 0x02, 0x0B, 0x01,
    0x0A, 0x02, 0x16, 0x02, 0x16, 0x02, 0x15, 0x03, 0x15, 0x04, 0x0A, 0x01,
    0x08, 0x05, 0x0A, 0x01, 0x07, 0x05, 0x0A, 0x02, 0x01, 0x48, 0x01, 0x17,
    0x01, 0x0E, 0x03, 0x06, 0x02, 0x0D, 0x02, 0x07, 0x01, 0x0E, 0x02, 0x03,
    0x01, 0x02, 0x02, 0x0E, 0x06, 0x03, 0x01, 0x0F, 0x02, 0x06, 0x01, 0x0F,
    0x02, 0x06, 0x01, 0x0F, 0x02, 0x06, 0x01, 0x0F, 0x02, 0x06, 0x01, 0x0F,
    0x02, 0x06, 0x02, 0x0D, 0x04, 0x05, 0x02, 0x0D, 0x04, 0x05, 0x03, 0x0C,
    0x04, 0x05, 0x01, 0x4C, 0x03, 0x15, 0x04, 0x0E, 0x01, 0x05, 0x04, 0x0D,
    0x03, 0x05, 0x03, 0x0D, 0x02, 0x06, 0x02, 0x0E, 0x02, 0x06, 0x03, 0x0D,
    0x03, 0x04, 0x04, 0x0D, 0x03, 0x04, 0x04, 0x0D, 0x02, 0x04, 0x01, 0x01,
    0x03, 0x0D, 0x01, 0x02, 0x01, 0x03, 0x04, 0x0D, 0x01, 0x02, 0x03, 0x01,
    0x04, 0x0C, 0x03, 0x01, 0x09, 0x0B, 0x0D, 0x0B, 0x04, 0x01, 0x52, 0x02,
    0x15, 0x03, 0x0B, 0x01, 0x0A, 0x03, 0x16, 0x02, 0x21, 0x02, 0x0A, 0x03,
    0x0A, 0x01, 0x09, 0x03, 0x0B, 0x01, 0x09, 0x04, 0x14, 0x03, 0x0B, 0x03,
    0x04, 0x01, 0x02, 0x02, 0x0C, 0x0D, 0x0A, 0x02, 0x04, 0x0E, 0x04, 0x02,
    0x07, 0x0A, 0x04, 0x03, 0x01, 0x6A, 0x03, 0x15, 0x04, 0x15, 0x03, 0x15,
    0x03, 0x16, 0x01, 0x16, 0x02, 0x15, 0x04, 0x13, 0x05, 0x14, 0x04, 0x0A,
    0x03, 0x08, 0x03, 0x0A, 0x0E, 0x0B, 0x0D, 0x09, 0x01, 0x01, 0x55, 0x03,
    0x15, 0x04, 0x14, 0x03, 0x14, 0x05, 0x14, 0x04, 0x14, 0x02, 0x11, 0x01,
    0x03, 0x04, 0x10, 0x01, 0x01, 0x07, 0x13, 0x05, 0x13, 0x05, 0x13, 0x04,
    0x08, 0x03, 0x09, 0x04, 0x08, 0x07, 0x04, 0x04, 0x09, 0x01, 0x5C, 0x04,
    0x14, 0x04, 0x13, 0x05, 0x14, 0x04, 0x13, 0x05, 0x14, 0x04, 0x0C, 0x02,
    0x07, 0x03, 0x0D, 0x02, 0x06, 0x03, 0x0D, 0x02, 0x02, 0x07, 0x0E, 0x0A,
    0x0F, 0x01, 0x04, 0x04, 0x15, 0x03, 0x05, 0x04, 0x0C, 0x03, 0x01, 0xFA,
    0x04, 0x12, 0x08, 0x0F, 0x0A, 0x0E, 0x0A, 0x0E, 0x0A, 0x0C, 0x0E, 0x05,
    0x01, 0xE2, 0x04, 0x13, 0x06, 0x0E, 0x0E, 0x0B, 0x0C, 0x0D, 0x0A, 0x0E,
    0x0A, 0x0E, 0x0A, 0x07, 0x01, 0x9B, 0x05, 0x12, 0x07, 0x0C, 0x0F, 0x0A,
    0x0D, 0x0C, 0x0B, 0x0D, 0x0B, 0x0D, 0x0B, 0x0E, 0x0A, 0x0E, 0x0A, 0x0F,
    0x09, 0x06, 0x01, 0x04, 0x03, 0x02, 0x06, 0x02, 0x03, 0x07, 0x03, 0x02,
    0x08, 0x02, 0x03, 0x06, 0x03, 0x03, 0x06, 0x03, 0x03, 0x07, 0x02, 0x03,
    0x06, 0x03, 0x04, 0x05, 0x03, 0x03, 0x06, 0x03, 0x03, 0x06, 0x02, 0x05,
    0x04, 0x05, 0x02, 0x06, 0x02, 0x06, 0x02, 0x06, 0x03, 0x06, 0x01, 0x0E,
    0x04, 0x14, 0x02, 0x16, 0x02, 0x16, 0x02, 0x16, 0x02, 0x17, 0x01, 0x46,
    0x01, 0x04, 0x00, 0x66, 0x03, 0x06, 0x03, 0x0C, 0x04, 0x04, 0x04, 0x0C,
    0x05, 0x02, 0x05, 0x0B, 0x0E, 0x0A, 0x0E, 0x0A, 0x0E, 0x0A, 0x0E, 0x0A,
    0x0E, 0x0A, 0x0E, 0x08, 0x12, 0x06, 0x13, 0x05, 0x01, 0x02, 0x10, 0x02,
    0x00, 0x0D, 0x08, 0x0E, 0x09, 0x0E, 0x0A, 0x0D, 0x0B, 0x0C, 0x0C, 0x08,
    0x10, 0x08, 0x10, 0x0A, 0x0E, 0x0A, 0x0E, 0x0B, 0x0D, 0x0C, 0x0D, 0x0B,
    0x0D, 0x0C, 0x0B, 0x0D, 0x0B, 0x0E, 0x0A, 0x02, 0x02, 0x0A, 0x0E, 0x01,
    0xD8, 0x08, 0x08, 0x0B, 0x05, 0x08, 0x05, 0x03, 0x08, 0x08, 0x10, 0x09,
    0x07, 0x01, 0x06, 0x0A, 0x07, 0x01, 0x06, 0x0A, 0x07, 0x02, 0x05, 0x0A,
    0x07, 0x01, 0xE0, 0x01, 0x01, 0x05, 0x01, 0x01, 0x0E, 0x0B, 0x0C, 0x0D,
    0x0B, 0x0D, 0x0A, 0x0F, 0x09, 0x0F, 0x0A, 0x0E, 0x04, 0x01, 0x20, 0x04,
    0x14, 0x08, 0x11, 0x07, 0x11, 0x06, 0x13, 0x04, 0x14, 0x04, 0x0E, 0x01,
    0x05, 0x04, 0x04, 0x03, 0x07, 0x01, 0x05, 0x04, 0x04, 0x03, 0x14, 0x04,
    0x14, 0x04, 0x14, 0x04, 0x15, 0x03, 0x15, 0x03, 0x15, 0x03, 0x16, 0x02,
    0x03, 0x00, 0x4D, 0x02, 0x15, 0x06, 0x12, 0x06, 0x04, 0x05, 0x09, 0x06,
    0x04, 0x07, 0x0A, 0x04, 0x03, 0x08, 0x09, 0x04, 0x02, 0x03, 0x01, 0x05,
    0x0A, 0x08, 0x02, 0x04, 0x0A, 0x08, 0x0F, 0x0A, 0x0E, 0x0B, 0x0C, 0x0C,
    0x0C, 0x0C, 0x0C, 0x0C, 0x06, 0x00, 0x06, 0x05, 0x01, 0x05, 0x0E, 0x09,
    0x10, 0x08, 0x11, 0x07, 0x11, 0x07, 0x10, 0x09, 0x0F, 0x0A, 0x0D, 0x0C,
    0x0B, 0x0D, 0x0B, 0x0E, 0x0B, 0x0D, 0x0C, 0x0C, 0x0C, 0x0C, 0x0C, 0x0C,
    0x0C, 0x0C, 0x0C, 0x0C, 0x04, 0x00, 0x08, 0x05, 0x15, 0x04, 0x14, 0x04,
    0x13, 0x07, 0x10, 0x09, 0x0E, 0x0B, 0x0D, 0x0B, 0x0E, 0x0A, 0x0F, 0x09,
    0x0F, 0x09, 0x10, 0x08, 0x10, 0x08, 0x0F, 0x0A, 0x0E, 0x0A, 0x0D, 0x0B,
    0x0D, 0x0C, 0x04, 0x00, 0x20, 0x04, 0x15, 0x04, 0x14, 0x04, 0x15, 0x05,
    0x13, 0x05, 0x13, 0x06, 0x12, 0x06, 0x0F, 0x02, 0x02, 0x05, 0x0F, 0x09,
    0x0F, 0x0A, 0x0E, 0x0A, 0x0F, 0x09, 0x11, 0x07, 0x11, 0x07, 0x11, 0x08,
    0x06, 0x00, 0x54, 0x04, 0x14, 0x03, 0x15, 0x06, 0x12, 0x06, 0x12, 0x06,
    0x12, 0x05, 0x12, 0x06, 0x12, 0x07, 0x11, 0x05, 0x12, 0x07, 0x11, 0x07,
    0x12, 0x05, 0x15, 0x03, 0x08, 0x00, 0x57, 0x04, 0x14, 0x04, 0x15, 0x04,
    0x10, 0x01, 0x03, 0x04, 0x0F, 0x0A, 0x0F, 0x09, 0x14, 0x04, 0x14, 0x04,
    0x13, 0x06, 0x12, 0x06, 0x12, 0x06, 0x12, 0x04, 0x14, 0x04, 0x04, 0x00,
    0x59, 0x03, 0x15, 0x03, 0x16, 0x03, 0x10, 0x01, 0x04, 0x04, 0x0E, 0x0A,
    0x0F, 0x09, 0x14, 0x04, 0x14, 0x04, 0x14, 0x05, 0x12, 0x06, 0x12, 0x05,
    0x13, 0x05, 0x13, 0x02, 0x01, 0x01, 0x03, 0x00, 0x60, 0x01, 0x17, 0x02,
    0x15, 0x04, 0x14, 0x14, 0x04, 0x02, 0x01, 0x03, 0x12, 0x03, 0x01, 0x02,
    0x13, 0x06, 0x12, 0x02, 0x01, 0x03, 0x12, 0x02, 0x02, 0x01, 0x5B, 0x00,
    0x05, 0x06, 0x11, 0x06, 0x12, 0x07, 0x11, 0x09, 0x0D, 0x0C, 0x0B, 0x0D,
    0x0B, 0x0B, 0x01, 0x01, 0x0A, 0x17, 0x02, 0x09, 0x0F, 0x09, 0x12, 0x05,
    0x15, 0x03, 0x15, 0x02, 0x58, 0x00, 0x08, 0x02, 0x16, 0x02, 0x17, 0x03,
    0x14, 0x05, 0x13, 0x07, 0x12, 0x07, 0x11, 0x07, 0x08, 0x18, 0x06, 0x07,
    0x11, 0x07, 0x11, 0x08, 0x10, 0x08, 0x10, 0x07, 0x13, 0x05, 0x13, 0x02,
    0x02, 0x02, 0x22, 0x00, 0x07, 0x03, 0x0B, 0x03, 0x08, 0x02, 0x16, 0x03,
    0x15, 0x03, 0x15, 0x03, 0x16, 0x05, 0x0A, 0x31, 0x01, 0x06, 0x02, 0x0B,
    0x0D, 0x0A, 0x0E, 0x07, 0x10, 0x08, 0x10, 0x08, 0x11, 0x07, 0x11, 0x07,
    0x08, 0x01, 0x0A, 0x06, 0x06, 0x00, 0x07, 0x06, 0x06, 0x05, 0x07, 0x04,
    0x0A, 0x03, 0x08, 0x04, 0x0B, 0x01, 0x07, 0x05, 0x0B, 0x01, 0x07, 0x06,
    0x02, 0x01, 0x07, 0x03, 0x03, 0x02, 0x01, 0x06, 0x01, 0x02, 0x05, 0x4B,
    0x02, 0x04, 0x02, 0x07, 0x05, 0x04, 0x03, 0x01, 0x04, 0x08, 0x02, 0x07,
    0x06, 0x0A, 0x01, 0x05, 0x07, 0x12, 0x07, 0x0F, 0x01, 0x01, 0x08, 0x0D,
    0x02, 0x03, 0x01, 0x03, 0x03, 0x0C, 0x01, 0x01, 0x00, 0x06, 0x09, 0x04,
    0x05, 0x07, 0x05, 0x08, 0x04, 0x08, 0x04, 0x0A, 0x02, 0x06, 0x07, 0x0A,
    0x01, 0x07, 0x07, 0x02, 0x01, 0x05, 0x05, 0x01, 0x0D, 0x04, 0x53, 0x01,
    0x05, 0x01, 0x03, 0x02, 0x06, 0x01, 0x03, 0x02, 0x07, 0x08, 0x03, 0x02,
    0x01, 0x03, 0x07, 0x0A, 0x02, 0x03, 0x09, 0x09, 0x02, 0x04, 0x08, 0x03,
    0x04, 0x03, 0x03, 0x01, 0x01, 0x03, 0x07, 0x02, 0x04, 0x03, 0x03, 0x01,
    0x03, 0x02, 0x07, 0x01, 0x07, 0x01, 0x02, 0x03, 0x0D, 0x01, 0x05, 0x05,
    0x0D, 0x02, 0x04, 0x06, 0x0B, 0x0D, 0x0A, 0x0E, 0x08, 0x0F, 0x0A, 0x09,
    0x01, 0x04, 0x0B, 0x03, 0x02, 0x02, 0x05, 0x01, 0x0D, 0x01, 0x38, 0x01,
    0x10, 0x01, 0x06, 0x01, 0x0D, 0x08, 0x02, 0x01, 0x04, 0x02, 0x05, 0x09,
    0x01, 0x01, 0x01, 0x06, 0x05, 0x0A, 0x02, 0x05, 0x08, 0x09, 0x02, 0x04,
    0x09, 0x09, 0x01, 0x48, 0x04, 0x14, 0x05, 0x0F, 0x09, 0x0F, 0x09, 0x0F,
    0x08, 0x10, 0x08, 0x10, 0x05, 0x12, 0x05, 0x4A, 0x01, 0x03, 0x01, 0x0B,
    0x04, 0x04, 0x01, 0x02, 0x02, 0x0B, 0x06, 0x02, 0x01, 0x01, 0x02, 0x05,
    0x01, 0x03, 0x09, 0x01, 0x78, 0x01, 0x17, 0x01, 0x17, 0x02, 0x16, 0x03,
    0x14, 0x04, 0x15, 0x03, 0x15, 0x01, 0x22, 0x01, 0x17, 0x01, 0x17, 0x01,
    0x17, 0x01, 0x0C, 0x01, 0xCB, 0x01, 0x0B, 0x01, 0x0B, 0x01, 0x17, 0x01,
    0x0C, 0x01, 0x0A, 0x01, 0x17, 0x01, 0x47, 0x01, 0x0C, 0x01, 0x9B, 0x01,
    0x17, 0x01, 0x17, 0x01, 0x17, 0x01, 0x17, 0x01, 0x84, 0x01, 0x84, 0x01,
    0x17, 0x01, 0x17, 0x01, 0x17, 0x01, 0x17, 0x01, 0x17, 0x01, 0x17, 0x01,
    0x17, 0x01, 0x31, 0x01, 0x21, 0x01, 0x85, 0x01, 0x18, 0x01, 0x16, 0x02,
    0x16, 0x02, 0x16, 0x02, 0x16, 0x02, 0x16, 0x02, 0x16, 0x02, 0x16, 0x02,
    0x16, 0x02, 0x17, 0x01, 0x09, 0x01, 0x86, 0x02, 0x16, 0x02, 0x17, 0x01,
    0x14, 0x04, 0x16, 0x02, 0x16, 0x02, 0x14, 0x04, 0x14, 0x04, 0x16, 0x02,
    0x15, 0x03, 0x15, 0x03, 0x08, 0x01, 0x70, 0x01, 0x15, 0x04, 0x15, 0x03,
    0x15, 0x03, 0x15, 0x03, 0x13, 0x05, 0x13, 0x05, 0x13, 0x05, 0x14, 0x04,
    0x11, 0x01, 0x02, 0x03, 0x12, 0x06, 0x12, 0x06, 0x07, 0x01, 0x6F, 0x04,
    0x14, 0x05, 0x13, 0x05, 0x14, 0x04, 0x10, 0x01, 0x03, 0x04, 0x13, 0x05,
    0x12, 0x06, 0x10, 0x08, 0x11, 0x07, 0x11, 0x07, 0x11, 0x07, 0x0E, 0x0A,
    0x04, 0x01, 0x58, 0x01, 0x16, 0x04, 0x14, 0x05, 0x13, 0x05, 0x14, 0x04,
    0x13, 0x05, 0x10, 0x01, 0x02, 0x05, 0x12, 0x06, 0x11, 0x07, 0x10, 0x08,
    0x10, 0x08, 0x10, 0x08, 0x0E, 0x0A, 0x04, 0x01, 0x58, 0x01, 0x16, 0x04,
    0x14, 0x05, 0x13, 0x05, 0x13, 0x05, 0x13, 0x05, 0x0E, 0x01, 0x04, 0x05,
    0x0F, 0x01, 0x02, 0x06, 0x0F, 0x01, 0x02, 0x06, 0x0E, 0x0A, 0x0E, 0x0A,
    0x0F, 0x09, 0x0F, 0x02, 0x01, 0x06, 0x04, 0x01, 0x58, 0x01, 0x15, 0x05,
    0x14, 0x05, 0x13, 0x05, 0x13, 0x05, 0x13, 0x05, 0x13, 0x05, 0x0D, 0x01,
    0x04, 0x06, 0x0C, 0x02, 0x02, 0x08, 0x0C, 0x0C, 0x0C, 0x04, 0x01, 0x07,
    0x0C, 0x03, 0x03, 0x06, 0x0D, 0x02, 0x03, 0x06, 0x04, 0x01, 0x18, 0x02,
    0x16, 0x02, 0x17, 0x01, 0x0E, 0x01, 0x09, 0x01, 0x0B, 0x05, 0x07, 0x01,
    0x0B, 0x05, 0x07, 0x01, 0x0C, 0x05, 0x06, 0x01, 0x0C, 0x05, 0x05, 0x03,
    0x0B, 0x05, 0x04, 0x04, 0x0B, 0x05, 0x04, 0x05, 0x03, 0x01, 0x05, 0x06,
    0x04, 0x0A, 0x01, 0x09, 0x04, 0x0C, 0x01, 0x07, 0x04, 0x05, 0x02, 0x04,
    0x02, 0x07, 0x06, 0x01, 0x04, 0x03, 0x04, 0x06, 0x0C, 0x01, 0x05, 0x06,
    0x04, 0x01, 0x1E, 0x02, 0x16, 0x03, 0x15, 0x02, 0x07, 0x02, 0x0D, 0x02,
    0x05, 0x05, 0x0D, 0x01, 0x05, 0x06, 0x0C, 0x01, 0x06, 0x05, 0x0B, 0x02,
    0x06, 0x05, 0x0A, 0x05, 0x05, 0x04, 0x09, 0x08, 0x02, 0x05, 0x07, 0x11,
    0x05, 0x13, 0x09, 0x0F, 0x0C, 0x03, 0x03, 0x06, 0x0C, 0x02, 0x04, 0x06,
    0x0C, 0x01, 0x05, 0x06, 0x05, 0x01, 0x22, 0x02, 0x16, 0x02, 0x16, 0x04,
    0x14, 0x05, 0x13, 0x06, 0x12, 0x06, 0x12, 0x06, 0x11, 0x07, 0x0F, 0x09,
    0x0E, 0x0A, 0x0E, 0x0A, 0x12, 0x06, 0x12, 0x06, 0x12, 0x06, 0x12, 0x06,
    0x08, 0x01, 0x24, 0x01, 0x16, 0x03, 0x15, 0x03, 0x16, 0x02, 0x16, 0x02,
    0x16, 0x02, 0x16, 0x02, 0x16, 0x03, 0x14, 0x04, 0x14, 0x05, 0x12, 0x06,
    0x11, 0x08, 0x11, 0x07, 0x12, 0x04, 0x21, 0x01, 0x26, 0x01, 0x17, 0x02,
    0x17, 0x02, 0x16, 0x01, 0x01, 0x01, 0x15, 0x03, 0x16, 0x01, 0x17, 0x01,
    0x17, 0x02, 0x15, 0x03, 0x14, 0x04, 0x13, 0x05, 0x12, 0x07, 0x0F, 0x09,
    0x11, 0x08, 0x13, 0x05, 0x04, 0x01, 0x14, 0x03, 0x15, 0x03, 0x15, 0x03,
    0x16, 0x03, 0x16, 0x02, 0x16, 0x02, 0x16, 0x02, 0x17, 0x01, 0x17, 0x01,
    0x16, 0x02, 0x16, 0x02, 0x15, 0x03, 0x14, 0x04, 0x14, 0x04, 0x13, 0x05,
    0x12, 0x06, 0x01, 0xCB, 0x01, 0x17, 0x01, 0x17, 0x01, 0x84, 0x01, 0xCA,
    0x01, 0x17, 0x01, 0x17, 0x01, 0x17, 0x01, 0x6D, 0x01, 0xE0, 0x01, 0x17,
    0x02, 0x16, 0x02, 0x16, 0x02, 0x16, 0x02, 0x16, 0x02, 0x26, 0x01, 0x67,
    0x02, 0x46, 0x01, 0x17, 0x01, 0x17, 0x01, 0x16, 0x02, 0x16, 0x03, 0x15,
    0x03, 0x15, 0x03, 0x15, 0x03, 0x15, 0x03, 0x0F, 0x01, 0x4F, 0x01, 0x17,
    0x01, 0x2F, 0x01, 0x17, 0x01, 0x17, 0x01, 0x16, 0x02, 0x16, 0x02, 0x16,
    0x03, 0x15, 0x03, 0x15, 0x03, 0x14, 0x04, 0x0D, 0x01, 0x06, 0x04, 0x0D,
    0x01, 0x01, 0x01, 0x4F, 0x01, 0x17, 0x02, 0x2E, 0x01, 0x17, 0x01, 0x17,
    0x01, 0x17, 0x01, 0x16, 0x02, 0x16, 0x03, 0x15, 0x03, 0x15, 0x03, 0x15,
    0x03, 0x15, 0x03, 0x0F, 0x01, 0x67, 0x01, 0x2F, 0x01, 0x17, 0x01, 0x17,
    0x01, 0x16, 0x02, 0x16, 0x02, 0x16, 0x02, 0x16, 0x03, 0x15, 0x03, 0x15,
    0x03, 0x15, 0x03, 0x07, 0x01, 0x07, 0x01, 0x67, 0x01, 0x2F, 0x01, 0x17,
    0x01, 0x17, 0x01, 0x17, 0x01, 0x16, 0x02, 0x16, 0x02, 0x16, 0x03, 0x15,
    0x03, 0x14, 0x04, 0x08, 0x01, 0x0B, 0x04, 0x08, 0x01, 0x06, 0x01, 0x67,
    0x02, 0x46, 0x01, 0x08, 0x02, 0x0D, 0x01, 0x08, 0x01, 0x0E, 0x01, 0x16,
    0x02, 0x09, 0x01, 0x0C, 0x03, 0x08, 0x01, 0x0C, 0x03, 0x08, 0x01, 0x0C,
    0x03, 0x07, 0x02, 0x0C, 0x03, 0x07, 0x02, 0x0C, 0x03, 0x0F, 0x01, 0x68,
    0x01, 0x46, 0x01, 0x17, 0x01, 0x07, 0x02, 0x0E, 0x01, 0x08, 0x01, 0x0E,
    0x01, 0x16, 0x03, 0x08, 0x01, 0x0C, 0x03, 0x08, 0x01, 0x0C, 0x03, 0x08,
    0x01, 0x0C, 0x03, 0x07, 0x02, 0x0C, 0x03, 0x08, 0x01, 0x06, 0x01, 0x67,
    0x02, 0x46, 0x01, 0x17, 0x01, 0x07, 0x02, 0x0E, 0x01, 0x08, 0x01, 0x0D,
    0x02, 0x16, 0x02, 0x09, 0x01, 0x0C, 0x03, 0x08, 0x01, 0x0C, 0x03, 0x08,
    0x01, 0x0C, 0x03, 0x07, 0x02, 0x0C, 0x03, 0x08, 0x01, 0x06, 0x01, 0x67,
    0x02, 0x16, 0x01, 0x17, 0x01, 0x17, 0x01, 0x09, 0x01, 0x0D, 0x01, 0x09,
    0x01, 0x0C, 0x02, 0x16, 0x02, 0x08, 0x01, 0x0D, 0x02, 0x08, 0x02, 0x0C,
    0x02, 0x09, 0x01, 0x0C, 0x03, 0x07, 0x02, 0x0B, 0x04, 0x07, 0x02, 0x0B,
    0x04, 0x0F, 0x01, 0x67, 0x01, 0x2F, 0x01, 0x16, 0x02, 0x09, 0x01, 0x0C,
    0x02, 0x09, 0x01, 0x0C, 0x02, 0x16, 0x02, 0x08, 0x01, 0x0D, 0x02, 0x08,
    0x01, 0x0C, 0x03, 0x08, 0x01, 0x0C, 0x03, 0x08, 0x01, 0x0C, 0x03, 0x08,
    0x02, 0x0B, 0x04, 0x0F, 0x01, 0x67, 0x01, 0x2F, 0x01, 0x16, 0x02, 0x09,
    0x01, 0x0C, 0x02, 0x09, 0x01, 0x0C, 0x02, 0x09, 0x01, 0x0C, 0x02, 0x16,
    0x02, 0x08, 0x01, 0x0C, 0x03, 0x08, 0x01, 0x0C, 0x03, 0x08, 0x01, 0x0C,
    0x03, 0x08, 0x02, 0x0B, 0x04, 0x0F, 0x01, 0x67, 0x02, 0x16, 0x01, 0x17,
    0x01, 0x16, 0x02, 0x09, 0x01, 0x0C, 0x02, 0x09, 0x01, 0x0C, 0x01, 0x17,
    0x02, 0x08, 0x01, 0x0D, 0x02, 0x08, 0x01, 0x0C, 0x03, 0x08, 0x01, 0x0C,
    0x03, 0x08, 0x01, 0x0C, 0x03, 0x08, 0x02, 0x0B, 0x04, 0x0F, 0x01, 0x37,
    0x02, 0x16, 0x03, 0x15, 0x03, 0x16, 0x01, 0x07, 0x01, 0x0E, 0x02, 0x07,
    0x01, 0x0E, 0x03, 0x05, 0x03, 0x0C, 0x02, 0x07, 0x02, 0x0E, 0x01, 0x07,
    0x02, 0x0E, 0x01, 0x02, 0x01, 0x04, 0x02, 0x0D, 0x02, 0x08, 0x01, 0x0D,
    0x03, 0x07, 0x01, 0x0C, 0x04, 0x04, 0x01, 0x01, 0x02, 0x0C, 0x04, 0x06,
    0x02, 0x0C, 0x05, 0x05, 0x03, 0x06, 0x01, 0x37, 0x03, 0x15, 0x04, 0x14,
    0x05, 0x02, 0x02, 0x0F, 0x05, 0x02, 0x03, 0x0F, 0x02, 0x04, 0x03, 0x0F,
    0x09, 0x0F, 0x04, 0x01, 0x06, 0x0C, 0x09, 0x0E, 0x06, 0x01, 0x03, 0x0F,
    0x03, 0x01, 0x01, 0x01, 0x02, 0x10, 0x02, 0x02, 0x05, 0x0F, 0x02, 0x02,
    0x05, 0x0E, 0x05, 0x01, 0x01, 0x01, 0x03, 0x0D, 0x04, 0x02, 0x01, 0x02,
    0x02, 0x07, 0x01, 0x37, 0x03, 0x14, 0x05, 0x14, 0x05, 0x02, 0x01, 0x10,
    0x05, 0x02, 0x03, 0x0F, 0x02, 0x03, 0x04, 0x0F, 0x09, 0x0F, 0x04, 0x01,
    0x05, 0x0D, 0x09, 0x0E, 0x0A, 0x0F, 0x03, 0x01, 0x05, 0x0F, 0x02, 0x02,
    0x05, 0x0F, 0x02, 0x02, 0x05, 0x0E, 0x05, 0x01, 0x01, 0x01, 0x02, 0x0E,
    0x04, 0x02, 0x01, 0x02, 0x01, 0x08, 0x01, 0x06, 0x05, 0x12, 0x06, 0x13,
    0x06, 0x12, 0x06, 0x02, 0x04, 0x0C, 0x06, 0x02, 0x04, 0x0B, 0x06, 0x03,
    0x04, 0x0D, 0x03, 0x03, 0x05, 0x0D, 0x0B, 0x0D, 0x0C, 0x0B, 0x0E, 0x09,
    0x0C, 0x0C, 0x0B, 0x0D, 0x0B, 0x0E, 0x03, 0x02, 0x05, 0x0E, 0x03, 0x02,
    0x05, 0x0E, 0x03, 0x01, 0x07, 0x07, 0x01, 0xFF, 0x00, 0x81, 0x01, 0xFF,
    0x00, 0x81, 0x01, 0xDF, 0x02, 0x06, 0x02, 0x10, 0x01, 0x04, 0x02, 0x80,
    0x01, 0x98, 0x01, 0x06, 0x01, 0x0E, 0x03, 0x06, 0x03, 0x0B, 0x04, 0x06,
    0x04, 0x0C, 0x02, 0x06, 0x02, 0x15, 0x01, 0x81, 0x01, 0xAF, 0x02, 0x06,
    0x03, 0x0B, 0x04, 0x06, 0x04, 0x14, 0x01, 0x98, 0x01, 0x7E, 0x04, 0x04,
    0x04, 0x09, 0x06, 0x06, 0x07, 0x02, 0x09, 0x07, 0x11, 0x07, 0x08, 0x03,
    0x06, 0x07, 0x05, 0x0B, 0x02, 0x05, 0x02, 0x7F, 0x01, 0x0B, 0x0C, 0x08,
    0x11, 0x05, 0x13, 0x02, 0x0A, 0x01, 0x15, 0x06, 0x11, 0x08, 0x0F, 0x09,
    0x0F, 0x0A, 0x0E, 0x0A, 0x0F, 0x08, 0x06, 0x01, 0x0A, 0x06, 0x05, 0x03,
    0x0C, 0x02, 0x05, 0x05, 0x10, 0x08, 0x0D, 0x0B, 0x06, 0x2A, 0x01, 0x05,
    0x06, 0x10, 0x0B, 0x0C, 0x0E, 0x08, 0x11, 0x07, 0x12, 0x06, 0x0A, 0x01,
    0x08, 0x05, 0x07, 0x07, 0x05, 0x05, 0x06, 0x09, 0x05, 0x04, 0x06, 0x0A,
    0x04, 0x04, 0x06, 0x0A, 0x04, 0x04, 0x05, 0x0B, 0x04, 0x04, 0x04, 0x0C,
    0x03, 0x05, 0x03, 0x0C, 0x03, 0x06, 0x04, 0x05, 0x09, 0x06, 0x04, 0x05,
    0x08, 0x07, 0x05, 0x03, 0x08, 0x08, 0x00, 0x08, 0x0A, 0x0F, 0x09, 0x0F,
    0x08, 0x11, 0x07, 0x12, 0x04, 0x14, 0x03, 0x16, 0x01, 0x16, 0x03, 0x13,
    0x07, 0x10, 0x09, 0x0F, 0x08, 0x11, 0x06, 0x13, 0x03, 0x14, 0x04, 0x14,
    0x04, 0x13, 0x06, 0x0A, 0x00, 0x09, 0x05, 0x13, 0x05, 0x13, 0x05, 0x13,
    0x05, 0x14, 0x04, 0x15, 0x02, 0x17, 0x01, 0x16, 0x04, 0x13, 0x07, 0x10,
    0x08, 0x10, 0x06, 0x14, 0x03, 0x15, 0x03, 0x14, 0x04, 0x14, 0x05, 0x13,
    0x05, 0x09, 0x00, 0x09, 0x05, 0x13, 0x05, 0x13, 0x05, 0x14, 0x04, 0x15,
    0x02, 0x16, 0x01, 0x16, 0x03, 0x15, 0x06, 0x11, 0x07, 0x10, 0x07, 0x12,
    0x04, 0x15, 0x04, 0x14, 0x03, 0x14, 0x05, 0x13, 0x05, 0x13, 0x05, 0x0A,
    0x00, 0x09, 0x05, 0x13, 0x05, 0x14, 0x04, 0x14, 0x03, 0x16, 0x02, 0x15,
    0x03, 0x15, 0x06, 0x10, 0x08, 0x10, 0x08, 0x11, 0x04, 0x15, 0x04, 0x14,
    0x03, 0x14, 0x04, 0x14, 0x05, 0x13, 0x05, 0x15, 0x02, 0x0B, 0x00, 0x0A,
    0x04, 0x14, 0x04, 0x14, 0x04, 0x15, 0x02, 0x16, 0x02, 0x15, 0x06, 0x11,
    0x07, 0x11, 0x07, 0x11, 0x05, 0x14, 0x04, 0x13, 0x05, 0x13, 0x05, 0x13,
    0x05, 0x13, 0x05, 0x15, 0x02, 0x23, 0x00, 0x0A, 0x04, 0x14, 0x04, 0x15,
    0x02, 0x16, 0x02, 0x16, 0x03, 0x15, 0x05, 0x11, 0x08, 0x10, 0x07, 0x11,
    0x05, 0x15, 0x03, 0x15, 0x03, 0x15, 0x04, 0x13, 0x05, 0x14, 0x04, 0x14,
    0x02, 0x23, 0x00, 0x0B, 0x02, 0x16, 0x02, 0x16, 0x02, 0x16, 0x02, 0x16,
    0x03, 0x15, 0x05, 0x11, 0x08, 0x10, 0x08, 0x11, 0x04, 0x15, 0x03, 0x15,
    0x03, 0x14, 0x05, 0x13, 0x05, 0x13, 0x05, 0x14, 0x02, 0x23, 0x00, 0x0C,
    0x01, 0x17, 0x01, 0x17, 0x01, 0x16, 0x01, 0x17, 0x02, 0x15, 0x06, 0x11,
    0x07, 0x11, 0x07, 0x11, 0x05, 0x14, 0x04, 0x14, 0x04, 0x13, 0x05, 0x13,
    0x05, 0x13, 0x05, 0x15, 0x02, 0x23, 0x00, 0x24, 0x01, 0x16, 0x03, 0x15,
    0x04, 0x12, 0x08, 0x0F, 0x0A, 0x0D, 0x0C, 0x0C, 0x0B, 0x0F, 0x07, 0x12,
    0x04, 0x14, 0x04, 0x14, 0x04, 0x13, 0x05, 0x13, 0x05, 0x12, 0x07, 0x11,
    0x07, 0x09, 0x00, 0x11, 0x02, 0x13, 0x05, 0x0D, 0x0C, 0x0C, 0x0C, 0x0C,
    0x0C, 0x0D, 0x0B, 0x0D, 0x0C, 0x0E, 0x0B, 0x0C, 0x0D, 0x0B, 0x06, 0x02,
    0x05, 0x0B, 0x06, 0x03, 0x03, 0x0C, 0x06, 0x12, 0x06, 0x12, 0x06, 0x13,
    0x05, 0x12, 0x06, 0x08, 0x00, 0x07, 0x11, 0x08, 0x10, 0x09, 0x0F, 0x0A,
    0x0E, 0x09, 0x0F, 0x0A, 0x0E, 0x0B, 0x0D, 0x0C, 0x0C, 0x05, 0x13, 0x06,
    0x0C, 0x02, 0x04, 0x07, 0x0B, 0x02, 0x04, 0x07, 0x0B, 0x04, 0x02, 0x08,
    0x0A, 0x0E, 0x0A, 0x0E, 0x0B, 0x0D, 0x0B, 0x05, 0x00, 0x08, 0x10, 0x08,
    0x10, 0x09, 0x0F, 0x0A, 0x0E, 0x09, 0x0F, 0x09, 0x0F, 0x08, 0x10, 0x06,
    0x12, 0x06, 0x0C, 0x01, 0x05, 0x07, 0x0B, 0x01, 0x05, 0x08, 0x0A, 0x02,
    0x04, 0x09, 0x09, 0x05, 0x01, 0x09, 0x0A, 0x0D, 0x0B, 0x0D, 0x0C, 0x0E,
    0x0A, 0x04, 0x00, 0x07, 0x11, 0x08, 0x10, 0x08, 0x10, 0x0A, 0x0E, 0x08,
    0x10, 0x07, 0x11, 0x06, 0x12, 0x06, 0x03, 0x02, 0x0D, 0x06, 0x03, 0x01,
    0x07, 0x02, 0x05, 0x06, 0x0C, 0x01, 0x05, 0x07, 0x0B, 0x05, 0x01, 0x08,
    0x0A, 0x05, 0x01, 0x09, 0x09, 0x0E, 0x0B, 0x0D, 0x0B, 0x0F, 0x0A, 0x04,
    0x00, 0x0F, 0x09, 0x11, 0x07, 0x10, 0x08, 0x03, 0x02, 0x0B, 0x08, 0x02,
    0x04, 0x0A, 0x08, 0x02, 0x05, 0x0A, 0x07, 0x01, 0x06, 0x0B, 0x06, 0x01,
    0x07, 0x08, 0x08, 0x01, 0x17, 0x01, 0x17, 0x01, 0x0A, 0x06, 0x07, 0x01,
    0x07, 0x09, 0x07, 0x01, 0x06, 0x09, 0x08, 0x02, 0x04, 0x09, 0x09, 0x03,
    0x02, 0x0A, 0x09, 0x0F, 0x02, 0x01, 0x06, 0x00, 0x08, 0x03, 0x14, 0x05,
    0x13, 0x06, 0x11, 0x08, 0x10, 0x09, 0x0F, 0x0A, 0x0E, 0x12, 0x06, 0x12,
    0x06, 0x12, 0x06, 0x0F, 0x09, 0x0A, 0x01, 0x02, 0x0B, 0x0A, 0x0E, 0x09,
    0x10, 0x07, 0x11, 0x06, 0x13, 0x05, 0x0B, 0x00, 0x09, 0x0A, 0x0E, 0x0C,
    0x0E, 0x0B, 0x0C, 0x01, 0x03, 0x0A, 0x09, 0x03, 0x04, 0x08, 0x09, 0x03,
    0x07, 0x05, 0x09, 0x04, 0x08, 0x03, 0x09, 0x03, 0x0A, 0x02, 0x09, 0x04,
    0x09, 0x02, 0x09, 0x04, 0x0A, 0x01, 0x09, 0x04, 0x14, 0x01, 0x01, 0x01,
    0x15, 0x01, 0x01, 0x01, 0x54, 0x00, 0x16, 0x02, 0x17, 0x01, 0x22, 0x01,
    0x17, 0x03, 0x15, 0x03, 0x14, 0x04, 0x15, 0x03, 0x14, 0x04, 0x14, 0x05,
    0x13, 0x05, 0x13, 0x04, 0x14, 0x04, 0x53, 0x00, 0x52, 0x03, 0x14, 0x04,
    0x15, 0x03, 0x15, 0x03, 0x14, 0x04, 0x14, 0x04, 0x14, 0x05, 0x13, 0x05,
    0x13, 0x05, 0x13, 0x04, 0x14, 0x04, 0x3B, 0x00, 0x51, 0x04, 0x14, 0x05,
    0x12, 0x05, 0x13, 0x05, 0x12, 0x07, 0x11, 0x07, 0x13, 0x04, 0x13, 0x06,
    0x12, 0x06, 0x11, 0x07, 0x11, 0x08, 0x10, 0x08, 0x11, 0x05, 0x0B, 0x00,
    0x53, 0x03, 0x15, 0x04, 0x13, 0x04, 0x14, 0x05, 0x13, 0x05, 0x13, 0x05,
    0x13, 0x05, 0x13, 0x05, 0x12, 0x06, 0x12, 0x07, 0x10, 0x08, 0x11, 0x07,
    0x11, 0x06, 0x09, 0x00, 0x54, 0x04, 0x14, 0x04, 0x13, 0x05, 0x13, 0x05,
    0x13, 0x05, 0x13, 0x05, 0x13, 0x05, 0x13, 0x05, 0x13, 0x06, 0x11, 0x07,
    0x11, 0x07, 0x11, 0x07, 0x11, 0x06, 0x08, 0x00, 0x53, 0x05, 0x13, 0x05,
    0x14, 0x05, 0x12, 0x06, 0x12, 0x05, 0x13, 0x05, 0x13, 0x05, 0x13, 0x06,
    0x12, 0x07, 0x10, 0x08, 0x10, 0x08, 0x10, 0x08, 0x11, 0x05, 0x08, 0x00,
    0x3A, 0x03, 0x14, 0x04, 0x14, 0x05, 0x10, 0x0D, 0x0B, 0x08, 0x14, 0x04,
    0x14, 0x05, 0x10, 0x09, 0x0E, 0x0C, 0x0C, 0x0C, 0x0D, 0x06, 0x15, 0x03,
    0x15, 0x03, 0x15, 0x03, 0x0B, 0x00, 0x38, 0x01, 0x02, 0x01, 0x14, 0x04,
    0x14, 0x04, 0x14, 0x05, 0x12, 0x08, 0x10, 0x07, 0x0F, 0x0A, 0x0E, 0x08,
    0x01, 0x01, 0x0F, 0x08, 0x0E, 0x0A, 0x0D, 0x0C, 0x0C, 0x0C, 0x0C, 0x0C,
    0x0E, 0x0A, 0x09, 0x00, 0x38, 0x01, 0x01, 0x03, 0x13, 0x06, 0x12, 0x05,
    0x13, 0x05, 0x14, 0x04, 0x14, 0x05, 0x12, 0x06, 0x12, 0x06, 0x12, 0x06,
    0x11, 0x07, 0x11, 0x07, 0x11, 0x07, 0x11, 0x07, 0x10, 0x08, 0x0A, 0x00,
    0x20, 0x01, 0x05, 0x02, 0x10, 0x07, 0x11, 0x09, 0x0F, 0x08, 0x11, 0x06,
    0x12, 0x06, 0x12, 0x07, 0x11, 0x07, 0x10, 0x09, 0x0F, 0x09, 0x0F, 0x0A,
    0x0E, 0x0A, 0x0D, 0x0C, 0x0C, 0x0C, 0x0C, 0x0B, 0x06, 0x00, 0x21, 0x02,
    0x05, 0x01, 0x10, 0x08, 0x10, 0x0A, 0x0D, 0x0B, 0x0F, 0x06, 0x12, 0x06,
    0x12, 0x07, 0x11, 0x07, 0x10, 0x08, 0x0F, 0x09, 0x0F, 0x0A, 0x0E, 0x0A,
    0x0E, 0x0A, 0x0E, 0x0A, 0x0E, 0x0A, 0x06, 0x00, 0x22, 0x02, 0x04, 0x02,
    0x0F, 0x09, 0x0F, 0x0A, 0x0D, 0x0B, 0x0F, 0x08, 0x10, 0x07, 0x11, 0x06,
    0x12, 0x06, 0x10, 0x09, 0x0F, 0x09, 0x0E, 0x0B, 0x0D, 0x0A, 0x0D, 0x0B,
    0x0E, 0x0B, 0x0E, 0x0A, 0x06, 0x00, 0x38, 0x08, 0x10, 0x08, 0x0A, 0x01,
    0x04, 0x0A, 0x08, 0x04, 0x01, 0x09, 0x09, 0x04, 0x01, 0x0A, 0x0A, 0x03,
    0x01, 0x03, 0x01, 0x06, 0x0A, 0x03, 0x01, 0x0A, 0x0A, 0x03, 0x01, 0x0B,
    0x09, 0x0F, 0x0A, 0x0E, 0x0A, 0x05, 0x01, 0x08, 0x0F, 0x09, 0x0F, 0x0A,
    0x0D, 0x0B, 0x07, 0x00, 0x26, 0x01, 0x11, 0x07, 0x11, 0x09, 0x0E, 0x09,
    0x0F, 0x08, 0x09, 0x01, 0x07, 0x07, 0x09, 0x02, 0x07, 0x06, 0x09, 0x03,
    0x05, 0x08, 0x08, 0x04, 0x02, 0x0A, 0x08, 0x04, 0x01, 0x0C, 0x08, 0x11,
    0x08, 0x06, 0x01, 0x09, 0x09, 0x02, 0x04, 0x09, 0x0F, 0x09, 0x0D, 0x0B,
    0x06, 0x00, 0xFF, 0x00, 0x81, 0x00, 0x22, 0x04, 0x13, 0x06, 0x11, 0x08,
    0x10, 0x08, 0x0F, 0x09, 0x0F, 0x09, 0x11, 0x07, 0x10, 0x08, 0x0F, 0x09,
    0x0E, 0x0A, 0x0E, 0x0B, 0x0D, 0x0B, 0x0D, 0x0B, 0x0D, 0x0A, 0x0F, 0x09,
    0x08, 0x00, 0x23, 0x03, 0x13, 0x06, 0x11, 0x08, 0x10, 0x08, 0x10, 0x08,
    0x10, 0x08, 0x11, 0x07, 0x11, 0x07, 0x0F, 0x09, 0x0E, 0x0B, 0x0D, 0x0B,
    0x0D, 0x0B, 0x0D, 0x0B, 0x0D, 0x0B, 0x0E, 0x0A, 0x07, 0x00, 0x43, 0x05,
    0x12, 0x06, 0x13, 0x05, 0x12, 0x06, 0x14, 0x04, 0x14, 0x04, 0x15, 0x03,
    0x14, 0x04, 0x12, 0x06, 0x12, 0x06, 0x11, 0x07, 0x11, 0x07, 0x11, 0x07,
    0x12, 0x06, 0x00, 0x26, 0x01, 0x10, 0x02, 0x04, 0x02, 0x0F, 0x0A, 0x0E,
    0x0B, 0x0D, 0x0A, 0x0F, 0x08, 0x11, 0x07, 0x11, 0x07, 0x11, 0x07, 0x0F,
    0x0A, 0x0D, 0x0B, 0x0D, 0x0B, 0x0C, 0x0C, 0x0C, 0x0C, 0x0D, 0x0B, 0x08,
    0x00, 0x1C, 0x01, 0x17, 0x09, 0x0D, 0x0B, 0x0D, 0x0D, 0x0B, 0x0C, 0x0E,
    0x08, 0x10, 0x08, 0x10, 0x08, 0x10, 0x08, 0x0E, 0x0B, 0x0C, 0x0C, 0x0C,
    0x0D, 0x0A, 0x0E, 0x0A, 0x0D, 0x0B, 0x0D, 0x0B, 0x01, 0x05, 0x0E, 0x0C,
    0x0B, 0x0E, 0x08, 0x11, 0x07, 0x12, 0x06, 0x10, 0x08, 0x0F, 0x0B, 0x0C,
    0x0E, 0x0A, 0x0E, 0x09, 0x0F, 0x09, 0x10, 0x07, 0x12, 0x07, 0x11, 0x08,
    0x0F, 0x0A, 0x0E, 0x0A, 0x0C, 0x05, 0x01, 0x06, 0x0A, 0x0F, 0x08, 0x13,
    0x04, 0x14, 0x03, 0x13, 0x05, 0x13, 0x06, 0x11, 0x0A, 0x0D, 0x0C, 0x0C,
    0x0D, 0x0A, 0x0E, 0x0A, 0x0F, 0x08, 0x11, 0x06, 0x10, 0x09, 0x0F, 0x0A,
    0x0E, 0x0B, 0x0C, 0x06, 0x01, 0x05, 0x0B, 0x0E, 0x09, 0x10, 0x08, 0x11,
    0x07, 0x11, 0x07, 0x10, 0x09, 0x0F, 0x09, 0x0E, 0x0C, 0x0D, 0x0B, 0x0D,
    0x0A, 0x0D, 0x0B, 0x0C, 0x0C, 0x0C, 0x0D, 0x0C, 0x0C, 0x0D, 0x0A, 0x0F,
    0x09, 0x07, 0x01, 0x07, 0x06, 0x12, 0x06, 0x12, 0x07, 0x10, 0x08, 0x0F,
    0x02, 0x01, 0x07, 0x10, 0x09, 0x0F, 0x09, 0x0F, 0x09, 0x0F, 0x09, 0x11,
    0x07, 0x11, 0x07, 0x11, 0x07, 0x12, 0x06, 0x12, 0x06, 0x12, 0x06, 0x13,
    0x02, 0x01, 0x01, 0x09, 0x00, 0x01, 0x03, 0x07, 0x13, 0x06, 0x12, 0x07,
    0x11, 0x09, 0x0F, 0x0A, 0x0D, 0x0B, 0x0E, 0x0A, 0x0E, 0x0A, 0x0F, 0x06,
    0x01, 0x03, 0x0D, 0x06, 0x02, 0x03, 0x0E, 0x05, 0x03, 0x02, 0x0E, 0x04,
    0x05, 0x01, 0x0E, 0x04, 0x14, 0x04, 0x14, 0x03, 0x16, 0x02, 0x0E, 0x01,
    0x03, 0x01, 0x17, 0x02, 0x15, 0x04, 0x15, 0x04, 0x14, 0x04, 0x15, 0x02,
    0x16, 0x01, 0x03, 0x07, 0x0C, 0x0E, 0x09, 0x10, 0x07, 0x05, 0x03, 0x0A,
    0x06, 0x04, 0x05, 0x0A, 0x05, 0x04, 0x05, 0x07, 0x08, 0x04, 0x06, 0x06,
    0x08, 0x05, 0x05, 0x07, 0x07, 0x05, 0x07, 0x05, 0x06, 0x06, 0x08, 0x04,
    0x06, 0x01, 0x36, 0x03, 0x14, 0x05, 0x13, 0x05, 0x14, 0x05, 0x14, 0x03,
    0x16, 0x01, 0x03, 0x02, 0x0A, 0x02, 0x01, 0x01, 0x03, 0x02, 0x02, 0x09,
    0x05, 0x01, 0x04, 0x0F, 0x04, 0x01, 0x04, 0x05, 0x01, 0x0A, 0x06, 0x05,
    0x04, 0x09, 0x06, 0x05, 0x04, 0x09, 0x07, 0x04, 0x04, 0x09, 0x07, 0x04,
    0x05, 0x08, 0x07, 0x05, 0x05, 0x08, 0x01, 0x01, 0x23, 0x01, 0x17, 0x03,
    0x14, 0x05, 0x13, 0x05, 0x14, 0x04, 0x15, 0x03, 0x16, 0x01, 0x03, 0x01,
    0x0B, 0x01, 0x01, 0x01, 0x05, 0x01, 0x02, 0x03, 0x10, 0x0C, 0x07, 0x01,
    0x01, 0x01, 0x02, 0x0D, 0x08, 0x01, 0x01, 0x04, 0x04, 0x06, 0x09, 0x05,
    0x04, 0x06, 0x0A, 0x04, 0x04, 0x06, 0x0A, 0x04, 0x05, 0x05, 0x0A, 0x05,
    0x04, 0x05, 0x01, 0x3D, 0x03, 0x14, 0x05, 0x13, 0x05, 0x14, 0x05, 0x14,
    0x03, 0x16, 0x01, 0x03, 0x02, 0x12, 0x01, 0x02, 0x04, 0x10, 0x0A, 0x09,
    0x01, 0x03, 0x06, 0x01, 0x04, 0x0B, 0x01, 0x01, 0x03, 0x05, 0x03, 0x0C,
    0x04, 0x05, 0x03, 0x0D, 0x03, 0x06, 0x02, 0x0D, 0x04, 0x05, 0x01, 0x0E,
    0x04, 0x05, 0x01, 0x01, 0x01, 0x25, 0x01, 0x17, 0x03, 0x14, 0x05, 0x13,
    0x05, 0x14, 0x05, 0x14, 0x03, 0x16, 0x01, 0x03, 0x02, 0x12, 0x02, 0x01,
    0x04, 0x0A, 0x01, 0x05, 0x0A, 0x0D, 0x06, 0x01, 0x04, 0x0A, 0x02, 0x01,
    0x03, 0x05, 0x03, 0x0B, 0x05, 0x05, 0x03, 0x0D, 0x03, 0x06, 0x02, 0x0D,
    0x04, 0x05, 0x01, 0x0E, 0x04, 0x05, 0x01, 0x01, 0x01, 0x25, 0x01, 0x17,
    0x03, 0x14, 0x05, 0x13, 0x05, 0x14, 0x05, 0x14, 0x03, 0x16, 0x01, 0x03,
    0x02, 0x12, 0x02, 0x01, 0x04, 0x10, 0x0A, 0x08, 0x01, 0x04, 0x06, 0x01,
    0x04, 0x0A, 0x02, 0x01, 0x03, 0x05, 0x03, 0x0B, 0x05, 0x05, 0x03, 0x0C,
    0x04, 0x06, 0x02, 0x0D, 0x04, 0x05, 0x01, 0x0E, 0x04, 0x05, 0x01, 0x01,
    0x01, 0x27, 0x01, 0x16, 0x03, 0x14, 0x05, 0x13, 0x05, 0x14, 0x04, 0x16,
    0x02, 0x1A, 0x01, 0x12, 0x02, 0x02, 0x03, 0x0C, 0x01, 0x03, 0x0A, 0x08,
    0x01, 0x04, 0x06, 0x01, 0x04, 0x09, 0x01, 0x01, 0x01, 0x01, 0x04, 0x04,
    0x03, 0x0B, 0x05, 0x05, 0x03, 0x0C, 0x04, 0x05, 0x03, 0x0D, 0x04, 0x06,
    0x01, 0x0D, 0x04, 0x05, 0x01, 0x01, 0x01, 0x29, 0x01, 0x15, 0x03, 0x14,
    0x05, 0x14, 0x04, 0x13, 0x05, 0x15, 0x03, 0x15, 0x02, 0x01, 0x02, 0x12,
    0x02, 0x01, 0x04, 0x10, 0x0A, 0x0D, 0x06, 0x01, 0x04, 0x08, 0x01, 0x02,
    0x01, 0x01, 0x04, 0x04, 0x03, 0x0B, 0x05, 0x05, 0x03, 0x0C, 0x04, 0x05,
    0x03, 0x0D, 0x04, 0x06, 0x01, 0x0D, 0x04, 0x05, 0x01, 0x01, 0x01, 0x28,
    0x01, 0x15, 0x04, 0x14, 0x04, 0x14, 0x05, 0x13, 0x04, 0x15, 0x03, 0x15,
    0x03, 0x01, 0x02, 0x0D, 0x01, 0x04, 0x01, 0x02, 0x04, 0x0F, 0x0B, 0x0D,
    0x06, 0x01, 0x04, 0x07, 0x01, 0x05, 0x03, 0x04, 0x04, 0x09, 0x01, 0x01,
    0x05, 0x04, 0x04, 0x0B, 0x05, 0x05, 0x03, 0x0D, 0x03, 0x06, 0x02, 0x0D,
    0x04, 0x05, 0x01, 0x01, 0x01, 0x29, 0x02, 0x14, 0x04, 0x13, 0x06, 0x13,
    0x05, 0x13, 0x05, 0x14, 0x04, 0x0E, 0x01, 0x05, 0x06, 0x11, 0x08, 0x0B,
    0x01, 0x03, 0x0A, 0x0A, 0x01, 0x02, 0x0B, 0x0A, 0x02, 0x01, 0x07, 0x01,
    0x03, 0x0D, 0x04, 0x05, 0x02, 0x0E, 0x03, 0x05, 0x02, 0x07, 0x01, 0x05,
    0x04, 0x05, 0x02, 0x09, 0x01, 0x03, 0x05, 0x05, 0x01, 0x01, 0x13, 0x04,
    0x13, 0x06, 0x11, 0x07, 0x10, 0x08, 0x10, 0x08, 0x12, 0x06, 0x0B, 0x01,
    0x06, 0x06, 0x0B, 0x02, 0x05, 0x06, 0x0B, 0x01, 0x08, 0x04, 0x0B, 0x01,
    0x08, 0x04, 0x0B, 0x01, 0x07, 0x04, 0x0C, 0x01, 0x05, 0x07, 0x0B, 0x01,
    0x03, 0x09, 0x0B, 0x0D, 0x0B, 0x03, 0x01, 0x09, 0x10, 0x08, 0x01, 0x9C,
    0x01, 0x0A, 0x01, 0x16, 0x02, 0x16, 0x02, 0x0B, 0x02, 0x09, 0x02, 0x0B,
    0x03, 0x09, 0x01, 0x0B, 0x03, 0x15, 0x03, 0x16, 0x02, 0x16, 0x02, 0x17,
    0x02, 0x09, 0x01, 0xFF, 0x00, 0x81, 0x01, 0xFF, 0x00, 0x81, 0x01, 0xFF,
    0x00, 0x03, 0x01, 0x17, 0x01, 0x17, 0x01, 0x17, 0x01, 0x2E, 0x01, 0x06,
    0x01, 0x9B, 0x01, 0x31, 0x01, 0x17, 0x02, 0x17, 0x03, 0x16, 0x03, 0x16,
    0x04, 0x16, 0x06, 0x13, 0x05, 0x13, 0x05, 0x01, 0x9B, 0x04, 0x07, 0x02,
    0x0D, 0x0B, 0x0D, 0x0B, 0x0E, 0x0A, 0x0E, 0x0A, 0x0E, 0x0A, 0x0E, 0x0A,
    0x0E, 0x0A, 0x0E, 0x0A, 0x0E, 0x0A, 0x01, 0x27, 0x01, 0x17, 0x01, 0x2C,
    0x04, 0x13, 0x04, 0x13, 0x05, 0x14, 0x04, 0x14, 0x04, 0x13, 0x04, 0x14,
    0x05, 0x13, 0x05, 0x13, 0x05, 0x10, 0x09, 0x0E, 0x04, 0x01, 0x03, 0x10,
    0x08, 0x0A, 0x01, 0x52, 0x01, 0x01, 0x01, 0x14, 0x04, 0x14, 0x04, 0x14,
    0x04, 0x15, 0x04, 0x14, 0x04, 0x11, 0x01, 0x02, 0x05, 0x0F, 0x03, 0x01,
    0x03, 0x10, 0x03, 0x02, 0x03, 0x0F, 0x04, 0x02, 0x04, 0x0D, 0x04, 0x03,
    0x03, 0x03, 0x01, 0x0B, 0x02, 0x04, 0x03, 0x01, 0x01, 0x13, 0x05, 0x09,
    0x01, 0x53, 0x02, 0x15, 0x04, 0x13, 0x04, 0x14, 0x04, 0x11, 0x02, 0x01,
    0x04, 0x0D, 0x06, 0x02, 0x02, 0x0E, 0x05, 0x02, 0x03, 0x0E, 0x05, 0x02,
    0x04, 0x13, 0x05, 0x13, 0x05, 0x15, 0x03, 0x15, 0x03, 0x15, 0x03, 0x0B,
    0x01, 0x64, 0x03, 0x06, 0x01, 0x0E, 0x06, 0x02, 0x05, 0x0B, 0x06, 0x02,
    0x05, 0x0E, 0x02, 0x03, 0x04, 0x14, 0x03, 0x10, 0x01, 0x03, 0x04, 0x10,
    0x01, 0x02, 0x05, 0x13, 0x05, 0x13, 0x06, 0x12, 0x04, 0x02, 0x01, 0x11,
    0x04, 0x14, 0x04, 0x01, 0x01, 0x08, 0x01, 0x4E, 0x02, 0x15, 0x03, 0x15,
    0x06, 0x01, 0x04, 0x01, 0x01, 0x0B, 0x06, 0x01, 0x05, 0x13, 0x04, 0x0F,
    0x01, 0x05, 0x03, 0x14, 0x04, 0x12, 0x06, 0x12, 0x06, 0x12, 0x03, 0x02,
    0x01, 0x12, 0x03, 0x03, 0x01, 0x11, 0x03, 0x03, 0x01, 0x11, 0x03, 0x03,
    0x01, 0x07, 0x01, 0x4D, 0x03, 0x15, 0x04, 0x14, 0x06, 0x02, 0x03, 0x0E,
    0x01, 0x01, 0x03, 0x02, 0x05, 0x12, 0x04, 0x0F, 0x01, 0x04, 0x04, 0x14,
    0x04, 0x12, 0x05, 0x13, 0x05, 0x13, 0x06, 0x12, 0x03, 0x01, 0x01, 0x13,
    0x03, 0x01, 0x01, 0x13, 0x03, 0x01, 0x01, 0x09, 0x01, 0x4E, 0x03, 0x14,
    0x04, 0x14, 0x06, 0x02, 0x03, 0x11, 0x02, 0x02, 0x05, 0x12, 0x05, 0x13,
    0x04, 0x14, 0x04, 0x12, 0x06, 0x12, 0x06, 0x12, 0x03, 0x02, 0x01, 0x12,
    0x03, 0x02, 0x01, 0x12, 0x03, 0x15, 0x03, 0x02, 0x01, 0x08, 0x01, 0x4E,
    0x03, 0x14, 0x04, 0x15, 0x05, 0x02, 0x03, 0x11, 0x02, 0x02, 0x05, 0x12,
    0x06, 0x12, 0x04, 0x14, 0x04, 0x13, 0x05, 0x12, 0x06, 0x12, 0x03, 0x02,
    0x01, 0x12, 0x03, 0x02, 0x02, 0x11, 0x03, 0x02, 0x01, 0x12, 0x03, 0x02,
    0x01, 0x08, 0x01, 0x4E, 0x03, 0x14, 0x04, 0x15, 0x05, 0x02, 0x04, 0x10,
    0x02, 0x02, 0x03, 0x02, 0x01, 0x11, 0x06, 0x13, 0x04, 0x13, 0x04, 0x14,
    0x04, 0x12, 0x06, 0x12, 0x03, 0x01, 0x02, 0x12, 0x03, 0x02, 0x01, 0x12,
    0x03, 0x02, 0x02, 0x11, 0x03, 0x02, 0x01, 0x08, 0x01, 0x4E, 0x03, 0x15,
    0x04, 0x14, 0x05, 0x03, 0x01, 0x01, 0x01, 0x10, 0x03, 0x01, 0x04, 0x14,
    0x06, 0x12, 0x04, 0x14, 0x04, 0x13, 0x04, 0x12, 0x06, 0x12, 0x06, 0x12,
    0x03, 0x02, 0x01, 0x12, 0x03, 0x02, 0x02, 0x11, 0x03, 0x02, 0x02, 0x07,
    0x01, 0x4E, 0x03, 0x15, 0x04, 0x14, 0x05, 0x03, 0x01, 0x12, 0x03, 0x02,
    0x03, 0x14, 0x06, 0x12, 0x05, 0x13, 0x04, 0x13, 0x04, 0x12, 0x06, 0x12,
    0x06, 0x12, 0x03, 0x02, 0x01, 0x12, 0x03, 0x02, 0x02, 0x11, 0x03, 0x02,
    0x02, 0x07, 0x01, 0x1F, 0x01, 0x16, 0x03, 0x15, 0x04, 0x15, 0x04, 0x16,
    0x02, 0x14, 0x01, 0x06, 0x04, 0x0D, 0x01, 0x05, 0x07, 0x11, 0x06, 0x0D,
    0x01, 0x04, 0x04, 0x12, 0x06, 0x12, 0x05, 0x13, 0x05, 0x12, 0x03, 0x02,
    0x01, 0x12, 0x03, 0x02, 0x01, 0x12, 0x03, 0x02, 0x02, 0x07, 0x01, 0x07,
    0x04, 0x14, 0x04, 0x16, 0x03, 0x15, 0x03, 0x17, 0x01, 0x32, 0x03, 0x14,
    0x05, 0x13, 0x06, 0x12, 0x05, 0x13, 0x04, 0x13, 0x05, 0x12, 0x06, 0x12,
    0x06, 0x12, 0x03, 0x01, 0x02, 0x12, 0x03, 0x02, 0x01, 0x07, 0x01, 0x08,
    0x04, 0x14, 0x04, 0x16, 0x02, 0x16, 0x03, 0x16, 0x01, 0x14, 0x01, 0x17,
    0x01, 0x04, 0x04, 0x14, 0x05, 0x13, 0x05, 0x13, 0x05, 0x12, 0x05, 0x12,
    0x05, 0x12, 0x06, 0x11, 0x01, 0x01, 0x05, 0x10, 0x01, 0x02, 0x05, 0x13,
    0x05, 0x08, 0x01, 0x08, 0x04, 0x15, 0x03, 0x16, 0x02, 0x16, 0x03, 0x13,
    0x01, 0x02, 0x01, 0x14, 0x01, 0x17, 0x01, 0x04, 0x04, 0x13, 0x06, 0x13,
    0x05, 0x13, 0x05, 0x12, 0x05, 0x12, 0x05, 0x13, 0x05, 0x12, 0x06, 0x12,
    0x06, 0x13, 0x04, 0x09, 0x01, 0x09, 0x04, 0x15, 0x03, 0x15, 0x03, 0x13,
    0x01, 0x01, 0x03, 0x16, 0x02, 0x13, 0x01, 0x17, 0x01, 0x05, 0x04, 0x13,
    0x06, 0x11, 0x07, 0x12, 0x06, 0x11, 0x07, 0x11, 0x05, 0x12, 0x05, 0x13,
    0x05, 0x12, 0x06, 0x12, 0x06, 0x08, 0x01, 0x0A, 0x03, 0x12, 0x06, 0x12,
    0x01, 0x01, 0x05, 0x11, 0x01, 0x02, 0x04, 0x11, 0x01, 0x03, 0x02, 0x12,
    0x01, 0x17, 0x01, 0x07, 0x03, 0x0E, 0x01, 0x06, 0x09, 0x08, 0x01, 0x04,
    0x08, 0x0C, 0x01, 0x02, 0x09, 0x0D, 0x01, 0x02, 0x0A, 0x0C, 0x0C, 0x0D,
    0x0A, 0x0D, 0x07, 0x01, 0x01, 0x0E, 0x08, 0x10, 0x07, 0x07, 0x01, 0x04,
    0x03, 0x02, 0x07, 0x0D, 0x01, 0x03, 0x07, 0x0D, 0x02, 0x02, 0x06, 0x0E,
    0x02, 0x04, 0x03, 0x0F, 0x02, 0x05, 0x01, 0x10, 0x02, 0x0A, 0x04, 0x08,
    0x02, 0x0A, 0x05, 0x08, 0x01, 0x09, 0x07, 0x07, 0x02, 0x05, 0x0B, 0x07,
    0x02, 0x03, 0x0C, 0x08, 0x02, 0x02, 0x0C, 0x09, 0x02, 0x02, 0x0B, 0x0A,
    0x0E, 0x0B, 0x0D, 0x0B, 0x0D, 0x0B, 0x0D, 0x00, 0x02, 0x07, 0x07, 0x08,
    0x02, 0x09, 0x03, 0x0A, 0x03, 0x09, 0x02, 0x0A, 0x03, 0x09, 0x02, 0x08,
    0x05, 0x12, 0x06, 0x11, 0x07, 0x12, 0x06, 0x0D, 0x02, 0x02, 0x08, 0x0B,
    0x0E, 0x09, 0x0A, 0x01, 0x05, 0x06, 0x0C, 0x01, 0x06, 0x04, 0x0D, 0x02,
    0x06, 0x03, 0x0D, 0x03, 0x06, 0x02, 0x0D, 0x04, 0x06, 0x02, 0x0C, 0x05,
    0x13, 0x01, 0x0B, 0x05, 0xFF, 0x00, 0x0F, 0x02, 0x14, 0x04, 0x14, 0x04,
    0x13, 0x05, 0x12, 0x06, 0x01, 0xCB, 0x02, 0x16, 0x02, 0x9B, 0x01, 0xFB,
    0x02, 0x17, 0x01, 0x6B, 0x01, 0xFF, 0x00, 0x14, 0x02, 0x6B, 0x01, 0xFF,
    0x00, 0x14, 0x01, 0x6C, 0x01, 0xFF, 0x00, 0x14, 0x01, 0x17, 0x01, 0x54,
    0x01, 0xFC, 0x01, 0x16, 0x02, 0x16, 0x02, 0x53, 0x01, 0x85, 0x01, 0x17,
    0x01, 0x17, 0x01, 0x16, 0x02, 0x16, 0x02, 0x15, 0x03, 0x16, 0x02, 0x16,
    0x03, 0x14, 0x04, 0x14, 0x05, 0x14, 0x02, 0x0A, 0x01, 0x3D, 0x02, 0x16,
    0x03, 0x16, 0x02, 0x2E, 0x01, 0x16, 0x02, 0x13, 0x02, 0x01, 0x02, 0x16,
    0x02, 0x14, 0x01, 0x02, 0x01, 0x16, 0x03, 0x15, 0x03, 0x15, 0x04, 0x14,
    0x04, 0x13, 0x06, 0x06, 0x01, 0x3D, 0x02, 0x16, 0x03, 0x16, 0x02, 0x2E,
    0x01, 0x16, 0x02, 0x13, 0x01, 0x02, 0x02, 0x13, 0x01, 0x02, 0x02, 0x13,
    0x01, 0x02, 0x02, 0x13, 0x01, 0x02, 0x03, 0x15, 0x03, 0x15, 0x04, 0x14,
    0x04, 0x13, 0x06, 0x06, 0x01, 0x3D, 0x02, 0x15, 0x04, 0x15, 0x03, 0x2E,
    0x01, 0x16, 0x02, 0x12, 0x01, 0x03, 0x02, 0x12, 0x02, 0x02, 0x02, 0x13,
    0x01, 0x02, 0x02, 0x13, 0x01, 0x02, 0x02, 0x12, 0x02, 0x02, 0x03, 0x15,
    0x03, 0x15, 0x04, 0x13, 0x05, 0x07, 0x01, 0x3D, 0x03, 0x15, 0x04, 0x14,
    0x04, 0x16, 0x02, 0x16, 0x01, 0x15, 0x03, 0x15, 0x02, 0x16, 0x02, 0x12,
    0x02, 0x02, 0x02, 0x12, 0x01, 0x03, 0x02, 0x12, 0x01, 0x03, 0x02, 0x12,
    0x02, 0x02, 0x03, 0x15, 0x04, 0x13, 0x05, 0x07, 0x01, 0x27, 0x02, 0x15,
    0x04, 0x14, 0x04, 0x14, 0x04, 0x15, 0x03, 0x15, 0x02, 0x15, 0x02, 0x10,
    0x01, 0x04, 0x03, 0x10, 0x01, 0x04, 0x03, 0x10, 0x01, 0x04, 0x03, 0x0F,
    0x04, 0x02, 0x03, 0x10, 0x02, 0x02, 0x04, 0x10, 0x02, 0x03, 0x03, 0x10,
    0x02, 0x03, 0x03, 0x10, 0x02, 0x03, 0x04, 0x07, 0x01, 0x0F, 0x04, 0x13,
    0x06, 0x13, 0x05, 0x12, 0x05, 0x15, 0x03, 0x16, 0x02, 0x14, 0x02, 0x15,
    0x03, 0x15, 0x03, 0x0F, 0x01, 0x04, 0x04, 0x14, 0x03, 0x0F, 0x01, 0x05,
    0x03, 0x0F, 0x02, 0x04, 0x03, 0x0F, 0x0A, 0x0F, 0x02, 0x03, 0x04, 0x0E,
    0x03, 0x03, 0x05, 0x06, 0x01, 0x0F, 0x06, 0x13, 0x05, 0x12, 0x05, 0x14,
    0x04, 0x14, 0x04, 0x14, 0x02, 0x15, 0x04, 0x13, 0x05, 0x13, 0x04, 0x14,
    0x04, 0x0E, 0x01, 0x05, 0x03, 0x15, 0x03, 0x0E, 0x01, 0x06, 0x03, 0x0F,
    0x01, 0x03, 0x06, 0x0E, 0x05, 0x01, 0x04, 0x0E, 0x02, 0x04, 0x05, 0x05,
    0x01, 0x11, 0x05, 0x13, 0x05, 0x14, 0x04, 0x14, 0x03, 0x14, 0x03, 0x14,
    0x04, 0x14, 0x03, 0x14, 0x04, 0x14, 0x04, 0x15, 0x03, 0x0D, 0x01, 0x07,
    0x03, 0x0D, 0x01, 0x06, 0x04, 0x0E, 0x01, 0x03, 0x07, 0x0D, 0x05, 0x01,
    0x05, 0x0E, 0x02, 0x03, 0x06, 0x0D, 0x02, 0x03, 0x07, 0x02, 0x01, 0x14,
    0x04, 0x13, 0x04, 0x13, 0x05, 0x13, 0x04, 0x13, 0x05, 0x14, 0x04, 0x14,
    0x04, 0x0C, 0x01, 0x06, 0x05, 0x0C, 0x01, 0x05, 0x06, 0x0B, 0x02, 0x04,
    0x02, 0x01, 0x05, 0x0A, 0x06, 0x03, 0x05, 0x0A, 0x05, 0x04, 0x06, 0x0C,
    0x02, 0x03, 0x07, 0x0C, 0x03, 0x02, 0x07, 0x0C, 0x0C, 0x0C, 0x0C, 0x01,
    0x16, 0x02, 0x16, 0x02, 0x15, 0x03, 0x13, 0x02, 0x01, 0x02, 0x11, 0x03,
    0x02, 0x02, 0x0A, 0x01, 0x0B, 0x02, 0x0A, 0x02, 0x0A, 0x02, 0x0B, 0x02,
    0x08, 0x03, 0x0C, 0x02, 0x07, 0x03, 0x0C, 0x05, 0x03, 0x04, 0x0D, 0x0B,
    0x0E, 0x0A, 0x0F, 0x09, 0x0F, 0x01, 0x02, 0x06, 0x12, 0x06, 0x11, 0x07,
    0x01, 0x6B, 0x01, 0x17, 0x04, 0x16, 0x02, 0x17, 0x06, 0x13, 0x05, 0x15,
    0x02, 0x95, 0x01, 0xFF, 0x00, 0x12, 0x03, 0x17, 0x06, 0x14, 0x03, 0x38,
    0x01, 0xFA, 0x01, 0x19, 0x03, 0x16, 0x01, 0x17, 0x01, 0x3A, 0x01, 0x99,
    0x01, 0x30, 0x01, 0x17, 0x02, 0x18, 0x04, 0x14, 0x03, 0x15, 0x03, 0x51,
    0x01, 0x6A, 0x01, 0x30, 0x01, 0x17, 0x02, 0x2F, 0x01, 0x17, 0x04, 0x13,
    0x05, 0x13, 0x03, 0x52, 0x01, 0x52, 0x02, 0x2F, 0x01, 0x17, 0x02, 0x16,
    0x01, 0x17, 0x02, 0x16, 0x02, 0x15, 0x05, 0x13, 0x04, 0x6A, 0x01, 0x3B,
    0x02, 0x2F, 0x01, 0x17, 0x02, 0x16, 0x01, 0x17, 0x01, 0x16, 0x02, 0x16,
    0x03, 0x14, 0x05, 0x12, 0x04, 0x6B, 0x01, 0x24, 0x01, 0x16, 0x02, 0x17,
    0x01, 0x17, 0x02, 0x16, 0x03, 0x15, 0x04, 0x14, 0x03, 0x15, 0x02, 0x15,
    0x03, 0x15, 0x04, 0x13, 0x07, 0x0F, 0x09, 0x10, 0x08, 0x10, 0x06, 0x21,
    0x01, 0x3C, 0x02, 0x15, 0x04, 0x15, 0x04, 0x16, 0x02, 0x16, 0x03, 0x14,
    0x05, 0x12, 0x07, 0x13, 0x06, 0x12, 0x02, 0x01, 0x02, 0x13, 0x02, 0x16,
    0x04, 0x13, 0x05, 0x13, 0x06, 0x11, 0x08, 0x04, 0x01, 0x6D, 0x02, 0x16,
    0x03, 0x14, 0x04, 0x15, 0x04, 0x15, 0x04, 0x14, 0x05, 0x13, 0x05, 0x13,
    0x06, 0x12, 0x07, 0x11, 0x07, 0x0E, 0x03, 0x01, 0x03, 0x15, 0x03, 0x06,
    0x01, 0x58, 0x02, 0x15, 0x04, 0x14, 0x04, 0x14, 0x05, 0x14, 0x04, 0x0E,
    0x01, 0x06, 0x04, 0x0F, 0x0A, 0x12, 0x07, 0x11, 0x08, 0x11, 0x07, 0x10,
    0x07, 0x0C, 0x03, 0x04, 0x03, 0x15, 0x04, 0x02, 0x01, 0x12, 0x06, 0x12,
    0x06, 0x13, 0x05, 0x13, 0x05, 0x14, 0x04, 0x16, 0x02, 0x08, 0x01, 0x0D,
    0x02, 0x0A, 0x01, 0x07, 0x01, 0x02, 0x03, 0x0D, 0x0B, 0x15, 0x03, 0x15,
    0x03, 0x15, 0x03, 0x16, 0x02, 0x17, 0x01, 0x17, 0x01, 0x17, 0x01, 0x01,
    0x1F, 0x01, 0x19, 0x01, 0x18, 0x03, 0x16, 0x04, 0x16, 0x04, 0x02, 0x05,
    0x10, 0x08, 0x12, 0x06, 0x16, 0x02, 0xA8, 0x01, 0x82, 0x01, 0x17, 0x07,
    0x15, 0x09, 0x10, 0x09, 0x15, 0x03, 0x90, 0x01, 0xFF, 0x00, 0x81, 0x01,
    0x09, 0x0F, 0x08, 0x0B, 0x0D, 0x06, 0x01, 0x03, 0x0E, 0x06, 0x17, 0x01,
    0x2E, 0x01, 0xE3, 0x01, 0x0B, 0x05, 0x13, 0x04, 0x14, 0x03, 0x15, 0x02,
    0x14, 0x03, 0x15, 0x03, 0x15, 0x02, 0x17, 0x01, 0x16, 0x02, 0xB5, 0x01,
    0x23, 0x01, 0x16, 0x02, 0x16, 0x01, 0x17, 0x01, 0x16, 0x02, 0x16, 0x01,
    0xE6, 0x01, 0x39, 0x03, 0x16, 0x02, 0x16, 0x02, 0x16, 0x01, 0x16, 0x02,
    0x17, 0x01, 0x17, 0x01, 0x17, 0x01, 0x9D, 0x01, 0x6A, 0x01, 0x17, 0x02,
    0x16, 0x02, 0x16, 0x02, 0x13, 0x08, 0x09, 0x0A, 0x03, 0x15, 0x03, 0x15,
    0x02, 0x15, 0x04, 0x14, 0x05, 0x13, 0x05, 0x13, 0x04, 0x0B, 0x01, 0x0A,
    0x04, 0x12, 0x06, 0x10, 0x01, 0x01, 0x07, 0x09, 0x01, 0x01, 0x12, 0x04,
    0x24, 0x02, 0x15, 0x01, 0x15, 0x05, 0x13, 0x04, 0x14, 0x05, 0x14, 0x04,
    0x14, 0x03, 0x16, 0x02, 0x45, 0x02, 0x0C, 0x00, 0x03, 0x03, 0x0B, 0x03,
    0x02, 0x02, 0x21, 0x02, 0x02, 0x01, 0x14, 0x01, 0x18, 0x02, 0x13, 0x06,
    0x13, 0x05, 0x12, 0x03, 0x01, 0x02, 0x12, 0x07, 0x11, 0x06, 0x13, 0x06,
    0x13, 0x05, 0x13, 0x03, 0x15, 0x04, 0x14, 0x03, 0x23, 0x00, 0x05, 0x04,
    0x01, 0x03, 0x10, 0x06, 0x01, 0x03, 0x0D, 0x04, 0x01, 0x01, 0x02, 0x04,
    0x0D, 0x04, 0x03, 0x03, 0x0F, 0x02, 0x04, 0x01, 0x01, 0x01, 0x02, 0x01,
    0x0B, 0x02, 0x01, 0x01, 0x01, 0x03, 0x01, 0x04, 0x0B, 0x02, 0x03, 0x02,
    0x02, 0x04, 0x0B, 0x04, 0x01, 0x07, 0x11, 0x02, 0x01, 0x02, 0x01, 0x02,
    0x0E, 0x01, 0x01, 0x05, 0x11, 0x01, 0x02, 0x05, 0x11, 0x04, 0x01, 0x04,
    0x10, 0x05, 0x13, 0x07, 0x11, 0x05, 0x13, 0x01, 0x01, 0x05, 0x07, 0x00,
    0x01, 0x03, 0x06, 0x01, 0x04, 0x01, 0x02, 0x01, 0x05, 0x02, 0x0C, 0x01,
    0x02, 0x02, 0x06, 0x01, 0x03, 0x01, 0x03, 0x01, 0x0E, 0x01, 0x03, 0x01,
    0x01, 0x04, 0x02, 0x02, 0x02, 0x01, 0x01, 0x01, 0x07, 0x01, 0x02, 0x01,
    0x01, 0x03, 0x03, 0x04, 0x01, 0x02, 0x06, 0x01, 0x02, 0x01, 0x03, 0x03,
    0x04, 0x01, 0x01, 0x02, 0x07, 0x01, 0x01, 0x01, 0x07, 0x03, 0x01, 0x01,
    0x06, 0x01, 0x01, 0x04, 0x08, 0x02, 0x01, 0x01, 0x13, 0x04, 0x03, 0x04,
    0x08, 0x01, 0x03, 0x06, 0x01, 0x04, 0x04, 0x01, 0x06, 0x03, 0x02, 0x01,
    0x01, 0x03, 0x01, 0x02, 0x0C, 0x01, 0x07, 0x01, 0x02, 0x01, 0x0E, 0x01,
    0x01, 0x02, 0x02, 0x01, 0x13, 0x02, 0x03, 0x01, 0x17, 0x02, 0x01, 0x01,
    0x0F, 0x01, 0x04, 0x02, 0x02, 0x00, 0x02, 0x01, 0x07, 0x02, 0x0E, 0x01,
    0x02, 0x01, 0x06, 0x01, 0x0C, 0x01, 0x03, 0x01, 0x01, 0x01, 0x08, 0x01,
    0x08, 0x01, 0x01, 0x01, 0x07, 0x02, 0x02, 0x03, 0x09, 0x01, 0x15, 0x03,
    0x03, 0x03, 0x02, 0x02, 0x05, 0x01, 0x04, 0x01, 0x04, 0x01, 0x01, 0x07,
    0x08, 0x02, 0x09, 0x03, 0x01, 0x03, 0x05, 0x02, 0x07, 0x01, 0x08, 0x02,
    0x01, 0x03, 0x09, 0x01, 0x01, 0x01, 0x02, 0x01, 0x02, 0x01, 0x03, 0x03,
    0x01, 0x03, 0x05, 0x02, 0x02, 0x02, 0x05, 0x04, 0x01, 0x02, 0x03, 0x02,
    0x01, 0x05, 0x03, 0x01, 0x02, 0x04, 0x0A, 0x01, 0x06, 0x02, 0x01, 0x02,
    0x05, 0x01, 0x08, 0x02, 0x03, 0x02, 0x01, 0x02, 0x04, 0x01, 0x02, 0x02,
    0x09, 0x01, 0x0B, 0x03, 0x08, 0x04, 0x05, 0x02, 0x01, 0x00, 0x03, 0x01,
    0x17, 0x03, 0x03, 0x02, 0x16, 0x02, 0x05, 0x02, 0x0B, 0x01, 0x03, 0x02,
    0x0D, 0x02, 0x02, 0x02, 0x03, 0x02, 0x0D, 0x02, 0x12, 0x01, 0x25, 0x01,
    0x15, 0x03, 0x01, 0x02, 0x08, 0x02, 0x01, 0x02, 0x06, 0x02, 0x01, 0x02,
    0x07, 0x02, 0x06, 0x01, 0x01, 0x04, 0x03, 0x01, 0x0E, 0x02, 0x01, 0x01,
    0x05, 0x01, 0x06, 0x01, 0x0C, 0x01, 0x08, 0x01, 0x01, 0x01, 0x09, 0x01,
    0x02, 0x01, 0x01, 0x02, 0x04, 0x03, 0x05, 0x03, 0x02, 0x02, 0x04, 0x01,
    0x06, 0x02, 0x05, 0x02, 0x01, 0x03, 0x0B, 0x02, 0x02, 0x00, 0x06, 0x02,
    0x02, 0x01, 0x05, 0x01, 0x0D, 0x01, 0x01, 0x02, 0x16, 0x02, 0x04, 0x02,
    0x07, 0x01, 0x07, 0x02, 0x05, 0x02, 0x07, 0x04, 0x02, 0x01, 0x08, 0x02,
    0x08, 0x04, 0x01, 0x01, 0x12, 0x04, 0x14, 0x04, 0x14, 0x03, 0x03, 0x02,
    0x06, 0x02, 0x06, 0x01, 0x01, 0x04, 0x09, 0x03, 0x02, 0x02, 0x02, 0x05,
    0x07, 0x01, 0x04, 0x01, 0x03, 0x02, 0x03, 0x03, 0x09, 0x02, 0x05, 0x02,
    0x03, 0x03, 0x11, 0x01, 0x03, 0x03, 0x02, 0x01, 0x06, 0x04, 0x08, 0x03,
    0x02, 0x01, 0x05, 0x01, 0x02, 0x02, 0x02, 0x02, 0x04, 0x02, 0x04, 0x01,
    0x04, 0x01, 0x03, 0x02, 0x07, 0x00, 0x09, 0x01, 0x02, 0x02, 0x03, 0x02,
    0x11, 0x03, 0x0E, 0x02, 0x06, 0x02, 0x0B, 0x08, 0x06, 0x01, 0x08, 0x09,
    0x0F, 0x09, 0x0E, 0x0A, 0x0E, 0x0B, 0x0D, 0x09, 0x04, 0x01, 0x04, 0x01,
    0x06, 0x07, 0x06, 0x02, 0x02, 0x01, 0x06, 0x01, 0x01, 0x04, 0x07, 0x04,
    0x08, 0x05, 0x09, 0x02, 0x04, 0x01, 0x01, 0x07, 0x06, 0x02, 0x09, 0x08,
    0x05, 0x01, 0x07, 0x01, 0x01, 0x09, 0x04, 0x01, 0x01, 0x02, 0x05, 0x01,
    0x01, 0x01, 0x01, 0x08, 0x02, 0x02, 0x0B, 0x00, 0x0B, 0x02, 0x08, 0x01,
    0x07, 0x07, 0x02, 0x02, 0x05, 0x01, 0x06, 0x0A, 0x0D, 0x0A, 0x07, 0x01,
    0x06, 0x0A, 0x0D, 0x0B, 0x0D, 0x0A, 0x0F, 0x09, 0x03, 0x01, 0x0C, 0x07,
    0x12, 0x05, 0x08, 0x01, 0x02, 0x02, 0x01, 0x02, 0x03, 0x04, 0x06, 0x01,
    0x02, 0x01, 0x09, 0x05, 0x11, 0x07, 0x06, 0x02, 0x01, 0x02, 0x05, 0x08,
    0x10, 0x08, 0x06, 0x01, 0x02, 0x02, 0x05, 0x08, 0x0A, 0x01, 0x04, 0x00,
    0x05, 0x07, 0x11, 0x09, 0x0E, 0x0B, 0x02, 0x02, 0x08, 0x0C, 0x06, 0x02,
    0x04, 0x0B, 0x0D, 0x0A, 0x02, 0x01, 0x0B, 0x08, 0x10, 0x09, 0x12, 0x06,
    0x05, 0x01, 0x02, 0x01, 0x01, 0x01, 0x07, 0x05, 0x01, 0x02, 0x03, 0x01,
    0x05, 0x01, 0x01, 0x09, 0x0F, 0x02, 0x01, 0x06, 0x0F, 0x09, 0x06, 0x01,
    0x08, 0x09, 0x0E, 0x0A, 0x0A, 0x01, 0x04, 0x09, 0x05, 0x03, 0x06, 0x00,
    0x06, 0x05, 0x03, 0x02, 0x0B, 0x09, 0x0F, 0x08, 0x05, 0x01, 0x09, 0x09,
    0x0F, 0x0A, 0x0D, 0x09, 0x07, 0x02, 0x06, 0x09, 0x0F, 0x04, 0x02, 0x05,
    0x05, 0x01, 0x06, 0x01, 0x01, 0x02, 0x01, 0x01, 0x01, 0x06, 0x10, 0x01,
    0x01, 0x06, 0x08, 0x01, 0x08, 0x07, 0x10, 0x06, 0x05, 0x02, 0x02, 0x02,
    0x04, 0x09, 0x01, 0x01, 0x03, 0x02, 0x02, 0x02, 0x03, 0x0B, 0x06, 0x01,
    0x06, 0x0B, 0x0D, 0x0A, 0x0D, 0x00, 0x03, 0x02, 0x02, 0x05, 0x0E, 0x02,
    0x01, 0x07, 0x0E, 0x09, 0x10, 0x08, 0x10, 0x08, 0x05, 0x03, 0x02, 0x02,
    0x03, 0x09, 0x05, 0x02, 0x08, 0x0D, 0x06, 0x02, 0x03, 0x04, 0x01, 0x07,
    0x02, 0x01, 0x09, 0x03, 0x02, 0x07, 0x02, 0x02, 0x02, 0x01, 0x04, 0x01,
    0x04, 0x08, 0x03, 0x01, 0x07, 0x02, 0x04, 0x05, 0x0A, 0x01, 0x07, 0x05,
    0x03, 0x01, 0x05, 0x01, 0x01, 0x02, 0x03, 0x09, 0x07, 0x02, 0x03, 0x0C,
    0x0E, 0x0A, 0x0F, 0x09, 0x07, 0x02, 0x03, 0x00, 0x02, 0x02, 0x04, 0x04,
    0x10, 0x01, 0x01, 0x06, 0x06, 0x01, 0x09, 0x07, 0x0C, 0x01, 0x04, 0x08,
    0x08, 0x02, 0x05, 0x09, 0x06, 0x01, 0x01, 0x02, 0x05, 0x08, 0x01, 0x01,
    0x02, 0x01, 0x01, 0x02, 0x08, 0x0A, 0x02, 0x01, 0x0B, 0x04, 0x01, 0x06,
    0x01, 0x01, 0x05, 0x01, 0x04, 0x05, 0x01, 0x07, 0x03, 0x01, 0x09, 0x01,
    0x03, 0x07, 0x01, 0x01, 0x07, 0x01, 0x07, 0x04, 0x13, 0x05, 0x0E, 0x01,
    0x02, 0x07, 0x08, 0x02, 0x04, 0x0A, 0x03, 0x01, 0x05, 0x02, 0x04, 0x09,
    0x0F, 0x0A, 0x0B, 0x00, 0x09, 0x06, 0x01, 0x01, 0x08, 0x01, 0x05, 0x08,
    0x03, 0x01, 0x03, 0x01, 0x02, 0x02, 0x03, 0x09, 0x01, 0x01, 0x05, 0x01,
    0x06, 0x08, 0x03, 0x01, 0x05, 0x01, 0x02, 0x01, 0x01, 0x0A, 0x0F, 0x08,
    0x03, 0x02, 0x0B, 0x08, 0x11, 0x01, 0x01, 0x07, 0x07, 0x02, 0x06, 0x01,
    0x01, 0x08, 0x09, 0x01, 0x08, 0x06, 0x01, 0x01, 0x0F, 0x05, 0x0A, 0x01,
    0x06, 0x07, 0x01, 0x01, 0x04, 0x02, 0x02, 0x01, 0x02, 0x01, 0x01, 0x09,
    0x07, 0x01, 0x01, 0x01, 0x03, 0x0B, 0x09, 0x01, 0x03, 0x0D, 0x0A, 0x02,
    0x01, 0x0B, 0x09, 0x00, 0x05, 0x01, 0x03, 0x01, 0x03, 0x02, 0x0E, 0x01,
    0x03, 0x08, 0x01, 0x01, 0x0E, 0x0A, 0x09, 0x01, 0x01, 0x01, 0x02, 0x0B,
    0x06, 0x01, 0x01, 0x01, 0x04, 0x0B, 0x08, 0x02, 0x02, 0x0D, 0x0B, 0x0C,
    0x03, 0x01, 0x09, 0x0A, 0x02, 0x03, 0x09, 0x05, 0x0E, 0x02, 0x03, 0x05,
    0x01, 0x01, 0x05, 0x02, 0x01, 0x01, 0x01, 0x01, 0x06, 0x06, 0x04, 0x01,
    0x04, 0x01, 0x07, 0x06, 0x10, 0x07, 0x03, 0x01, 0x09, 0x0C, 0x0D, 0x0B,
    0x0C, 0x01, 0x02, 0x09, 0x0A, 0x00, 0x02, 0x01, 0x02, 0x01, 0x03, 0x01,
    0x01, 0x01, 0x0C, 0x04, 0x13, 0x01, 0x01, 0x01, 0x08, 0x01, 0x0D, 0x01,
    0x04, 0x02, 0x02, 0x05, 0x0A, 0x01, 0x08, 0x05, 0x04, 0x01, 0x0C, 0x01,
    0x01, 0x04, 0x0F, 0x01, 0x04, 0x09, 0x10, 0x09, 0x0B, 0x01, 0x02, 0x0A,
    0x0E, 0x0B, 0x04, 0x01, 0x04, 0x01, 0x04, 0x0B, 0x0B, 0x0B, 0x0C, 0x07,
    0x10, 0x08, 0x05, 0x01, 0x0A, 0x08, 0x06, 0x01, 0x09, 0x09, 0x09, 0x00,
    0x01, 0x01, 0x0F, 0x02, 0x13, 0x01, 0x09, 0x01, 0x05, 0x01, 0x11, 0x01,
    0x05, 0x01, 0x04, 0x04, 0x01, 0x02, 0x10, 0x05, 0x01, 0x03, 0x03, 0x01,
    0x02, 0x02, 0x07, 0x04, 0x0B, 0x01, 0x09, 0x03, 0x15, 0x04, 0x09, 0x01,
    0x09, 0x05, 0x0F, 0x02, 0x02, 0x06, 0x12, 0x09, 0x0C, 0x0E, 0x0B, 0x07,
    0x03, 0x06, 0x06, 0x09, 0x06, 0x01, 0x08, 0x09, 0x06, 0x01, 0x08, 0x09,
    0x05, 0x01, 0x03, 0x01, 0x01, 0x01, 0x01, 0x07, 0x01, 0x0D, 0x01, 0x09,
    0x01, 0x0C, 0x01, 0x09, 0x01, 0x17, 0x06, 0x02, 0x01, 0x10, 0x05, 0x02,
    0x01, 0x10, 0x05, 0x14, 0x04, 0x04, 0x01, 0x08, 0x01, 0x02, 0x01, 0x01,
    0x01, 0x01, 0x04, 0x05, 0x01, 0x0A, 0x01, 0x03, 0x05, 0x0A, 0x01, 0x08,
    0x06, 0x0C, 0x01, 0x04, 0x08, 0x06, 0x01, 0x08, 0x0A, 0x0D, 0x08, 0x01,
    0x03, 0x0B, 0x09, 0x03, 0x02, 0x09, 0x09, 0x06, 0x01, 0x09, 0x08, 0x09,
    0x00, 0x16, 0x01, 0x05, 0x01, 0x14, 0x02, 0x02, 0x01, 0x07, 0x02, 0x02,
    0x01, 0x12, 0x06, 0x09, 0x01, 0x07, 0x06, 0x08, 0x01, 0x02, 0x01, 0x03,
    0x01, 0x02, 0x05, 0x08, 0x02, 0x02, 0x01, 0x07, 0x03, 0x15, 0x04, 0x14,
    0x04, 0x14, 0x04, 0x10, 0x02, 0x01, 0x05, 0x0E, 0x01, 0x02, 0x07, 0x0C,
    0x01, 0x02, 0x0A, 0x0E, 0x09, 0x0F, 0x09, 0x10, 0x08, 0x08, 0x01, 0x02,
    0x16, 0x01, 0x23, 0x02, 0x11, 0x01, 0x03, 0x04, 0x14, 0x04, 0x14, 0x04,
    0x11, 0x01, 0x01, 0x05, 0x05, 0x01, 0x0B, 0x01, 0x02, 0x05, 0x13, 0x05,
    0x08, 0x02, 0x01, 0x02, 0x06, 0x05, 0x04, 0x01, 0x0E, 0x05, 0x09, 0x01,
    0x07, 0x01, 0x01, 0x05, 0x11, 0x07, 0x07, 0x02, 0x02, 0x02, 0x03, 0x08,
    0x10, 0x08, 0x0F, 0x0A, 0x07, 0x00, 0x22, 0x04, 0x10, 0x01, 0x02, 0x06,
    0x12, 0x06, 0x0F, 0x01, 0x02, 0x06, 0x04, 0x01, 0x0A, 0x09, 0x09, 0x0F,
    0x09, 0x10, 0x08, 0x0A, 0x01, 0x05, 0x08, 0x01, 0x06, 0x03, 0x02, 0x04,
    0x0F, 0x03, 0x01, 0x05, 0x05, 0x01, 0x02, 0x01, 0x0B, 0x05, 0x04, 0x01,
    0x03, 0x01, 0x08, 0x07, 0x03, 0x01, 0x01, 0x01, 0x02, 0x01, 0x06, 0x01,
    0x02, 0x06, 0x03, 0x01, 0x0B, 0x01, 0x01, 0x07, 0x0F, 0x0A, 0x06, 0x00,
    0x13, 0x01, 0x17, 0x01, 0x14, 0x03, 0x01, 0x01, 0x11, 0x06, 0x12, 0x06,
    0x12, 0x07, 0x12, 0x05, 0x02, 0x01, 0x01, 0x01, 0x04, 0x10, 0x01, 0x01,
    0x01, 0x15, 0x03, 0x09, 0x06, 0x07, 0x02, 0x02, 0x04, 0x03, 0x07, 0x06,
    0x02, 0x02, 0x0E, 0x07, 0x08, 0x01, 0x08, 0x08, 0x07, 0x03, 0x06, 0x08,
    0x10, 0x06, 0x01, 0x01, 0x0F, 0x09, 0x00, 0x47, 0x01, 0x16, 0x02, 0x16,
    0x02, 0x16, 0x02, 0x0A, 0x02, 0x0B, 0x01, 0x0B, 0x35, 0x04, 0x04, 0x0B,
    0x01, 0x01, 0x03, 0x15, 0x02, 0x01, 0x01, 0x67, 0x00, 0xBF, 0x01, 0x02,
    0x46, 0x07, 0x0B, 0x03, 0x03, 0x60, 0x00, 0x0A, 0x07, 0x03, 0x04, 0x0A,
    0x07, 0x03, 0x04, 0x0B, 0x05, 0x04, 0x01, 0x01, 0x02, 0x0A, 0x06, 0x06,
    0x02, 0x09, 0x05, 0x07, 0x03, 0x09, 0x04, 0x07, 0x04, 0x09, 0x04, 0x07,
    0x03, 0x0A, 0x03, 0x08, 0x01, 0x0C, 0x03, 0x15, 0x0D, 0x02, 0x30, 0x03,
    0x15, 0x0D, 0x06, 0x35, 0x00, 0x09, 0x07, 0x03, 0x05, 0x0A, 0x06, 0x02,
    0x06, 0x0B, 0x05, 0x02, 0x06, 0x0A, 0x06, 0x01, 0x07, 0x0A, 0x06, 0x01,
    0x06, 0x0A, 0x06, 0x01, 0x07, 0x09, 0x06, 0x02, 0x06, 0x09, 0x06, 0x02,
    0x07, 0x08, 0x07, 0x01, 0x07, 0x09, 0x06, 0x03, 0x06, 0x08, 0x07, 0x02,
    0x07, 0x03, 0x14, 0x04, 0x16, 0x02, 0x18, 0x05, 0x05, 0x04, 0x0A, 0x0E,
    0x04, 0x03, 0x03, 0x00, 0x08, 0x10, 0x08, 0x10, 0x09, 0x0C, 0x02, 0x01,
    0x0C, 0x04, 0x01, 0x04, 0x0E, 0x04, 0x01, 0x05, 0x0E, 0x04, 0x01, 0x04,
    0x0E, 0x05, 0x01, 0x04, 0x0D, 0x05, 0x02, 0x04, 0x0D, 0x05, 0x01, 0x05,
    0x0D, 0x04, 0x02, 0x05, 0x05, 0x12, 0x05, 0x16, 0x02, 0x07, 0x02, 0x04,
    0x01, 0x0A, 0x14, 0x04, 0x16, 0x02, 0x18, 0x00, 0x0C, 0x0A, 0x0F, 0x09,
    0x0F, 0x09, 0x0F, 0x09, 0x10, 0x08, 0x10, 0x09, 0x0F, 0x03, 0x01, 0x06,
    0x0E, 0x0A, 0x0D, 0x03, 0x01, 0x07, 0x03, 0x15, 0x01, 0x1B, 0x0D, 0x09,
    0x0F, 0x09, 0x0F, 0x09, 0x0F, 0x0A, 0x0E, 0x07, 0x00, 0x11, 0x07, 0x10,
    0x08, 0x10, 0x08, 0x10, 0x07, 0x11, 0x07, 0x10, 0x08, 0x01, 0x0B, 0x04,
    0x08, 0x01, 0x17, 0x01, 0x05, 0x06, 0x10, 0x0A, 0x0E, 0x0B, 0x0D, 0x0C,
    0x0C, 0x0B, 0x08, 0x02, 0x03, 0x0B, 0x09, 0x01, 0x03, 0x0A, 0x0E, 0x0A,
    0x0B, 0x00, 0x58, 0x04, 0x04, 0x03, 0x04, 0x03, 0x05, 0x07, 0x02, 0x16,
    0x03, 0x06, 0x04, 0x0A, 0x04, 0x04, 0x09, 0x06, 0x05, 0x04, 0x0A, 0x05,
    0x05, 0x04, 0x09, 0x07, 0x04, 0x04, 0x09, 0x08, 0x03, 0x04, 0x09, 0x09,
    0x02, 0x04, 0x09, 0x0A, 0x01, 0x04, 0x0A, 0x04, 0x03, 0x02, 0x01, 0x04,
    0x09, 0x05, 0x04, 0x01, 0x02, 0x03, 0x08, 0x06, 0x04, 0x01, 0x00, 0x26,
    0x02, 0x14, 0x06, 0x12, 0x05, 0x08, 0x02, 0x04, 0x0B, 0x07, 0x10, 0x08,
    0x06, 0x04, 0x07, 0x07, 0x04, 0x07, 0x08, 0x05, 0x04, 0x07, 0x09, 0x04,
    0x04, 0x08, 0x09, 0x04, 0x03, 0x08, 0x0A, 0x03, 0x03, 0x08, 0x05, 0x03,
    0x03, 0x02, 0x03, 0x07, 0x04, 0x06, 0x02, 0x02, 0x04, 0x05, 0x06, 0x05,
    0x02, 0x02, 0x04, 0x05, 0x06, 0x06, 0x01, 0x03, 0x03, 0x05, 0x06, 0x07,
    0x00, 0x23, 0x03, 0x14, 0x05, 0x12, 0x06, 0x12, 0x06, 0x09, 0x01, 0x03,
    0x0A, 0x0A, 0x07, 0x02, 0x07, 0x08, 0x04, 0x07, 0x08, 0x05, 0x04, 0x07,
    0x08, 0x05, 0x04, 0x07, 0x0A, 0x03, 0x04, 0x07, 0x07, 0x01, 0x02, 0x03,
    0x04, 0x07, 0x04, 0x05, 0x02, 0x02, 0x04, 0x06, 0x05, 0x05, 0x03, 0x02,
    0x03, 0x05, 0x06, 0x06, 0x03, 0x01, 0x04, 0x04, 0x06, 0x07, 0x02, 0x01,
    0x04, 0x04, 0x06, 0x09, 0x00, 0x23, 0x02, 0x14, 0x06, 0x12, 0x06, 0x12,
    0x05, 0x0A, 0x01, 0x04, 0x09, 0x0A, 0x0E, 0x0A, 0x05, 0x04, 0x07, 0x08,
    0x03, 0x07, 0x09, 0x05, 0x03, 0x07, 0x09, 0x05, 0x03, 0x08, 0x09, 0x04,
    0x03, 0x08, 0x07, 0x01, 0x02, 0x03, 0x03, 0x07, 0x04, 0x05, 0x03, 0x02,
    0x03, 0x06, 0x06, 0x05, 0x03, 0x01, 0x04, 0x05, 0x06, 0x06, 0x07, 0x05,
    0x06, 0x07, 0x02, 0x00, 0x22, 0x03, 0x14, 0x06, 0x12, 0x06, 0x11, 0x07,
    0x11, 0x06, 0x0A, 0x0E, 0x0A, 0x05, 0x03, 0x08, 0x08, 0x02, 0x08, 0x07,
    0x07, 0x02, 0x08, 0x09, 0x05, 0x02, 0x08, 0x0A, 0x04, 0x02, 0x08, 0x0B,
    0x03, 0x02, 0x08, 0x04, 0x02, 0x02, 0x01, 0x03, 0x02, 0x02, 0x07, 0x05,
    0x06, 0x03, 0x01, 0x02, 0x07, 0x06, 0x06, 0x02, 0x01, 0x02, 0x06, 0x07,
    0x06, 0x03, 0x00, 0x21, 0x06, 0x11, 0x07, 0x11, 0x07, 0x10, 0x08, 0x10,
    0x07, 0x0B, 0x0D, 0x0A, 0x0D, 0x0B, 0x02, 0x07, 0x07, 0x11, 0x09, 0x0F,
    0x0B, 0x0E, 0x0A, 0x0E, 0x0C, 0x0C, 0x0C, 0x0B, 0x05, 0x06, 0x03, 0x09,
    0x06, 0x07, 0x03, 0x00, 0x09, 0x02, 0x14, 0x08, 0x0F, 0x08, 0x10, 0x08,
    0x10, 0x08, 0x0F, 0x09, 0x0A, 0x0D, 0x0B, 0x0D, 0x11, 0x08, 0x12, 0x09,
    0x0F, 0x0A, 0x0E, 0x0C, 0x0C, 0x0D, 0x0C, 0x0D, 0x0B, 0x0E, 0x0A, 0x05,
    0x03, 0x02, 0x02, 0x03, 0x00, 0x07, 0x04, 0x01, 0x02, 0x10, 0x08, 0x10,
    0x07, 0x11, 0x08, 0x0F, 0x09, 0x0F, 0x08, 0x0B, 0x0D, 0x0B, 0x0C, 0x11,
    0x0A, 0x10, 0x0A, 0x0E, 0x0B, 0x0E, 0x0C, 0x0C, 0x0D, 0x0B, 0x0E, 0x0B,
    0x0E, 0x0A, 0x05, 0x02, 0x03, 0x01, 0x04, 0x00, 0x07, 0x04, 0x01, 0x02,
    0x10, 0x08, 0x10, 0x07, 0x11, 0x08, 0x0F, 0x09, 0x0A, 0x0D, 0x0B, 0x0D,
    0x0E, 0x09, 0x11, 0x0A, 0x10, 0x0A, 0x0E, 0x0B, 0x0E, 0x0C, 0x0C, 0x0D,
    0x0B, 0x0E, 0x0B, 0x0D, 0x0B, 0x05, 0x01, 0x04, 0x01, 0x03, 0x01, 0x00,
    0x08, 0x03, 0x14, 0x07, 0x10, 0x08, 0x10, 0x08, 0x10, 0x08, 0x0A, 0x0E,
    0x0A, 0x0E, 0x0E, 0x09, 0x11, 0x08, 0x11, 0x0A, 0x0F, 0x0A, 0x0E, 0x0B,
    0x0D, 0x0D, 0x0C, 0x0C, 0x0C, 0x0D, 0x0B, 0x0A, 0x01, 0x03, 0x01, 0x00,
    0x0A, 0x04, 0x13, 0x08, 0x0F, 0x09, 0x0E, 0x09, 0x0F, 0x09, 0x08, 0x10,
    0x08, 0x0F, 0x0F, 0x09, 0x11, 0x07, 0x12, 0x08, 0x10, 0x09, 0x0F, 0x0B,
    0x0D, 0x0C, 0x0C, 0x0D, 0x0B, 0x0E, 0x0A, 0x0F, 0x00, 0x0B, 0x08, 0x10,
    0x09, 0x0D, 0x0A, 0x0E, 0x0A, 0x07, 0x11, 0x05, 0x12, 0x06, 0x03, 0x03,
    0x0B, 0x11, 0x07, 0x12, 0x08, 0x10, 0x0A, 0x0E, 0x0B, 0x0D, 0x0C, 0x0C,
    0x0D, 0x0B, 0x0D, 0x0B, 0x0D, 0x0B, 0x0D, 0x00, 0x0D, 0x0B, 0x0C, 0x0B,
    0x01, 0x01, 0x05, 0x05, 0x01, 0x0B, 0x01, 0x16, 0x02, 0x15, 0x03, 0x05,
    0x08, 0x08, 0x03, 0x02, 0x0C, 0x08, 0x02, 0x02, 0x0C, 0x0C, 0x0C, 0x0B,
    0x0D, 0x0B, 0x0D, 0x0B, 0x0D, 0x0B, 0x0D, 0x0B, 0x0D, 0x0B, 0x0D, 0x0B,
    0x0D, 0x07, 0x03, 0x01, 0x09, 0x06, 0x0E, 0x0B, 0x0D, 0x0C, 0x0C, 0x0C,
    0x0B, 0x0E, 0x0A, 0x0E, 0x0A, 0x0E, 0x0A, 0x0F, 0x08, 0x10, 0x08, 0x10,
    0x08, 0x10, 0x08, 0x10, 0x08, 0x10, 0x08, 0x0F, 0x09, 0x0F, 0x09, 0x0E,
    0x07, 0x01, 0x06, 0x0F, 0x09, 0x11, 0x06, 0x12, 0x06, 0x12, 0x06, 0x12,
    0x06, 0x13, 0x04, 0x14, 0x04, 0x14, 0x04, 0x14, 0x04, 0x14, 0x04, 0x14,
    0x04, 0x14, 0x04, 0x13, 0x05, 0x12, 0x06, 0x11, 0x07, 0x11, 0x03, 0x01,
    0x06, 0x12, 0x06, 0x12, 0x06, 0x12, 0x06, 0x12, 0x06, 0x12, 0x06, 0x12,
    0x06, 0x12, 0x06, 0x13, 0x05, 0x13, 0x05, 0x13, 0x05, 0x14, 0x04, 0x14,
    0x05, 0x14, 0x04, 0x15, 0x03, 0x16, 0x03, 0x10, 0x00, 0x03, 0x06, 0x12,
    0x06, 0x13, 0x05, 0x13, 0x05, 0x13, 0x05, 0x14, 0x04, 0x14, 0x05, 0x14,
    0x04, 0x15, 0x03, 0x15, 0x04, 0x15, 0x03, 0x16, 0x02, 0x6D, 0x00, 0x06,
    0x05, 0x14, 0x04, 0x15, 0x03, 0x15, 0x04, 0x15, 0x03, 0x16, 0x03, 0x16,
    0x02, 0xE3, 0x00, 0x0A, 0x03, 0x16, 0x02, 0xFF, 0x00, 0x5C, 0x00, 0xE3,
    0x02, 0x9B, 0x00, 0x6B, 0x02, 0x16, 0x02, 0xFB, 0x00, 0x3B, 0x02, 0x16,
    0x02, 0xFF, 0x00, 0x2C, 0x00, 0xB2, 0x03, 0x15, 0x03, 0x15, 0x03, 0x9B,
    0x00, 0x9A, 0x04, 0x12, 0x08, 0x10, 0x08, 0x10, 0x08, 0x0F, 0x0A, 0x0D,
    0x0B, 0x0E, 0x0A, 0x0F, 0x08, 0x38, 0x00, 0x80, 0x01, 0x01, 0x06, 0x0D,
    0x04, 0x01, 0x09, 0x09, 0x03, 0x0A, 0x03, 0x08, 0x04, 0x08, 0x04, 0x09,
    0x0A, 0x01, 0x02, 0x0C, 0x0C, 0x0C, 0x0C, 0x0C, 0x04, 0x04, 0x03, 0x0D,
    0x0B, 0x0E, 0x0A, 0x1F, 0x00, 0xC7, 0x01, 0x02, 0x01, 0x01, 0x02, 0x01,
    0x02, 0x01, 0x01, 0x09, 0x02, 0x01, 0x01, 0x07, 0x02, 0x01, 0x04, 0x04,
    0x02, 0x10, 0x02, 0x03, 0x02, 0x12, 0x02, 0x02, 0x03, 0x06, 0x04, 0x06,
    0x03, 0x03, 0x02, 0x05, 0x06, 0x05, 0x03, 0x03, 0x01, 0x01, 0x02, 0x03,
    0x06, 0x03, 0x02, 0x01, 0x01, 0x06, 0x02, 0x02, 0x02, 0x03, 0x03, 0x02,
    0x02, 0x04, 0x00, 0xE3, 0x02, 0x15, 0x03, 0x15, 0x03, 0x12, 0x0A, 0x0C,
    0x0E, 0x09, 0x03, 0x03, 0x04, 0x03, 0x03, 0x08, 0x02, 0x04, 0x04, 0x03,
    0x03, 0x04, 0x00, 0xCA, 0x03, 0x15, 0x04, 0x14, 0x04, 0x14, 0x04, 0x14,
    0x04, 0x14, 0x04, 0x11, 0x0A, 0x0D, 0x0C, 0x06, 0x00, 0xCA, 0x04, 0x14,
    0x04, 0x14, 0x04, 0x14, 0x04, 0x14, 0x04, 0x14, 0x05, 0x13, 0x04, 0x13,
    0x06, 0x09, 0x00, 0xB2, 0x04, 0x14, 0x04, 0x14, 0x04, 0x14, 0x04, 0x14,
    0x04, 0x14, 0x05, 0x13, 0x04, 0x13, 0x06, 0x12, 0x06, 0x09, 0x00, 0x9A,
    0x04, 0x14, 0x04, 0x14, 0x04, 0x14, 0x04, 0x14, 0x04, 0x14, 0x05, 0x13,
    0x04, 0x13, 0x06, 0x12, 0x06, 0x12, 0x06, 0x09, 0x00, 0x83, 0x03, 0x14,
    0x04, 0x14, 0x04, 0x14, 0x04, 0x14, 0x04, 0x14, 0x04, 0x13, 0x06, 0x12,
    0x06, 0x12, 0x06, 0x12, 0x06, 0x12, 0x06, 0x09, 0x00, 0x82, 0x04, 0x14,
    0x04, 0x14, 0x04, 0x14, 0x04, 0x14, 0x04, 0x13, 0x05, 0x13, 0x06, 0x12,
    0x06, 0x12, 0x06, 0x12, 0x06, 0x12, 0x06, 0x09, 0x00, 0x6D, 0x01, 0x13,
    0x05, 0x14, 0x04, 0x14, 0x04, 0x14, 0x04, 0x14, 0x04, 0x13, 0x06, 0x12,
    0x06, 0x11, 0x07, 0x12, 0x06, 0x12, 0x06, 0x11, 0x07, 0x09, 0x00, 0x69,
    0x05, 0x13, 0x05, 0x13, 0x05, 0x13, 0x05, 0x13, 0x05, 0x13, 0x05, 0x13,
    0x06, 0x11, 0x08, 0x0F, 0x09, 0x0F, 0x08, 0x12, 0x06, 0x11, 0x07, 0x09,
    0x00, 0x54, 0x02, 0x12, 0x06, 0x12, 0x06, 0x12, 0x05, 0x14, 0x05, 0x12,
    0x06, 0x12, 0x06, 0x12, 0x08, 0x0F, 0x09, 0x0D, 0x0C, 0x0C, 0x0A, 0x0E,
    0x0A, 0x11, 0x07, 0x09, 0x00, 0x4F, 0x02, 0x01, 0x03, 0x12, 0x06, 0x12,
    0x06, 0x13, 0x05, 0x13, 0x05, 0x13, 0x06, 0x10, 0x08, 0x10, 0x09, 0x0F,
    0x0A, 0x0D, 0x0B, 0x0C, 0x0C, 0x0C, 0x04, 0x01, 0x06, 0x0D, 0x02, 0x02,
    0x07, 0x09, 0x00, 0x4E, 0x07, 0x11, 0x07, 0x11, 0x07, 0x12, 0x06, 0x12,
    0x06, 0x13, 0x06, 0x12, 0x07, 0x10, 0x08, 0x10, 0x08, 0x0F, 0x0A, 0x0D,
    0x0B, 0x0C, 0x0C, 0x0B, 0x0C, 0x09, 0x00, 0x0B, 0x02, 0x42, 0x07, 0x11,
    0x08, 0x11, 0x07, 0x11, 0x07, 0x11, 0x06, 0x12, 0x08, 0x11, 0x07, 0x10,
    0x09, 0x0F, 0x09, 0x0F, 0x09, 0x0E, 0x0A, 0x0E, 0x0A, 0x0D, 0x0B, 0x07,
    0x00, 0x0A, 0x04, 0x2C, 0x01, 0x01, 0x07, 0x0F, 0x0A, 0x0E, 0x0A, 0x0E,
    0x0A, 0x0E, 0x01, 0x02, 0x07, 0x0E, 0x0A, 0x0E, 0x0B, 0x0D, 0x0C, 0x0C,
    0x0C, 0x0C, 0x0D, 0x0B, 0x0D, 0x0B, 0x0D, 0x0B, 0x0D, 0x0B, 0x0D, 0x01,
    0x00, 0x09, 0x06, 0x12, 0x02, 0x02, 0x02, 0x12, 0x02, 0x02, 0x02, 0x12,
    0x06, 0x12, 0x06, 0x12, 0x06, 0x08, 0x01, 0x09, 0x06, 0x12, 0x06, 0x08,
    0x01, 0x09, 0x06, 0x08, 0x01, 0x09, 0x06, 0x06, 0x03, 0x09, 0x06, 0x05,
    0x04, 0x09, 0x06, 0x04, 0x05, 0x09, 0x06, 0x04, 0x05, 0x09, 0x06, 0x03,
    0x06, 0x09, 0x06, 0x03, 0x06, 0x09, 0x06, 0x03, 0x04, 0x01, 0x01, 0x00,
    0x06, 0x05, 0x03, 0x04, 0x0C, 0x05, 0x02, 0x05, 0x0C, 0x05, 0x02, 0x05,
    0x0C, 0x0C, 0x0C, 0x0C, 0x0C, 0x06, 0x01, 0x05, 0x0C, 0x06, 0x01, 0x05,
    0x0C, 0x0C, 0x0C, 0x0C, 0x0C, 0x0C, 0x0C, 0x0C, 0x0C, 0x0C, 0x0C, 0x0C,
    0x0C, 0x0C, 0x0C, 0x0C, 0x0C, 0x0C, 0x06, 0x00, 0x03, 0x08, 0x03, 0x07,
    0x06, 0x09, 0x01, 0x08, 0x06, 0x09, 0x01, 0x08, 0x06, 0x09, 0x01, 0x01,
    0x01, 0x06, 0x06, 0x09, 0x03, 0x06, 0x06, 0x09, 0x02, 0x07, 0x06, 0x09,
    0x02, 0x07, 0x06, 0x08, 0x02, 0x08, 0x06, 0x09, 0x01, 0x08, 0x06, 0x12,
    0x06, 0x12, 0x06, 0x12, 0x06, 0x12, 0x06, 0x12, 0x06, 0x12, 0x06, 0x12,
    0x03, 0x01, 0x0B, 0x03, 0x15, 0x03, 0x15, 0x01, 0x03, 0x02, 0x12, 0x01,
    0x01, 0x03, 0x13, 0x04, 0x15, 0x03, 0x16, 0x02, 0x15, 0x02, 0x16, 0x02,
    0x17, 0x02, 0x99, 0x01, 0x0B, 0x02, 0x01, 0x03, 0x12, 0x05, 0x13, 0x05,
    0x13, 0x05, 0x13, 0x05, 0x16, 0x03, 0x15, 0x03, 0x15, 0x03, 0x0F, 0x01,
    0x04, 0x06, 0x0D, 0x01, 0x04, 0x02, 0x01, 0x03, 0x95, 0x01, 0x0A, 0x06,
    0x07, 0x01, 0x0B, 0x05, 0x07, 0x01, 0x0B, 0x04, 0x08, 0x01, 0x0B, 0x06,
    0x06, 0x01, 0x0B, 0x05, 0x07, 0x01, 0x0A, 0x01, 0x02, 0x03, 0x07, 0x01,
    0x0D, 0x03, 0x07, 0x01, 0x0C, 0x07, 0x04, 0x01, 0x08, 0x01, 0x03, 0x06,
    0x05, 0x01, 0x08, 0x01, 0x03, 0x01, 0x0A, 0x01, 0x08, 0x01, 0x0E, 0x01,
    0x17, 0x01, 0x17, 0x01, 0x17, 0x01, 0x17, 0x01, 0x17, 0x01, 0x01, 0x06,
    0x04, 0x0A, 0x04, 0x06, 0x04, 0x0A, 0x04, 0x06, 0x04, 0x0A, 0x04, 0x06,
    0x04, 0x0A, 0x04, 0x06, 0x05, 0x09, 0x04, 0x06, 0x04, 0x0A, 0x04, 0x06,
    0x04, 0x0A, 0x04, 0x07, 0x04, 0x09, 0x04, 0x14, 0x04, 0x14, 0x04, 0x14,
    0x04, 0x14, 0x04, 0x14, 0x04, 0x14, 0x04, 0x14, 0x04, 0x14, 0x04, 0x01,
    0x03, 0x02, 0x0B, 0x08, 0x03, 0x02, 0x0B, 0x08, 0x10, 0x08, 0x03, 0x01,
    0x01, 0x01, 0x0A, 0x08, 0x04, 0x02, 0x0A, 0x08, 0x04, 0x01, 0x0B, 0x08,
    0x04, 0x01, 0x0B, 0x08, 0x10, 0x08, 0x10, 0x08, 0x10, 0x08, 0x10, 0x05,
    0x13, 0x05, 0x13, 0x05, 0x13, 0x04, 0x14, 0x04, 0x14, 0x04, 0x04, 0x01,
    0x03, 0x02, 0x08, 0x0B, 0x03, 0x01, 0x09, 0x0B, 0x0D, 0x0B, 0x0D, 0x0B,
    0x03, 0x01, 0x09, 0x0B, 0x03, 0x01, 0x09, 0x0B, 0x0D, 0x0B, 0x0D, 0x0B,
    0x0D, 0x0B, 0x0D, 0x08, 0x02, 0x01, 0x0D, 0x07, 0x03, 0x01, 0x0D, 0x06,
    0x12, 0x05, 0x13, 0x05, 0x13, 0x06, 0x04, 0x01, 0x0D, 0x07, 0x04, 0x01,
    0x02, 0x01, 0x09, 0x0C, 0x02, 0x02, 0x08, 0x0C, 0x02, 0x01, 0x09, 0x0C,
    0x02, 0x01, 0x09, 0x0C, 0x03, 0x01, 0x08, 0x0C, 0x0C, 0x0C, 0x0C, 0x0C,
    0x0C, 0x0C, 0x0C, 0x0C, 0x0C, 0x08, 0x03, 0x01, 0x0C, 0x07, 0x04, 0x01,
    0x0C, 0x07, 0x11, 0x07, 0x11, 0x07, 0x11, 0x08, 0x03, 0x01, 0x0C, 0x08,
    0x03, 0x01, 0x01, 0x02, 0x01, 0x09, 0x0C, 0x02, 0x02, 0x08, 0x0C, 0x02,
    0x01, 0x09, 0x0C, 0x02, 0x01, 0x09, 0x0C, 0x03, 0x01, 0x08, 0x0C, 0x0C,
    0x0C, 0x0C, 0x0C, 0x0C, 0x0C, 0x0C, 0x0C, 0x0C, 0x08, 0x03, 0x01, 0x0C,
    0x07, 0x04, 0x01, 0x0C, 0x06, 0x05, 0x01, 0x0C, 0x06, 0x12, 0x07, 0x04,
    0x01, 0x0C, 0x08, 0x03, 0x01, 0x0C, 0x08, 0x03, 0x01, 0x01, 0x02, 0x01,
    0x09, 0x0C, 0x02, 0x02, 0x08, 0x0C, 0x02, 0x01, 0x09, 0x0C, 0x02, 0x01,
    0x09, 0x0C, 0x02, 0x01, 0x09, 0x0C, 0x0C, 0x0C, 0x0C, 0x0C, 0x0C, 0x0C,
    0x0C, 0x0C, 0x0C, 0x08, 0x02, 0x02, 0x0C, 0x08, 0x02, 0x02, 0x0C, 0x07,
    0x04, 0x01, 0x0C, 0x07, 0x11, 0x07, 0x04, 0x01, 0x0C, 0x08, 0x03, 0x01,
    0x0C, 0x08, 0x03, 0x01, 0x01, 0x02, 0x01, 0x09, 0x0C, 0x02, 0x02, 0x08,
    0x0C, 0x02, 0x01, 0x09, 0x0C, 0x02, 0x01, 0x09, 0x0C, 0x0C, 0x0C, 0x0C,
    0x0C, 0x0C, 0x0C, 0x0C, 0x0C, 0x0C, 0x0C, 0x0C, 0x08, 0x03, 0x01, 0x0C,
    0x07, 0x04, 0x01, 0x0C, 0x06, 0x12, 0x06, 0x12, 0x07, 0x04, 0x01, 0x0C,
    0x08, 0x03, 0x01, 0x0C, 0x08, 0x03, 0x01, 0x01, 0x01, 0x03, 0x08, 0x0C,
    0x02, 0x02, 0x08, 0x0C, 0x02, 0x01, 0x09, 0x0C, 0x02, 0x01, 0x09, 0x0C,
    0x02, 0x01, 0x09, 0x0C, 0x0C, 0x0C, 0x0C, 0x0C, 0x0C, 0x0C, 0x0C, 0x0C,
    0x0C, 0x08, 0x03, 0x01, 0x0C, 0x07, 0x04, 0x01, 0x0C, 0x06, 0x12, 0x06,
    0x05, 0x01, 0x0C, 0x08, 0x03, 0x01, 0x0C, 0x08, 0x03, 0x01, 0x0C, 0x08,
    0x03, 0x01, 0x00, 0x03, 0x09, 0x0C, 0x01, 0x01, 0x0A, 0x0C, 0x01, 0x01,
    0x0A, 0x0C, 0x01, 0x01, 0x0A, 0x0C, 0x01, 0x01, 0x0A, 0x0C, 0x01, 0x01,
    0x0A, 0x0C, 0x01, 0x03, 0x08, 0x0C, 0x0C, 0x0C, 0x0C, 0x0A, 0x01, 0x01,
    0x0C, 0x08, 0x10, 0x08, 0x10, 0x07, 0x11, 0x07, 0x11, 0x07, 0x11, 0x09,
    0x0F, 0x08, 0x04, 0x01, 0x0C, 0x0C, 0x0C, 0x0C, 0x0C, 0x0C, 0x0C, 0x0C,
    0x0C, 0x0C, 0x0C, 0x0E, 0x0A, 0x0E, 0x0A, 0x0C, 0x0C, 0x0B, 0x0D, 0x0A,
    0x0E, 0x07, 0x02, 0x01, 0x0E, 0x06, 0x12, 0x06, 0x12, 0x06, 0x12, 0x07,
    0x11, 0x0A, 0x02, 0x01, 0x0F, 0x0A, 0x0E, 0x0E, 0x0A, 0x09, 0x01, 0x01,
    0x01, 0x01, 0x0A, 0x0A, 0x0E, 0x0A, 0x0E, 0x0A, 0x0D, 0x0B, 0x0D, 0x0B,
    0x0C, 0x0C, 0x0C, 0x0C, 0x0C, 0x0A, 0x0D, 0x07, 0x11, 0x08, 0x10, 0x08,
    0x0F, 0x07, 0x11, 0x08, 0x06, 0x00, 0x0F, 0x06, 0x0E, 0x01, 0x04, 0x05,
    0x0C, 0x05, 0x03, 0x04, 0x03, 0x01, 0x06, 0x09, 0x01, 0x04, 0x03, 0x10,
    0x02, 0x03, 0x03, 0x10, 0x02, 0x02, 0x04, 0x0F, 0x02, 0x02, 0x05, 0x10,
    0x08, 0x0C, 0x0C, 0x0B, 0x0D, 0x0B, 0x07, 0x05, 0x01, 0x0A, 0x06, 0x0C,
    0x02, 0x05, 0x03, 0x0E, 0x02, 0x16, 0x02, 0x16, 0x03, 0x11, 0x01, 0x06,
    0x09, 0x08, 0x01, 0x06, 0x0B, 0x06, 0x01, 0x07, 0x0B, 0x05, 0x01, 0x07,
    0x0C, 0x04, 0x01, 0x08, 0x0B, 0x04, 0x01, 0x0B, 0x01, 0x04, 0x03, 0x04,
    0x01, 0x10, 0x03, 0x04, 0x01, 0x10, 0x03, 0x04, 0x01, 0x03, 0x01, 0x09,
    0x05, 0x04, 0x02, 0x02, 0x02, 0x09, 0x05, 0x03, 0x03, 0x02, 0x02, 0x0A,
    0x03, 0x03, 0x04, 0x02, 0x02, 0x0C, 0x08, 0x02, 0x02, 0x0E, 0x06, 0x02,
    0x02, 0x0F, 0x05, 0x02, 0x02, 0x10, 0x04, 0x02, 0x02, 0x12, 0x02, 0x01,
    0x07, 0x0A, 0x11, 0x08, 0x12, 0x07, 0x12, 0x07, 0x11, 0x08, 0x10, 0x08,
    0x0A, 0x01, 0x05, 0x08, 0x10, 0x09, 0x0F, 0x02, 0x02, 0x04, 0x03, 0x01,
    0x0B, 0x02, 0x04, 0x03, 0x03, 0x02, 0x0A, 0x02, 0x04, 0x03, 0x02, 0x03,
    0x0A, 0x04, 0x01, 0x03, 0x02, 0x04, 0x0B, 0x07, 0x01, 0x06, 0x0B, 0x0D,
    0x11, 0x08, 0x0F, 0x05, 0x00, 0x04, 0x14, 0x03, 0x0F, 0x02, 0x04, 0x02,
    0x0A, 0x01, 0x05, 0x03, 0x03, 0x01, 0x0B, 0x01, 0x05, 0x03, 0x03, 0x01,
    0x11, 0x04, 0x02, 0x01, 0x11, 0x04, 0x13, 0x06, 0x11, 0x07, 0x0C, 0x0C,
    0x09, 0x0E, 0x02, 0x01, 0x06, 0x0F, 0x02, 0x01, 0x06, 0x03, 0x03, 0x09,
    0x02, 0x01, 0x05, 0x04, 0x03, 0x08, 0x03, 0x02, 0x04, 0x04, 0x03, 0x07,
    0x04, 0x03, 0x04, 0x04, 0x01, 0x08, 0x04, 0x04, 0x03, 0x0B, 0x06, 0x00,
    0x03, 0x12, 0x05, 0x03, 0x03, 0x0E, 0x04, 0x01, 0x07, 0x0D, 0x0C, 0x0C,
    0x01, 0x01, 0x05, 0x02, 0x04, 0x0D, 0x04, 0x04, 0x03, 0x0D, 0x04, 0x04,
    0x03, 0x0D, 0x04, 0x03, 0x04, 0x0D, 0x0A, 0x0E, 0x0A, 0x06, 0x01, 0x07,
    0x0A, 0x06, 0x01, 0x08, 0x09, 0x0F, 0x0A, 0x0F, 0x09, 0x10, 0x09, 0x10,
    0x0B, 0x08, 0x01, 0x04, 0x10, 0x02, 0x02, 0x03, 0x12, 0x01, 0x02, 0x02,
    0x16, 0x02, 0x0E, 0x02, 0x05, 0x02, 0x0E, 0x04, 0x04, 0x02, 0x03, 0x05,
    0x06, 0x04, 0x04, 0x01, 0x03, 0x08, 0x04, 0x03, 0x04, 0x02, 0x01, 0x0B,
    0x0A, 0x02, 0x01, 0x0C, 0x08, 0x12, 0x04, 0x0B, 0x02, 0x16, 0x02, 0x3F,
    0x01, 0x17, 0x01, 0x16, 0x02, 0x00, 0x01, 0x13, 0x01, 0x03, 0x01, 0x13,
    0x02, 0x0E, 0x02, 0x06, 0x02, 0x16, 0x03, 0x15, 0x04, 0x13, 0x05, 0x12,
    0x06, 0x11, 0x07, 0x0A, 0x0E, 0x07, 0x11, 0x06, 0x12, 0x06, 0x12, 0x05,
    0x04, 0x04, 0x0A, 0x06, 0x04, 0x04, 0x09, 0x02, 0x01, 0x04, 0x04, 0x04,
    0x09, 0x02, 0x01, 0x04, 0x10, 0x03, 0x01, 0x03, 0x0B, 0x09, 0x01, 0x02,
    0x05, 0x03, 0x04, 0x0B, 0x06, 0x04, 0x04, 0x09, 0x07, 0x04, 0x04, 0x09,
    0x07, 0x03, 0x04, 0x0A, 0x0E, 0x0A, 0x0D, 0x0B, 0x0C, 0x0C, 0x0A, 0x0E,
    0x09, 0x0F, 0x09, 0x0F, 0x09, 0x0F, 0x08, 0x06, 0x02, 0x09, 0x07, 0x06,
    0x02, 0x0A, 0x07, 0x12, 0x06, 0x0F, 0x01, 0x0A, 0x0C, 0x0D, 0x0C, 0x0D,
    0x0C, 0x0C, 0x0C, 0x0D, 0x0B, 0x05, 0x02, 0x06, 0x0B, 0x05, 0x02, 0x06,
    0x0B, 0x0D, 0x0B, 0x0C, 0x05, 0x03, 0x04, 0x0C, 0x04, 0x04, 0x04, 0x0C,
    0x04, 0x04, 0x04, 0x0C, 0x05, 0x03, 0x04, 0x0D, 0x0B, 0x0E, 0x0A, 0x0F,
    0x07, 0x13, 0x03, 0x04, 0x01, 0x64, 0x02, 0x14, 0x07, 0x08, 0x03, 0x04,
    0x0A, 0x07, 0x02, 0x05, 0x0B, 0x0D, 0x04, 0x03, 0x05, 0x0C, 0x03, 0x05,
    0x04, 0x0C, 0x03, 0x05, 0x05, 0x0B, 0x04, 0x03, 0x08, 0x08, 0x49, 0x01,
    0x16, 0x01, 0x01, 0x01, 0x09, 0x05, 0x05, 0x04, 0x0A, 0x05, 0x05, 0x04,
    0x0A, 0x05, 0x05, 0x04, 0x0B, 0x03, 0x06, 0x04, 0x13, 0x05, 0x12, 0x06,
    0x11, 0x07, 0x0E, 0x0A, 0x07, 0x11, 0x05, 0x13, 0x04, 0x14, 0x04, 0x14,
    0x03, 0x15, 0x03, 0x07, 0x02, 0x0C, 0x03, 0x07, 0x03, 0x0B, 0x03, 0x15,
    0x00, 0x1A, 0x05, 0x11, 0x09, 0x0F, 0x0B, 0x06, 0x03, 0x04, 0x0B, 0x06,
    0x04, 0x03, 0x0C, 0x05, 0x04, 0x03, 0x0C, 0x05, 0x04, 0x03, 0x0C, 0x0C,
    0x0D, 0x0B, 0x04, 0x02, 0x07, 0x0B, 0x04, 0x03, 0x06, 0x0B, 0x05, 0x01,
    0x08, 0x0A, 0x0F, 0x09, 0x11, 0x05, 0x32, 0x01, 0x0D, 0x0B, 0x0D, 0x0B,
    0x0D, 0x0B, 0x0D, 0x0B, 0x0D, 0x0B, 0x0D, 0x0B, 0x0D, 0x05, 0x03, 0x03,
    0x03, 0x03, 0x07, 0x04, 0x05, 0x02, 0x03, 0x03, 0x06, 0x05, 0x05, 0x02,
    0x0C, 0x06, 0x03, 0x03, 0x0C, 0x0C, 0x0C, 0x0C, 0x0C, 0x0C, 0x0C, 0x0C,
    0x0C, 0x0C, 0x0D, 0x0B, 0x01, 0x09, 0x0F, 0x09, 0x0F, 0x09, 0x0F, 0x09,
    0x0F, 0x09, 0x0F, 0x09, 0x0F, 0x09, 0x05, 0x04, 0x08, 0x07, 0x02, 0x0B,
    0x04, 0x07, 0x02, 0x0B, 0x02, 0x09, 0x05, 0x04, 0x06, 0x09, 0x0F, 0x09,
    0x0F, 0x09, 0x0F, 0x09, 0x0F, 0x09, 0x0F, 0x09, 0x0F, 0x01, 0x06, 0x12,
    0x06, 0x12, 0x06, 0x12, 0x06, 0x12, 0x06, 0x07, 0x03, 0x08, 0x06, 0x05,
    0x06, 0x07, 0x06, 0x05, 0x07, 0x06, 0x06, 0x07, 0x05, 0x06, 0x06, 0x07,
    0x09, 0x02, 0x06, 0x01, 0x10, 0x01, 0x06, 0x02, 0x0F, 0x01, 0x06, 0x05,
    0x01, 0x03, 0x03, 0x02, 0x03, 0x01, 0x06, 0x12, 0x06, 0x12, 0x06, 0x12,
    0x06, 0x12, 0x01, 0x05, 0x13, 0x05, 0x13, 0x05, 0x13, 0x05, 0x13, 0x05,
    0x13, 0x05, 0x07, 0x03, 0x09, 0x05, 0x06, 0x05, 0x08, 0x05, 0x08, 0x03,
    0x08, 0x05, 0x08, 0x04, 0x07, 0x05, 0x03, 0x0D, 0x03, 0x05, 0x05, 0x02,
    0x01, 0x08, 0x03, 0x05, 0x09, 0x02, 0x02, 0x02, 0x04, 0x05, 0x13, 0x05,
    0x13, 0x05, 0x13, 0x05, 0x13, 0x01, 0x06, 0x12, 0x06, 0x12, 0x06, 0x12,
    0x06, 0x12, 0x06, 0x12, 0x06, 0x12, 0x06, 0x07, 0x04, 0x07, 0x06, 0x08,
    0x04, 0x06, 0x06, 0x08, 0x04, 0x06, 0x06, 0x03, 0x04, 0x01, 0x06, 0x04,
    0x06, 0x04, 0x0C, 0x02, 0x06, 0x08, 0x09, 0x01, 0x06, 0x0A, 0x02, 0x01,
    0x04, 0x01, 0x06, 0x12, 0x06, 0x12, 0x06, 0x12, 0x01, 0x07, 0x11, 0x07,
    0x11, 0x07, 0x11, 0x07, 0x11, 0x07, 0x09, 0x01, 0x07, 0x07, 0x09, 0x03,
    0x05, 0x07, 0x09, 0x04, 0x05, 0x06, 0x03, 0x03, 0x03, 0x03, 0x05, 0x07,
    0x04, 0x09, 0x04, 0x07, 0x06, 0x0A, 0x01, 0x07, 0x09, 0x0F, 0x0A, 0x0E,
    0x0E, 0x0A, 0x11, 0x07, 0x11, 0x07, 0x11, 0x01, 0x10, 0x07, 0x11, 0x08,
    0x10, 0x08, 0x10, 0x08, 0x10, 0x08, 0x10, 0x08, 0x06, 0x02, 0x08, 0x08,
    0x06, 0x03, 0x07, 0x08, 0x06, 0x03, 0x07, 0x08, 0x10, 0x08, 0x10, 0x08,
    0x10, 0x08, 0x10, 0x08, 0x10, 0x08, 0x10, 0x08, 0x10, 0x08, 0x01, 0x83,
    0x02, 0x15, 0x04, 0x15, 0x03, 0x15, 0x02, 0x24, 0x0D, 0x0A, 0x0C, 0x0C,
    0x0A, 0x0E, 0x0A, 0x0E, 0x0A, 0x0E, 0x0A, 0x0E, 0x01, 0x01, 0x06, 0x11,
    0x08, 0x10, 0x08, 0x10, 0x07, 0x11, 0x06, 0x12, 0x06, 0x13, 0x04, 0x15,
    0x04, 0x14, 0x04, 0x14, 0x05, 0x09, 0x01, 0x09, 0x06, 0x07, 0x02, 0x09,
    0x0C, 0x0C, 0x0C, 0x0B, 0x0D, 0x0B, 0x0D, 0x0B, 0x0D, 0x0A, 0x01, 0x50,
    0x02, 0x15, 0x04, 0x14, 0x04, 0x14, 0x03, 0x15, 0x02, 0x17, 0x02, 0x16,
    0x02, 0x07, 0x01, 0x0E, 0x04, 0x03, 0x01, 0x10, 0x03, 0x01, 0x04, 0x10,
    0x03, 0x01, 0x05, 0x0F, 0x03, 0x02, 0x04, 0x0F, 0x03, 0x02, 0x03, 0x10,
    0x03, 0x02, 0x01, 0x0A, 0x01, 0x69, 0x03, 0x14, 0x04, 0x14, 0x03, 0x16,
    0x01, 0x17, 0x02, 0x16, 0x02, 0x04, 0x01, 0x11, 0x03, 0x15, 0x03, 0x01,
    0x02, 0x12, 0x07, 0x11, 0x07, 0x11, 0x02, 0x02, 0x03, 0x11, 0x03, 0x01,
    0x02, 0x09, 0x01, 0x09, 0x01, 0x16, 0x04, 0x01, 0x02, 0x11, 0x07, 0x11,
    0x06, 0x12, 0x06, 0x12, 0x05, 0x13, 0x04, 0x15, 0x03, 0x15, 0x04, 0x14,
    0x05, 0x01, 0x02, 0x10, 0x05, 0x01, 0x02, 0x11, 0x05, 0x13, 0x05, 0x13,
    0x05, 0x12, 0x07, 0x11, 0x07, 0x08, 0x00, 0xFF, 0x00, 0x81, 0x00, 0xFF,
    0x00, 0x81, 0x00, 0xFF, 0x00, 0x81, 0x00, 0xFF, 0x00, 0x81, 0x00, 0xFF,
    0x00, 0x81, 0x00, 0xFF, 0x00, 0x81};

#endif // VIDEO_DATA_FILE
